Date;Index_Symbol;Index_Name;Index_ISIN;Index_Type;Index_Currency;Index_Open;Index_Settlement_Value;Index_Value_high;Index_Value_low;Index_Close;Index_Component_Count;Index_Float;Index_Mcap_Units;Index_Divisor;Valor_Number;ISIN;RIC;Instrument_Name;Nominal_Amount;Close_unadjusted_local;Accrued_interest;Yield_to_worst;Duration_to_worst;Mcap_Units_local;Mcap_Units_Index_Currency;Weight;Admission_Date;Deletion_Date;Last_Payment_Date;Next_Payment_Date;YTW_Flag;Earliest_Redemption_Date;Expiration_Date;Repayment_at_FC;Repayment_at_Maturity;Remaining_of_Maturity;SBI_Sector_Code;Coupon;Composite_Rating;FX_local_to_Index_Currency;Guarantee_Collateral_Code;Domicile_Code;Issuer_ID
2026-01-30;SBR14D;SBI AAA-BBB D;CH0027441929;Duration;CHF;;;;;7.12;1988;;;;868037;CH0008680370;CH868037=S;4 EIDG AP 98-28;5612455000;108.9900000;3.2444444;-0.100;2.082;6299107689;6299107689;;1998-10-01;2027-04-30;2025-04-08;2026-04-08;Maturity;2028-04-08;2028-04-08;100.0;100.0;2.27;Swiss Government;4.0000;AAA;1.0000000;51010100;CH;001086
2026-01-30;SBR14D;SBI AAA-BBB D;CH0027441929;Duration;CHF;;;;;7.12;1988;;;;1580323;CH0015803239;CH1580323=S;3.50 EIDG 03-33;4703860000;123.7400000;2.8388889;0.174;6.418;5954093723;5954093723;;2003-04-16;2032-04-30;2025-04-08;2026-04-08;Maturity;2033-04-08;2033-04-08;100.0;100.0;7.27;Swiss Government;3.5000;AAA;1.0000000;51010100;CH;001086
2026-01-30;SBR14D;SBI AAA-BBB D;CH0027441929;Duration;CHF;;;;;7.12;1988;;;;2452496;CH0024524966;CH2452496=S;2.50 EIDG 06-36;4571740000;122.7400000;2.2361111;0.222;9.013;5713582862;5713582862;;2006-03-15;2035-03-30;2025-03-08;2026-03-08;Maturity;2036-03-08;2036-03-08;100.0;100.0;10.19;Swiss Government;2.5000;AAA;1.0000000;51010100;CH;001086
2026-01-30;SBR14D;SBI AAA-BBB D;CH0027441929;Duration;CHF;;;;;7.12;1988;;;;22439700;CH0224397007;CH22439700=S;2 EIDG 14-64;3579555000;158.1500000;1.1944444;0.372;29.527;5703822028;5703822028;;2014-07-01;2063-06-29;2025-06-25;2026-06-25;Maturity;2064-06-25;2064-06-25;100.0;100.0;38.48;Swiss Government;2.0000;AAA;1.0000000;51010100;CH;001086
2026-01-30;SBR14D;SBI AAA-BBB D;CH0027441929;Duration;CHF;;;;;7.12;1988;;;;12718116;CH0127181169;CH12718116=S;1.50 EIDG 12-42;4365965000;116.8200000;1.1250000;0.426;14.558;5149437419;5149437419;;2012-05-02;2041-04-30;2025-04-30;2026-04-30;Maturity;2042-04-30;2042-04-30;100.0;100.0;16.33;Swiss Government;1.5000;AAA;1.0000000;51010100;CH;001086
2026-01-30;SBR14D;SBI AAA-BBB D;CH0027441929;Duration;CHF;;;;;7.12;1988;;;;12718119;CH0127181193;CH12718119=S;1.25 EIDG 12-37;4574274000;110.7600000;0.7395833;0.290;10.676;5100296451;5100296451;;2012-07-02;2036-06-30;2025-06-27;2026-06-27;Maturity;2037-06-27;2037-06-27;100.0;100.0;11.49;Swiss Government;1.2500;AAA;1.0000000;51010100;CH;001086
2026-01-30;SBR14D;SBI AAA-BBB D;CH0027441929;Duration;CHF;;;;;7.12;1988;;;;22439734;CH0224397346;CH22439734=S;0 EIDG 16-29;4992375000;100.1700000;0.0000000;-0.050;3.394;5000862038;5000862038;;2016-07-01;2028-06-30;2019-06-22;2020-06-22;Maturity;2029-06-22;2029-06-22;100.0;100.0;3.48;Swiss Government;0.0000;AAA;1.0000000;51010100;CH;001086
2026-01-30;SBR14D;SBI AAA-BBB D;CH0027441929;Duration;CHF;;;;;7.12;1988;;;;975519;CH0009755197;CH975519=S;4 EIDG JA 98-49;2790820000;177.1200000;0.2666667;0.452;17.427;4950542571;4950542571;;1999-01-29;2048-01-31;2026-01-06;2027-01-06;Maturity;2049-01-06;2049-01-06;100.0;100.0;23.01;Swiss Government;4.0000;AAA;1.0000000;51010100;CH;001086
2026-01-30;SBR14D;SBI AAA-BBB D;CH0027441929;Duration;CHF;;;;;7.12;1988;;;;34495849;CH0344958498;CH34495849=S;0.50 EIDG 17-45;4119700000;101.1500000;0.2944444;0.438;18.500;4179206778;4179206778;;2017-07-03;2044-06-30;2025-06-28;2026-06-28;Maturity;2045-06-28;2045-06-28;100.0;100.0;19.49;Swiss Government;0.5000;AAA;1.0000000;51010100;CH;001086
2026-01-30;SBR14D;SBI AAA-BBB D;CH0027441929;Duration;CHF;;;;;7.12;1988;;;;22439717;CH0224397171;CH22439717=S;0.50 EIDG 15-30;4049987000;102.0500000;0.3375000;0.026;4.276;4146680440;4146680440;;2015-06-01;2029-05-31;2025-05-27;2026-05-27;Maturity;2030-05-27;2030-05-27;100.0;100.0;4.41;Swiss Government;0.5000;AAA;1.0000000;51010100;CH;001086
2026-01-30;SBR14D;SBI AAA-BBB D;CH0027441929;Duration;CHF;;;;;7.12;1988;;;;34495868;CH0344958688;CH34495868=S;0.50 EIDG 18-32;3799960000;102.2100000;0.2958333;0.153;6.306;3895180664;3895180664;;2018-07-02;2031-06-30;2025-06-27;2026-06-27;Maturity;2032-06-27;2032-06-27;100.0;100.0;6.49;Swiss Government;0.5000;AAA;1.0000000;51010100;CH;001086
2026-01-30;SBR14D;SBI AAA-BBB D;CH0027441929;Duration;CHF;;;;;7.12;1988;;;;12718102;CH0127181029;CH12718102=S;2.25 EIDG 11-31;3378465000;111.5300000;1.3625000;0.105;5.096;3814033600;3814033600;;2011-07-01;2030-06-28;2025-06-22;2026-06-22;Maturity;2031-06-22;2031-06-22;100.0;100.0;5.47;Swiss Government;2.2500;AAA;1.0000000;51010100;CH;001086
2026-01-30;SBR14D;SBI AAA-BBB D;CH0027441929;Duration;CHF;;;;;7.12;1988;;;;44008139;CH0440081393;CH44008139=S;0 EIDG 19-34;3687163000;98.4400000;0.0000000;0.187;8.406;3629643257;3629643257;;2019-07-01;2033-06-30;2019-06-26;2020-06-26;Maturity;2034-06-26;2034-06-26;100.0;100.0;8.49;Swiss Government;0.0000;AAA;1.0000000;51010100;CH;001086
2026-01-30;SBR14D;SBI AAA-BBB D;CH0027441929;Duration;CHF;;;;;7.12;1988;;;;3183556;CH0031835561;CH3183556=S;3.25 EIDG 07-27;3080515000;104.7600000;1.9229167;-0.124;1.378;3286383250;3286383250;;2007-07-02;2026-06-30;2025-06-27;2026-06-27;Maturity;2027-06-27;2027-06-27;100.0;100.0;1.49;Swiss Government;3.2500;AAA;1.0000000;51010100;CH;001086
2026-01-30;SBR14D;SBI AAA-BBB D;CH0027441929;Duration;CHF;;;;;7.12;1988;;;;55777831;CH0557778310;CH55777831=S;0.25 EIDG 21-35;3233175000;100.2400000;0.1506944;0.224;9.286;3245806835;3245806835;;2021-07-01;2034-06-30;2025-06-23;2026-06-23;Maturity;2035-06-23;2035-06-23;100.0;100.0;9.48;Swiss Government;0.2500;AAA;1.0000000;51010100;CH;001086
2026-01-30;SBR14D;SBI AAA-BBB D;CH0027441929;Duration;CHF;;;;;7.12;1988;;;;34495847;CH0344958472;CH34495847=S;0.50 EIDG 17-55;3153770000;102.5600000;0.3416667;0.407;27.283;3245281893;3245281893;;2017-06-01;2054-05-29;2025-05-24;2026-05-24;Maturity;2055-05-24;2055-05-24;100.0;100.0;29.40;Swiss Government;0.5000;AAA;1.0000000;51010100;CH;001086
2026-01-30;SBR14D;SBI AAA-BBB D;CH0027441929;Duration;CHF;;;;;7.12;1988;;;;44008140;CH0440081401;CH44008140=S;0 EIDG 19-39;3298675000;95.3100000;0.0000000;0.357;13.483;3143967142;3143967142;;2019-08-02;2038-07-30;2019-07-24;2020-07-24;Maturity;2039-07-24;2039-07-24;100.0;100.0;13.56;Swiss Government;0.0000;AAA;1.0000000;51010100;CH;001086
2026-01-30;SBR14D;SBI AAA-BBB D;CH0027441929;Duration;CHF;;;;;7.12;1988;;;;44008156;CH0440081567;CH44008156=S;1.50 EIDG 22-38;2658800000;114.4500000;0.3916667;0.339;11.735;3053410233;3053410233;;2022-11-01;2037-10-30;2025-10-26;2026-10-26;Maturity;2038-10-26;2038-10-26;100.0;100.0;12.82;Swiss Government;1.5000;AAA;1.0000000;51010100;CH;001086
2026-01-30;SBR14D;SBI AAA-BBB D;CH0027441929;Duration;CHF;;;;;7.12;1988;;;;55777881;CH0557778815;CH55777881=S;1.25 EIDG 23-43;2602765000;113.7700000;0.7361111;0.428;15.781;2980324983;2980324983;;2023-07-03;2042-06-30;2025-06-28;2026-06-28;Maturity;2043-06-28;2043-06-28;100.0;100.0;17.49;Swiss Government;1.2500;AAA;1.0000000;51010100;CH;001086
2026-01-30;SBR14D;SBI AAA-BBB D;CH0027441929;Duration;CHF;;;;;7.12;1988;;;;22439733;CH0224397338;CH22439733=S;0.50 EIDG 16-58;2800190000;103.7600000;0.3333333;0.376;29.896;2914811111;2914811111;;2016-06-01;2057-05-31;2025-05-30;2026-05-30;Maturity;2058-05-30;2058-05-30;100.0;100.0;32.41;Swiss Government;0.5000;AAA;1.0000000;51010100;CH;001086
2026-01-30;SBR14D;SBI AAA-BBB D;CH0027441929;Duration;CHF;;;;;7.12;1988;;;;55777900;CH0557779003;CH55777900=S;0.875 EIDG 24-47;1603201000;108.7200000;0.6027778;0.445;19.518;1752663867;1752663867;;2024-06-03;2046-05-31;2025-05-22;2026-05-22;Maturity;2047-05-22;2047-05-22;100.0;100.0;21.39;Swiss Government;0.8750;AAA;1.0000000;51010100;CH;001086
2026-01-30;SBR14D;SBI AAA-BBB D;CH0027441929;Duration;CHF;;;;;7.12;1988;;;;2063214;CH0020632144;CH2063214=S;2.875 OKB 05-30;1090000000;110.1000000;2.6753472;0.370;3.816;1229251285;1229251285;;2005-03-01;2029-02-28;2025-02-25;2026-02-25;Maturity;2030-02-25;2030-02-25;100.0;100.0;4.15;Foreign Government;2.8750;AA;1.0000000;52015100;AT;001627
2026-01-30;SBR14D;SBI AAA-BBB D;CH0027441929;Duration;CHF;;;;;7.12;1988;;;;30617374;CH0306173748;CH30617374=S;0.50 PZ S474 15-30;1200000000;100.4600000;0.1805556;0.400;4.590;1207686667;1207686667;;2015-12-16;2029-09-28;2025-09-20;2026-09-20;Maturity;2030-09-20;2030-09-20;100.0;100.0;4.72;Swiss Pfandbrief;0.5000;AAA;1.0000000;61010100;CH;001211
2026-01-30;SBR14D;SBI AAA-BBB D;CH0027441929;Duration;CHF;;;;;7.12;1988;;;;35259588;CH0352595885;CH35259588=S;0.375 PZ S489 17-27;1200000000;100.4100000;0.1343750;0.125;1.638;1206532500;1206532500;;2017-03-01;2026-09-30;2025-09-21;2026-09-21;Maturity;2027-09-21;2027-09-21;100.0;100.0;1.72;Swiss Pfandbrief;0.3750;AAA;1.0000000;61010100;CH;001211
2026-01-30;SBR14D;SBI AAA-BBB D;CH0027441929;Duration;CHF;;;;;7.12;1988;;;;118921790;CH1189217909;CH18921790=S;1.65 PZ S557 22-32;1076000000;107.1500000;0.1787500;0.588;6.574;1154857350;1154857350;;2022-07-19;2031-12-31;2025-12-21;2026-12-21;Maturity;2032-12-21;2032-12-21;100.0;100.0;6.97;Swiss Pfandbrief;1.6500;AAA;1.0000000;61010100;CH;001211
2026-01-30;SBR14D;SBI AAA-BBB D;CH0027441929;Duration;CHF;;;;;7.12;1988;;;;26343298;CH0263432988;CH26343298=S;1 PZ S459 14-28;1120000000;102.0500000;0.3555556;0.222;2.615;1146942222;1146942222;;2015-01-05;2027-09-30;2025-09-22;2026-09-22;Maturity;2028-09-22;2028-09-22;100.0;100.0;2.73;Swiss Pfandbrief;1.0000;AAA;1.0000000;61010100;CH;001211
2026-01-30;SBR14D;SBI AAA-BBB D;CH0027441929;Duration;CHF;;;;;7.12;1988;;;;12433893;CH0124338937;CH12433893=S;2.625 PB S548 11-31;1000000000;110.8600000;2.5229167;0.441;4.694;1133829167;1133829167;;2011-03-01;2030-02-28;2025-02-14;2026-02-14;Maturity;2031-02-14;2031-02-14;100.0;100.0;5.12;Swiss Pfandbrief;2.6250;AAA;1.0000000;61010100;CH;001205
2026-01-30;SBR14D;SBI AAA-BBB D;CH0027441929;Duration;CHF;;;;;7.12;1988;;;;27348539;CH0273485398;CH27348539=S;0.625 PZ S462 15-29;1026000000;101.1600000;0.3368056;0.288;3.424;1041357225;1041357225;;2015-03-18;2028-07-31;2025-07-16;2026-07-16;Maturity;2029-07-16;2029-07-16;100.0;100.0;3.54;Swiss Pfandbrief;0.6250;AAA;1.0000000;61010100;CH;001211
2026-01-30;SBR14D;SBI AAA-BBB D;CH0027441929;Duration;CHF;;;;;7.12;1988;;;;39863357;CH0398633575;CH398633575=S;0.625 PZ S507 18-29;1000000000;101.1100000;0.5590278;0.266;3.069;1016690278;1016690278;;2018-11-20;2028-03-31;2025-03-08;2026-03-08;Maturity;2029-03-08;2029-03-08;100.0;100.0;3.19;Swiss Pfandbrief;0.6250;AAA;1.0000000;61010100;CH;001211
2026-01-30;SBR14D;SBI AAA-BBB D;CH0027441929;Duration;CHF;;;;;7.12;1988;;;;119106618;CH1191066187;CH19106618=S;1.50 PB S720 22-33;945000000;106.4800000;0.6000000;0.624;7.214;1011906000;1011906000;;2022-06-14;2032-09-30;2025-09-06;2026-09-06;Maturity;2033-09-06;2033-09-06;100.0;100.0;7.68;Swiss Pfandbrief;1.5000;AAA;1.0000000;61010100;CH;001205
2026-01-30;SBR14D;SBI AAA-BBB D;CH0027441929;Duration;CHF;;;;;7.12;1988;;;;131996868;CH1319968686;CH31996868=S;1.45 PZ S592 24-33;952000000;106.0200000;0.2134722;0.661;7.478;1011342656;1011342656;;2024-05-14;2032-12-31;2025-12-07;2026-12-07;Maturity;2033-12-07;2033-12-07;100.0;100.0;7.93;Swiss Pfandbrief;1.4500;AAA;1.0000000;61010100;CH;001211
2026-01-30;SBR14D;SBI AAA-BBB D;CH0027441929;Duration;CHF;;;;;7.12;1988;;;;35767617;CH0357676177;CH35767617=S;0.50 PZ S493 17-29;1000000000;100.6800000;0.1500000;0.315;3.670;1008300000;1008300000;;2017-04-19;2028-10-31;2025-10-12;2026-10-12;Maturity;2029-10-12;2029-10-12;100.0;100.0;3.78;Swiss Pfandbrief;0.5000;AAA;1.0000000;61010100;CH;001211
2026-01-30;SBR14D;SBI AAA-BBB D;CH0027441929;Duration;CHF;;;;;7.12;1988;;;;123949498;CH1239494987;CH23949498=S;1.75 PB S732 23-29;948000000;104.6400000;1.4972222;0.266;3.046;1006180867;1006180867;;2023-01-17;2028-03-31;2025-03-22;2026-03-22;Maturity;2029-03-22;2029-03-22;100.0;100.0;3.23;Swiss Pfandbrief;1.7500;AAA;1.0000000;61010100;CH;001205
2026-01-30;SBR14D;SBI AAA-BBB D;CH0027441929;Duration;CHF;;;;;7.12;1988;;;;36017276;CH0360172768;CH36017276=S;0.25 PB S647 17-27;1000000000;100.2600000;0.0083333;-0.019;0.967;1002683333;1002683333;;2017-04-19;2026-01-30;2026-01-18;2027-01-18;Maturity;2027-01-18;2027-01-18;100.0;100.0;1.05;Swiss Pfandbrief;0.2500;AAA;1.0000000;61010100;CH;001205
2026-01-30;SBR14D;SBI AAA-BBB D;CH0027441929;Duration;CHF;;;;;7.12;1988;;;;37347619;CH0373476198;CH37347619=S;0.25 PZ S498 17-27;1000000000;100.1800000;0.0375000;0.152;1.848;1002175000;1002175000;;2017-12-20;2026-12-30;2025-12-06;2026-12-06;Maturity;2027-12-06;2027-12-06;100.0;100.0;1.93;Swiss Pfandbrief;0.2500;AAA;1.0000000;61010100;CH;001211
2026-01-30;SBR14D;SBI AAA-BBB D;CH0027441929;Duration;CHF;;;;;7.12;1988;;;;110109652;CH1101096522;CH10109652=S;0 PZ S534 21-28;1000000000;99.6300000;0.0000000;0.175;2.119;996300000;996300000;;2021-04-20;2027-03-31;2021-04-16;2022-03-13;Maturity;2028-03-13;2028-03-13;100.0;100.0;2.20;Swiss Pfandbrief;0.0000;AAA;1.0000000;61010100;CH;001211
2026-01-30;SBR14D;SBI AAA-BBB D;CH0027441929;Duration;CHF;;;;;7.12;1988;;;;43467840;CH0434678402;CH43467840=S;1.125 PB S664 18-48;986000000;100.3800000;0.3468750;1.106;20.091;993166988;993166988;;2018-10-17;2047-10-31;2025-10-09;2026-10-09;Maturity;2048-10-09;2048-10-09;100.0;100.0;22.77;Swiss Pfandbrief;1.1250;AAA;1.0000000;61010100;CH;001205
2026-01-30;SBR14D;SBI AAA-BBB D;CH0027441929;Duration;CHF;;;;;7.12;1988;;;;37347641;CH0373476412;CH37347641=S;0.50 PZ S499 18-28;977000000;100.7600000;0.3486111;0.169;2.288;987831131;987831131;;2018-02-21;2027-05-31;2025-05-19;2026-05-19;Maturity;2028-05-19;2028-05-19;100.0;100.0;2.38;Swiss Pfandbrief;0.5000;AAA;1.0000000;61010100;CH;001211
2026-01-30;SBR14D;SBI AAA-BBB D;CH0027441929;Duration;CHF;;;;;7.12;1988;;;;130611710;CH1306117107;CH30611710=S;1.30 PZ S582 23-28;955000000;103.0500000;0.1191667;0.246;2.871;985265542;985265542;;2024-01-03;2027-12-31;2025-12-27;2026-12-27;Maturity;2028-12-27;2028-12-27;100.0;100.0;2.99;Swiss Pfandbrief;1.3000;AAA;1.0000000;61010100;CH;001211
2026-01-30;SBR14D;SBI AAA-BBB D;CH0027441929;Duration;CHF;;;;;7.12;1988;;;;25981058;CH0259810585;CH25981058=S;1.25 PZ S457 14-29;942000000;103.5200000;0.2569444;0.315;3.723;977578817;977578817;;2014-11-19;2028-11-30;2025-11-16;2026-11-16;Maturity;2029-11-16;2029-11-16;100.0;100.0;3.88;Swiss Pfandbrief;1.2500;AAA;1.0000000;61010100;CH;001211
2026-01-30;SBR14D;SBI AAA-BBB D;CH0027441929;Duration;CHF;;;;;7.12;1988;;;;11707637;CH0117076379;CH11707637=S;1.875 PB S524 10-31;895000000;107.7400000;0.7031250;0.477;5.368;970565969;970565969;;2010-10-01;2030-09-30;2025-09-15;2026-09-15;Maturity;2031-09-15;2031-09-15;100.0;100.0;5.71;Swiss Pfandbrief;1.8750;AAA;1.0000000;61010100;CH;001205
2026-01-30;SBR14D;SBI AAA-BBB D;CH0027441929;Duration;CHF;;;;;7.12;1988;;;;53689275;CH0536892752;CH53689275=S;0.10 PZ S521 20-30;975000000;98.7500000;0.0633333;0.389;4.357;963430000;963430000;;2020-06-16;2029-06-29;2025-06-12;2026-06-12;Maturity;2030-06-12;2030-06-12;100.0;100.0;4.45;Swiss Pfandbrief;0.1000;AAA;1.0000000;61010100;CH;001211
2026-01-30;SBR14D;SBI AAA-BBB D;CH0027441929;Duration;CHF;;;;;7.12;1988;;;;120636759;CH1206367596;CH20636759=S;2.35 PZ S565 22-37;823000000;116.4300000;0.4765278;0.878;10.517;962140724;962140724;;2022-11-15;2036-11-28;2025-11-17;2026-11-17;Maturity;2037-11-17;2037-11-17;100.0;100.0;11.88;Swiss Pfandbrief;2.3500;AAA;1.0000000;61010100;CH;001211
2026-01-30;SBR14D;SBI AAA-BBB D;CH0027441929;Duration;CHF;;;;;7.12;1988;;;;46123896;CH0461238963;CH46123896=S;0.10 PZ S515 19-31;980000000;97.6300000;0.0158333;0.513;5.826;956929167;956929167;;2019-12-17;2030-12-31;2025-12-03;2026-12-03;Maturity;2031-12-03;2031-12-03;100.0;100.0;5.92;Swiss Pfandbrief;0.1000;AAA;1.0000000;61010100;CH;001211
2026-01-30;SBR14D;SBI AAA-BBB D;CH0027441929;Duration;CHF;;;;;7.12;1988;;;;38412507;CH0384125073;CH38412507=S;0.625 PB S655 17-30;945000000;100.9900000;0.1770833;0.413;4.655;956028937;956028937;;2017-10-18;2029-10-31;2025-10-18;2026-10-18;Maturity;2030-10-18;2030-10-18;100.0;100.0;4.80;Swiss Pfandbrief;0.6250;AAA;1.0000000;61010100;CH;001205
2026-01-30;SBR14D;SBI AAA-BBB D;CH0027441929;Duration;CHF;;;;;7.12;1988;;;;117953501;CH1179535013;CH17953501=S;1.375 PB S718 22-32;896000000;105.0800000;1.1114583;0.538;5.922;951475467;951475467;;2022-05-17;2031-04-30;2025-04-09;2026-04-09;Maturity;2032-04-09;2032-04-09;100.0;100.0;6.27;Swiss Pfandbrief;1.3750;AAA;1.0000000;61010100;CH;001205
2026-01-30;SBR14D;SBI AAA-BBB D;CH0027441929;Duration;CHF;;;;;7.12;1988;;;;124365195;CH1243651952;CH24365195=S;1.875 PB S734 23-31;886000000;107.0400000;0.0781250;0.437;4.785;949066588;949066588;;2023-03-01;2030-01-31;2026-01-15;2027-01-15;Maturity;2031-01-15;2031-01-15;100.0;100.0;5.04;Swiss Pfandbrief;1.8750;AAA;1.0000000;61010100;CH;001205
2026-01-30;SBR14D;SBI AAA-BBB D;CH0027441929;Duration;CHF;;;;;7.12;1988;;;;52515839;CH0525158397;CH52515839=S;0 PB S683 20-28;950000000;99.6700000;0.0000000;0.160;2.069;946865000;946865000;;2020-03-02;2027-02-26;2020-02-25;2021-02-25;Maturity;2028-02-25;2028-02-25;100.0;100.0;2.15;Swiss Pfandbrief;0.0000;AAA;1.0000000;61010100;CH;001205
2026-01-30;SBR14D;SBI AAA-BBB D;CH0027441929;Duration;CHF;;;;;7.12;1988;;;;118921783;CH1189217834;CH18921783=S;1.70 PZ S554 22-32;872000000;107.2400000;0.8641667;0.561;6.165;942668333;942668333;;2022-07-01;2031-07-31;2025-07-27;2026-07-27;Maturity;2032-07-27;2032-07-27;100.0;100.0;6.57;Swiss Pfandbrief;1.7000;AAA;1.0000000;61010100;CH;001211
2026-01-30;SBR14D;SBI AAA-BBB D;CH0027441929;Duration;CHF;;;;;7.12;1988;;;;110025975;CH1100259758;CH10025975=S;0.125 PB S700 21-31;955000000;98.3800000;0.1079861;0.445;5.117;940560267;940560267;;2021-04-01;2030-03-29;2025-03-19;2026-03-19;Maturity;2031-03-19;2031-03-19;100.0;100.0;5.22;Swiss Pfandbrief;0.1250;AAA;1.0000000;61010100;CH;001205
2026-01-30;SBR14D;SBI AAA-BBB D;CH0027441929;Duration;CHF;;;;;7.12;1988;;;;41904094;CH0419040941;CH41904094=S;0.30 PZ S509 19-29;936000000;100.1200000;0.2425000;0.262;3.174;939393000;939393000;;2019-03-19;2028-04-28;2025-04-09;2026-04-09;Maturity;2029-04-09;2029-04-09;100.0;100.0;3.27;Swiss Pfandbrief;0.3000;AAA;1.0000000;61010100;CH;001211
2026-01-30;SBR14D;SBI AAA-BBB D;CH0027441929;Duration;CHF;;;;;7.12;1988;;;;57057615;CH0570576154;CH57057615=S;0 PZ S528 20-30;947000000;98.5000000;0.0000000;0.367;4.125;932795000;932795000;;2020-11-17;2029-03-30;2020-11-10;2021-03-15;Maturity;2030-03-15;2030-03-15;100.0;100.0;4.21;Swiss Pfandbrief;0.0000;AAA;1.0000000;61010100;CH;001211
2026-01-30;SBR14D;SBI AAA-BBB D;CH0027441929;Duration;CHF;;;;;7.12;1988;;;;34458381;CH0344583817;CH34458381=S;0.375 PZ S487 16-28;927000000;100.3900000;0.1000000;0.232;2.722;931542300;931542300;;2016-12-01;2027-10-29;2025-10-24;2026-10-24;Maturity;2028-10-24;2028-10-24;100.0;100.0;2.81;Swiss Pfandbrief;0.3750;AAA;1.0000000;61010100;CH;001211
2026-01-30;SBR14D;SBI AAA-BBB D;CH0027441929;Duration;CHF;;;;;7.12;1988;;;;31940378;CH0319403785;CH31940378=S;0.30 PZ S481 16-31;936000000;99.1400000;0.1950000;0.463;5.305;929775600;929775600;;2016-06-15;2030-06-28;2025-06-06;2026-06-06;Maturity;2031-06-06;2031-06-06;100.0;100.0;5.43;Swiss Pfandbrief;0.3000;AAA;1.0000000;61010100;CH;001211
2026-01-30;SBR14D;SBI AAA-BBB D;CH0027441929;Duration;CHF;;;;;7.12;1988;;;;14714436;CH0147144361;CH14714436=S;1.50 PB S562 12-28;901000000;102.6400000;0.0375000;0.160;1.960;925124275;925124275;;2012-02-01;2027-01-29;2026-01-21;2027-01-21;Maturity;2028-01-21;2028-01-21;100.0;100.0;2.06;Swiss Pfandbrief;1.5000;AAA;1.0000000;61010100;CH;001205
2026-01-30;SBR14D;SBI AAA-BBB D;CH0027441929;Duration;CHF;;;;;7.12;1988;;;;130611711;CH1306117115;CH30611711=S;1.40 PZ S583 23-32;879000000;105.0600000;0.0544444;0.535;5.764;923955967;923955967;;2023-12-19;2031-01-31;2026-01-16;2027-01-16;Maturity;2032-01-16;2032-01-16;100.0;100.0;6.04;Swiss Pfandbrief;1.4000;AAA;1.0000000;61010100;CH;001211
2026-01-30;SBR14D;SBI AAA-BBB D;CH0027441929;Duration;CHF;;;;;7.12;1988;;;;19427320;CH0194273204;CH19427320=S;1.375 PB S574 12-29;882000000;103.8300000;0.4965278;0.315;3.560;920159975;920159975;;2012-10-01;2028-09-29;2025-09-20;2026-09-20;Maturity;2029-09-20;2029-09-20;100.0;100.0;3.72;Swiss Pfandbrief;1.3750;AAA;1.0000000;61010100;CH;001205
2026-01-30;SBR14D;SBI AAA-BBB D;CH0027441929;Duration;CHF;;;;;7.12;1988;;;;30087428;CH0300874283;CH30087428=S;0.625 PZ S471 15-30;906000000;100.9400000;0.1545139;0.425;4.691;915916296;915916296;;2015-11-18;2029-11-30;2025-11-01;2026-11-01;Maturity;2030-11-01;2030-11-01;100.0;100.0;4.83;Swiss Pfandbrief;0.6250;AAA;1.0000000;61010100;CH;001211
2026-01-30;SBR14D;SBI AAA-BBB D;CH0027441929;Duration;CHF;;;;;7.12;1988;;;;147738412;CH1477384122;CH47738412=S;0.75 PB S775 25-34;900000000;100.6200000;0.2187500;0.673;8.082;907548750;907548750;;2025-11-03;2033-05-31;2025-10-15;2026-05-26;Maturity;2034-05-26;2034-05-26;100.0;100.0;8.40;Swiss Pfandbrief;0.7500;AAA;1.0000000;61010100;CH;001205
2026-01-30;SBR14D;SBI AAA-BBB D;CH0027441929;Duration;CHF;;;;;7.12;1988;;;;37347669;CH0373476693;CH37347669=S;0.50 PZ S501 18-28;899000000;100.8300000;0.0916667;0.204;2.802;907285783;907285783;;2018-05-16;2027-11-30;2025-11-24;2026-11-24;Maturity;2028-11-24;2028-11-24;100.0;100.0;2.90;Swiss Pfandbrief;0.5000;AAA;1.0000000;61010100;CH;001211
2026-01-30;SBR14D;SBI AAA-BBB D;CH0027441929;Duration;CHF;;;;;7.12;1988;;;;137390446;CH1373904460;CH37390446=S;1.07 PZ S598 24-40;881000000;101.4200000;0.9778611;0.962;13.034;902125156;902125156;;2024-10-01;2039-03-31;2025-03-01;2026-03-01;Maturity;2040-03-01;2040-03-01;100.0;100.0;14.17;Swiss Pfandbrief;1.0700;AAA;1.0000000;61010100;CH;001211
2026-01-30;SBR14D;SBI AAA-BBB D;CH0027441929;Duration;CHF;;;;;7.12;1988;;;;114872825;CH1148728251;CH14872825=S;0.35 PZ S544 22-27;896000000;100.3400000;0.1730556;0.124;1.502;900596978;900596978;;2022-03-15;2026-08-31;2025-08-02;2026-08-02;Maturity;2027-08-02;2027-08-02;100.0;100.0;1.59;Swiss Pfandbrief;0.3500;AAA;1.0000000;61010100;CH;001211
2026-01-30;SBR14D;SBI AAA-BBB D;CH0027441929;Duration;CHF;;;;;7.12;1988;;;;115152615;CH1151526154;CH15152615=S;0.125 PB S710 21-31;920000000;97.8300000;0.0142361;0.500;5.867;900166972;900166972;;2022-01-18;2030-12-31;2025-12-19;2026-12-19;Maturity;2031-12-19;2031-12-19;100.0;100.0;5.97;Swiss Pfandbrief;0.1250;AAA;1.0000000;61010100;CH;001205
2026-01-30;SBR14D;SBI AAA-BBB D;CH0027441929;Duration;CHF;;;;;7.12;1988;;;;27128854;CH0271288547;CH27128854=S;0.50 PB S605 15-28;888000000;100.7200000;0.3680556;0.181;2.249;897661933;897661933;;2015-03-02;2027-05-31;2025-05-05;2026-05-05;Maturity;2028-05-05;2028-05-05;100.0;100.0;2.34;Swiss Pfandbrief;0.5000;AAA;1.0000000;61010100;CH;001205
2026-01-30;SBR14D;SBI AAA-BBB D;CH0027441929;Duration;CHF;;;;;7.12;1988;;;;41904084;CH0419040842;CH41904084=S;0.55 PZ S508 19-31;891000000;100.5400000;0.0015278;0.441;4.943;895825013;895825013;;2019-02-19;2030-01-31;2026-01-29;2027-01-29;Maturity;2031-01-29;2031-01-29;100.0;100.0;5.08;Swiss Pfandbrief;0.5500;AAA;1.0000000;61010100;CH;001211
2026-01-30;SBR14D;SBI AAA-BBB D;CH0027441929;Duration;CHF;;;;;7.12;1988;;;;30725642;CH0307256427;CH30725642=S;0.25 PZ S475 16-28;891000000;100.1700000;0.2423611;0.166;2.023;894674137;894674137;;2016-02-17;2027-02-26;2025-02-11;2026-02-11;Maturity;2028-02-11;2028-02-11;100.0;100.0;2.11;Swiss Pfandbrief;0.2500;AAA;1.0000000;61010100;CH;001211
2026-01-30;SBR14D;SBI AAA-BBB D;CH0027441929;Duration;CHF;;;;;7.12;1988;;;;42819424;CH0428194242;CH42819424=S;0.375 PB S661 18-28;886000000;100.4200000;0.2083333;0.203;2.433;891567033;891567033;;2018-09-19;2027-07-30;2025-07-10;2026-07-10;Maturity;2028-07-10;2028-07-10;100.0;100.0;2.52;Swiss Pfandbrief;0.3750;AAA;1.0000000;61010100;CH;001205
2026-01-30;SBR14D;SBI AAA-BBB D;CH0027441929;Duration;CHF;;;;;7.12;1988;;;;36153282;CH0361532820;CH36153282=S;0.25 PZ S494 17-27;888000000;100.1800000;0.1694444;0.114;1.320;891103067;891103067;;2017-05-17;2026-05-29;2025-05-26;2026-05-26;Maturity;2027-05-26;2027-05-26;100.0;100.0;1.40;Swiss Pfandbrief;0.2500;AAA;1.0000000;61010100;CH;001211
2026-01-30;SBR14D;SBI AAA-BBB D;CH0027441929;Duration;CHF;;;;;7.12;1988;;;;119435506;CH1194355066;CH19435506=S;2.375 PB S722 22-37;754000000;116.4300000;1.6493056;0.845;10.018;890317964;890317964;;2022-08-02;2036-05-30;2025-05-20;2026-05-20;Maturity;2037-05-20;2037-05-20;100.0;100.0;11.39;Swiss Pfandbrief;2.3750;AAA;1.0000000;61010100;CH;001205
2026-01-30;SBR14D;SBI AAA-BBB D;CH0027441929;Duration;CHF;;;;;7.12;1988;;;;110567272;CH1105672724;CH10567272=S;0.125 PB S701 21-31;905000000;98.2000000;0.0763889;0.464;5.370;889401319;889401319;;2021-05-18;2030-06-28;2025-06-20;2026-06-20;Maturity;2031-06-20;2031-06-20;100.0;100.0;5.47;Swiss Pfandbrief;0.1250;AAA;1.0000000;61010100;CH;001205
2026-01-30;SBR14D;SBI AAA-BBB D;CH0027441929;Duration;CHF;;;;;7.12;1988;;;;123949499;CH1239494995;CH23949499=S;1.875 PB S733 23-33;815000000;108.7500000;0.0833333;0.587;6.599;886991667;886991667;;2023-01-17;2032-01-30;2026-01-14;2027-01-14;Maturity;2033-01-14;2033-01-14;100.0;100.0;7.04;Swiss Pfandbrief;1.8750;AAA;1.0000000;61010100;CH;001205
2026-01-30;SBR14D;SBI AAA-BBB D;CH0027441929;Duration;CHF;;;;;7.12;1988;;;;134674298;CH1346742989;CH34674298=S;1.45 PZ S594 24-34;829000000;106.2000000;0.7169444;0.697;8.027;886341469;886341469;;2024-06-18;2033-08-31;2025-08-02;2026-08-02;Maturity;2034-08-02;2034-08-02;100.0;100.0;8.59;Swiss Pfandbrief;1.4500;AAA;1.0000000;61010100;CH;001211
2026-01-30;SBR14D;SBI AAA-BBB D;CH0027441929;Duration;CHF;;;;;7.12;1988;;;;21158894;CH0211588949;CH21158894=S;1.625 PB S581 13-30;832000000;105.4200000;0.9343750;0.387;4.273;884868400;884868400;;2013-05-02;2029-07-31;2025-07-03;2026-07-03;Maturity;2030-07-03;2030-07-03;100.0;100.0;4.51;Swiss Pfandbrief;1.6250;AAA;1.0000000;61010100;CH;001205
2026-01-30;SBR14D;SBI AAA-BBB D;CH0027441929;Duration;CHF;;;;;7.12;1988;;;;139290362;CH1392903626;CH39290362=S;0.9 PZ S600 24-35;872000000;101.1600000;0.2350000;0.776;9.350;884164400;884164400;;2024-12-17;2034-10-31;2025-10-26;2026-10-26;Maturity;2035-10-26;2035-10-26;100.0;100.0;9.82;Swiss Pfandbrief;0.9000;AAA;1.0000000;61010100;CH;001211
2026-01-30;SBR14D;SBI AAA-BBB D;CH0027441929;Duration;CHF;;;;;7.12;1988;;;;18404354;CH0184043542;CH18404354=S;1.50 PB S566 12-27;858000000;101.6900000;1.1375000;0.137;1.227;882259950;882259950;;2012-05-02;2026-04-30;2025-04-27;2026-04-27;Maturity;2027-04-27;2027-04-27;100.0;100.0;1.32;Swiss Pfandbrief;1.5000;AAA;1.0000000;61010100;CH;001205
2026-01-30;SBR14D;SBI AAA-BBB D;CH0027441929;Duration;CHF;;;;;7.12;1988;;;;30725645;CH0307256450;CH30725645=S;0.60 PZ S476 16-35;896000000;98.3100000;0.0816667;0.779;9.597;881589333;881589333;;2016-02-17;2034-12-29;2025-12-11;2026-12-11;Maturity;2035-12-11;2035-12-11;100.0;100.0;9.94;Swiss Pfandbrief;0.6000;AAA;1.0000000;61010100;CH;001211
2026-01-30;SBR14D;SBI AAA-BBB D;CH0027441929;Duration;CHF;;;;;7.12;1988;;;;31941592;CH0319415920;CH31941592=S;0.125 PB S627 16-28;880000000;99.7600000;0.0500000;0.218;2.596;878328000;878328000;;2016-05-02;2027-09-30;2025-09-06;2026-09-06;Maturity;2028-09-06;2028-09-06;100.0;100.0;2.68;Swiss Pfandbrief;0.1250;AAA;1.0000000;61010100;CH;001205
2026-01-30;SBR14D;SBI AAA-BBB D;CH0027441929;Duration;CHF;;;;;7.12;1988;;;;43896558;CH0438965581;CH43896558=S;1.125 PB S665 18-47;871000000;100.5000000;0.3187500;1.099;19.335;878131312;878131312;;2018-11-01;2046-10-31;2025-10-18;2026-10-18;Maturity;2047-10-18;2047-10-18;100.0;100.0;21.80;Swiss Pfandbrief;1.1250;AAA;1.0000000;61010100;CH;001205
2026-01-30;SBR14D;SBI AAA-BBB D;CH0027441929;Duration;CHF;;;;;7.12;1988;;;;123210702;CH1232107024;CH23210702=S;1.50 PZ S566 22-27;852000000;101.6900000;1.1708333;0.112;1.205;876374300;876374300;;2022-12-20;2026-04-30;2025-04-19;2026-04-19;Maturity;2027-04-19;2027-04-19;100.0;100.0;1.30;Swiss Pfandbrief;1.5000;AAA;1.0000000;61010100;CH;001211
2026-01-30;SBR14D;SBI AAA-BBB D;CH0027441929;Duration;CHF;;;;;7.12;1988;;;;37394509;CH0373945093;CH373945093=S;0.25 PB S653 17-27;873000000;100.2100000;0.0750000;0.126;1.698;875488050;875488050;;2017-09-20;2026-10-30;2025-10-12;2026-10-12;Maturity;2027-10-12;2027-10-12;100.0;100.0;1.78;Swiss Pfandbrief;0.2500;AAA;1.0000000;61010100;CH;001205
2026-01-30;SBR14D;SBI AAA-BBB D;CH0027441929;Duration;CHF;;;;;7.12;1988;;;;37347607;CH0373476073;CH37347607=S;0.375 PZ S497 17-28;866000000;100.4100000;0.1937500;0.209;2.472;871228475;871228475;;2017-11-01;2027-07-30;2025-07-24;2026-07-24;Maturity;2028-07-24;2028-07-24;100.0;100.0;2.56;Swiss Pfandbrief;0.3750;AAA;1.0000000;61010100;CH;001211
2026-01-30;SBR14D;SBI AAA-BBB D;CH0027441929;Duration;CHF;;;;;7.12;1988;;;;28584936;CH0285849367;CH28584936=S;0.625 PZ S466 15-27;857000000;100.7200000;0.3645833;0.116;1.410;866294879;866294879;;2015-07-01;2026-06-30;2025-06-30;2026-06-30;Maturity;2027-06-30;2027-06-30;100.0;100.0;1.50;Swiss Pfandbrief;0.6250;AAA;1.0000000;61010100;CH;001211
2026-01-30;SBR14D;SBI AAA-BBB D;CH0027441929;Duration;CHF;;;;;7.12;1988;;;;117056580;CH1170565803;CH17056580=S;1.40 PZ S551 22-32;813000000;105.3600000;0.5833333;0.568;6.309;861319300;861319300;;2022-05-02;2031-08-29;2025-08-30;2026-08-30;Maturity;2032-08-30;2032-08-30;100.0;100.0;6.66;Swiss Pfandbrief;1.4000;AAA;1.0000000;61010100;CH;001211
2026-01-30;SBR14D;SBI AAA-BBB D;CH0027441929;Duration;CHF;;;;;7.12;1988;;;;30475515;CH0304755157;CH30475515=S;0.75 PB S623 15-34;854000000;100.3200000;0.1291667;0.712;8.565;857835883;857835883;;2015-12-16;2033-11-30;2025-11-28;2026-11-28;Maturity;2034-11-28;2034-11-28;100.0;100.0;8.91;Swiss Pfandbrief;0.7500;AAA;1.0000000;61010100;CH;001205
2026-01-30;SBR14D;SBI AAA-BBB D;CH0027441929;Duration;CHF;;;;;7.12;1988;;;;25567834;CH0255678341;CH25567834=S;1.375 PB S599 14-32;813000000;105.3100000;0.1909722;0.583;6.591;857722904;857722904;;2014-11-03;2031-12-31;2025-12-10;2026-12-10;Maturity;2032-12-10;2032-12-10;100.0;100.0;6.94;Swiss Pfandbrief;1.3750;AAA;1.0000000;61010100;CH;001205
2026-01-30;SBR14D;SBI AAA-BBB D;CH0027441929;Duration;CHF;;;;;7.12;1988;;;;29302622;CH0293026222;CH29302622=S;0.625 PB S617 15-31;844000000;100.8300000;0.4409722;0.466;5.203;854727006;854727006;;2015-09-01;2030-05-31;2025-05-16;2026-05-16;Maturity;2031-05-16;2031-05-16;100.0;100.0;5.38;Swiss Pfandbrief;0.6250;AAA;1.0000000;61010100;CH;001205
2026-01-30;SBR14D;SBI AAA-BBB D;CH0027441929;Duration;CHF;;;;;7.12;1988;;;;118921784;CH1189217842;CH18921784=S;1.90 PZ S555 22-42;741000000;113.2000000;1.0713889;1.023;14.295;846750992;846750992;;2022-07-01;2041-07-31;2025-07-07;2026-07-07;Maturity;2042-07-07;2042-07-07;100.0;100.0;16.52;Swiss Pfandbrief;1.9000;AAA;1.0000000;61010100;CH;001211
2026-01-30;SBR14D;SBI AAA-BBB D;CH0027441929;Duration;CHF;;;;;7.12;1988;;;;11596739;CH0115967397;CH11596739=S;2.25 PB S519 10-32;755000000;110.8000000;1.0437500;0.562;6.119;844420312;844420312;;2010-08-18;2031-08-29;2025-08-13;2026-08-13;Maturity;2032-08-13;2032-08-13;100.0;100.0;6.62;Swiss Pfandbrief;2.2500;AAA;1.0000000;61010100;CH;001205
2026-01-30;SBR14D;SBI AAA-BBB D;CH0027441929;Duration;CHF;;;;;7.12;1988;;;;115152617;CH1151526170;CH15152617=S;0.125 PB S711 22-29;845000000;99.6100000;0.1184028;0.253;3.045;842705003;842705003;;2022-01-18;2028-02-29;2025-02-19;2026-02-19;Maturity;2029-02-19;2029-02-19;100.0;100.0;3.13;Swiss Pfandbrief;0.1250;AAA;1.0000000;61010100;CH;001205
2026-01-30;SBR14D;SBI AAA-BBB D;CH0027441929;Duration;CHF;;;;;7.12;1988;;;;20456725;CH0204567256;CH20456725=S;1.375 PZ S429 13-27;822000000;102.1600000;0.3246528;0.148;1.750;842423846;842423846;;2013-02-20;2026-11-30;2025-11-05;2026-11-05;Maturity;2027-11-05;2027-11-05;100.0;100.0;1.84;Swiss Pfandbrief;1.3750;AAA;1.0000000;61010100;CH;001211
2026-01-30;SBR14D;SBI AAA-BBB D;CH0027441929;Duration;CHF;;;;;7.12;1988;;;;116615189;CH1166151899;CH16615189=S;0.50 ROK 22-27;825000000;100.3200000;0.4652778;0.200;1.064;831478542;831478542;;2022-03-01;2026-02-27;2025-02-25;2026-02-25;Maturity;2027-02-25;2027-02-25;100.0;100.0;1.15;Domestic Non Government;0.5000;AA;1.0000000;73515100;CH;010368
2026-01-30;SBR14D;SBI AAA-BBB D;CH0027441929;Duration;CHF;;;;;7.12;1988;;;;26878698;CH0268786982;CH26878698=S;0.625 PZ S460 15-30;817000000;101.0500000;0.6041667;0.362;3.972;830514542;830514542;;2015-03-02;2029-02-28;2025-02-12;2026-02-12;Maturity;2030-02-12;2030-02-12;100.0;100.0;4.11;Swiss Pfandbrief;0.6250;AAA;1.0000000;61010100;CH;001211
2026-01-30;SBR14D;SBI AAA-BBB D;CH0027441929;Duration;CHF;;;;;7.12;1988;;;;117433578;CH1174335781;CH17433578=S;1 PB S716 22-30;805000000;102.7400000;0.4000000;0.398;4.504;830277000;830277000;;2022-04-19;2029-09-28;2025-09-06;2026-09-06;Maturity;2030-09-06;2030-09-06;100.0;100.0;4.68;Swiss Pfandbrief;1.0000;AAA;1.0000000;61010100;CH;001205
2026-01-30;SBR14D;SBI AAA-BBB D;CH0027441929;Duration;CHF;;;;;7.12;1988;;;;33658772;CH0336587727;CH33658772=S;0.125 PZ S484 16-31;840000000;97.9500000;0.0513889;0.498;5.570;823211667;823211667;;2016-09-21;2030-09-30;2025-09-02;2026-09-02;Maturity;2031-09-02;2031-09-02;100.0;100.0;5.67;Swiss Pfandbrief;0.1250;AAA;1.0000000;61010100;CH;001211
2026-01-30;SBR14D;SBI AAA-BBB D;CH0027441929;Duration;CHF;;;;;7.12;1988;;;;48525281;CH0485252818;CH48525281=S;0.25 PB S676 19-34;850000000;96.5500000;0.1902778;0.682;8.147;822292361;822292361;;2019-08-20;2033-04-29;2025-04-26;2026-04-26;Maturity;2034-04-26;2034-04-26;100.0;100.0;8.32;Swiss Pfandbrief;0.2500;AAA;1.0000000;61010100;CH;001205
2026-01-30;SBR14D;SBI AAA-BBB D;CH0027441929;Duration;CHF;;;;;7.12;1988;;;;135325787;CH1353257871;CH35325787=S;1.50 PB 24-27;790000000;101.9800000;0.8208333;0.135;1.438;812126583;812126583;;2024-07-01;2026-07-31;2025-07-13;2026-07-13;Maturity;2027-07-13;2027-07-13;100.0;100.0;1.53;Swiss Pfandbrief;1.5000;AAA;1.0000000;61010100;CH;001205
2026-01-30;SBR14D;SBI AAA-BBB D;CH0027441929;Duration;CHF;;;;;7.12;1988;;;;55777923;CH0557779235;CH55777923=S;0.50 EIDG 25-40;797135000;101.5100000;0.3361111;0.391;13.822;811850998;811850998;;2025-06-02;2039-05-31;2025-05-28;2026-05-28;Maturity;2040-05-28;2040-05-28;100.0;100.0;14.41;Swiss Government;0.5000;AAA;1.0000000;51010100;CH;001086
2026-01-30;SBR14D;SBI AAA-BBB D;CH0027441929;Duration;CHF;;;;;7.12;1988;;;;123210703;CH1232107032;CH23210703=S;1.70 PZ S567 22-30;762000000;106.0700000;0.2738889;0.430;4.680;810340433;810340433;;2022-12-20;2029-12-31;2025-12-02;2026-12-02;Maturity;2030-12-02;2030-12-02;100.0;100.0;4.92;Swiss Pfandbrief;1.7000;AAA;1.0000000;61010100;CH;001211
2026-01-30;SBR14D;SBI AAA-BBB D;CH0027441929;Duration;CHF;;;;;7.12;1988;;;;126684727;CH1266847271;CH26684727=S;1.85 PZ S578 23-33;739000000;108.9900000;0.6577778;0.641;7.180;810297078;810297078;;2023-09-01;2032-09-30;2025-09-22;2026-09-22;Maturity;2033-09-22;2033-09-22;100.0;100.0;7.72;Swiss Pfandbrief;1.8500;AAA;1.0000000;61010100;CH;001211
2026-01-30;SBR14D;SBI AAA-BBB D;CH0027441929;Duration;CHF;;;;;7.12;1988;;;;31251271;CH0312512715;CH31251271=S;0.50 PZ S478 16-34;817000000;98.5700000;0.4166667;0.681;7.988;808721067;808721067;;2016-04-01;2033-03-31;2025-03-30;2026-03-30;Maturity;2034-03-30;2034-03-30;100.0;100.0;8.25;Swiss Pfandbrief;0.5000;AAA;1.0000000;61010100;CH;001211
2026-01-30;SBR14D;SBI AAA-BBB D;CH0027441929;Duration;CHF;;;;;7.12;1988;;;;145599007;CH1455990072;CH45599007=S;0.35 PZ S610 25-28;793000000;100.3800000;0.1526389;0.201;2.553;797223826;797223826;;2025-08-04;2027-08-31;2025-08-23;2026-08-23;Maturity;2028-08-23;2028-08-23;100.0;100.0;2.64;Swiss Pfandbrief;0.3500;AAA;1.0000000;61010100;CH;001211
2026-01-30;SBR14D;SBI AAA-BBB D;CH0027441929;Duration;CHF;;;;;7.12;1988;;;;131034623;CH1310346239;CH31034623=S;1.625 PB S748 24-34;730000000;107.5000000;1.4218750;0.673;7.597;795129688;795129688;;2024-02-01;2033-03-31;2025-03-15;2026-03-15;Maturity;2034-03-15;2034-03-15;100.0;100.0;8.21;Swiss Pfandbrief;1.6250;AAA;1.0000000;61010100;CH;001205
2026-01-30;SBR14D;SBI AAA-BBB D;CH0027441929;Duration;CHF;;;;;7.12;1988;;;;26722231;CH0267222310;CH26722231=S;0.375 PB S604 15-30;793000000;100.2200000;0.0093750;0.319;3.953;794818944;794818944;;2015-02-02;2029-01-31;2026-01-21;2027-01-21;Maturity;2030-01-21;2030-01-21;100.0;100.0;4.06;Swiss Pfandbrief;0.3750;AAA;1.0000000;61010100;CH;001205
2026-01-30;SBR14D;SBI AAA-BBB D;CH0027441929;Duration;CHF;;;;;7.12;1988;;;;144645226;CH1446452265;CH44645226=S;0.80 PZ S606 25-35;783000000;100.6100000;0.5533333;0.730;8.714;792108900;792108900;;2025-05-20;2034-02-28;2025-05-21;2026-02-16;Maturity;2035-02-16;2035-02-16;100.0;100.0;9.12;Swiss Pfandbrief;0.8000;AAA;1.0000000;61010100;CH;001211
2026-01-30;SBR14D;SBI AAA-BBB D;CH0027441929;Duration;CHF;;;;;7.12;1988;;;;120425973;CH1204259738;CH20425973=S;1.375 PB S726 22-32;745000000;105.0900000;0.8784722;0.558;6.092;789465118;789465118;;2022-08-16;2031-06-30;2025-06-10;2026-06-10;Maturity;2032-06-10;2032-06-10;100.0;100.0;6.44;Swiss Pfandbrief;1.3750;AAA;1.0000000;61010100;CH;001205
2026-01-30;SBR14D;SBI AAA-BBB D;CH0027441929;Duration;CHF;;;;;7.12;1988;;;;33658771;CH0336587719;CH33658771=S;0 PZ S483 16-27;789000000;99.9900000;0.0000000;0.010;0.992;788921100;788921100;;2016-09-21;2026-01-30;2020-01-27;2021-01-27;Maturity;2027-01-27;2027-01-27;100.0;100.0;1.07;Swiss Pfandbrief;0.0000;AAA;1.0000000;61010100;CH;001211
2026-01-30;SBR14D;SBI AAA-BBB D;CH0027441929;Duration;CHF;;;;;7.12;1988;;;;121830196;CH1218301963;CH21830196=S;2.25 PB S731 22-37;680000000;115.2000000;0.7812500;0.872;10.416;788672500;788672500;;2022-10-18;2036-09-30;2025-09-25;2026-09-25;Maturity;2037-09-25;2037-09-25;100.0;100.0;11.73;Swiss Pfandbrief;2.2500;AAA;1.0000000;61010100;CH;001205
2026-01-30;SBR14D;SBI AAA-BBB D;CH0027441929;Duration;CHF;;;;;7.12;1988;;;;145599008;CH1455990080;CH45599008=S;0.80 PZ S611 25-33;775000000;101.2000000;0.3511111;0.637;7.344;787021111;787021111;;2025-08-04;2032-08-31;2025-08-22;2026-08-22;Maturity;2033-08-22;2033-08-22;100.0;100.0;7.64;Swiss Pfandbrief;0.8000;AAA;1.0000000;61010100;CH;001211
2026-01-30;SBR14D;SBI AAA-BBB D;CH0027441929;Duration;CHF;;;;;7.12;1988;;;;113193124;CH1131931243;CH13193124=S;0 PZ S538 21-31;807000000;97.4500000;0.0000000;0.472;5.486;786421500;786421500;;2021-10-01;2030-07-31;2021-09-16;2022-07-25;Maturity;2031-07-25;2031-07-25;100.0;100.0;5.57;Swiss Pfandbrief;0.0000;AAA;1.0000000;61010100;CH;001211
2026-01-30;SBR14D;SBI AAA-BBB D;CH0027441929;Duration;CHF;;;;;7.12;1988;;;;42323352;CH0423233524;CH42323352=S;0.50 PB S660 18-29;780000000;100.7400000;0.0111111;0.250;2.963;785858667;785858667;;2018-07-18;2028-01-31;2026-01-22;2027-01-22;Maturity;2029-01-22;2029-01-22;100.0;100.0;3.06;Swiss Pfandbrief;0.5000;AAA;1.0000000;61010100;CH;001205
2026-01-30;SBR14D;SBI AAA-BBB D;CH0027441929;Duration;CHF;;;;;7.12;1988;;;;127631331;CH1276313314;CH27631331=S;1.75 PB S742 23-33;719000000;108.1700000;0.9868056;0.622;6.994;784837432;784837432;;2023-07-18;2032-07-30;2025-07-07;2026-07-07;Maturity;2033-07-07;2033-07-07;100.0;100.0;7.52;Swiss Pfandbrief;1.7500;AAA;1.0000000;61010100;CH;001205
2026-01-30;SBR14D;SBI AAA-BBB D;CH0027441929;Duration;CHF;;;;;7.12;1988;;;;37347642;CH0373476420;CH37347642=S;0.65 PZ S500 18-33;773000000;100.3500000;0.6229167;0.599;6.864;780520646;780520646;;2018-02-21;2032-02-27;2025-02-15;2026-02-15;Maturity;2033-02-15;2033-02-15;100.0;100.0;7.12;Swiss Pfandbrief;0.6500;AAA;1.0000000;61010100;CH;001211
2026-01-30;SBR14D;SBI AAA-BBB D;CH0027441929;Duration;CHF;;;;;7.12;1988;;;;125592443;CH1255924438;CH25592443=S;2 PB S739 23-38;681000000;112.7200000;1.6555556;0.892;10.854;778897533;778897533;;2023-04-18;2037-04-30;2025-04-02;2026-04-02;Maturity;2038-04-02;2038-04-02;100.0;100.0;12.25;Swiss Pfandbrief;2.0000;AAA;1.0000000;61010100;CH;001205
2026-01-30;SBR14D;SBI AAA-BBB D;CH0027441929;Duration;CHF;;;;;7.12;1988;;;;27680147;CH0276801476;CH27680147=S;0.625 PB S608 15-33;772000000;100.0800000;0.4774306;0.614;7.064;776303364;776303364;;2015-04-15;2032-04-30;2025-04-25;2026-04-25;Maturity;2033-04-25;2033-04-25;100.0;100.0;7.32;Swiss Pfandbrief;0.6250;AAA;1.0000000;61010100;CH;001205
2026-01-30;SBR14D;SBI AAA-BBB D;CH0027441929;Duration;CHF;;;;;7.12;1988;;;;35259589;CH0352595893;CH35259589=S;0.50 PZ S490 17-32;769000000;99.8700000;0.4722222;0.522;5.952;771631689;771631689;;2017-03-01;2031-02-28;2025-02-20;2026-02-20;Maturity;2032-02-20;2032-02-20;100.0;100.0;6.14;Swiss Pfandbrief;0.5000;AAA;1.0000000;61010100;CH;001211
2026-01-30;SBR14D;SBI AAA-BBB D;CH0027441929;Duration;CHF;;;;;7.12;1988;;;;14917617;CH0149176171;CH14917617=S;1.50 PB S565 12-40;711000000;106.9500000;1.4416667;0.968;12.645;770664750;770664750;;2012-02-15;2039-02-28;2025-02-14;2026-02-14;Maturity;2040-02-14;2040-02-14;100.0;100.0;14.12;Swiss Pfandbrief;1.5000;AAA;1.0000000;61010100;CH;001205
2026-01-30;SBR14D;SBI AAA-BBB D;CH0027441929;Duration;CHF;;;;;7.12;1988;;;;18525822;CH0185258222;CH18525822=S;1.50 PZ S423 12-29;731000000;104.0000000;1.0375000;0.283;3.223;767824125;767824125;;2012-06-01;2028-05-31;2025-05-21;2026-05-21;Maturity;2029-05-21;2029-05-21;100.0;100.0;3.39;Swiss Pfandbrief;1.5000;AAA;1.0000000;61010100;CH;001211
2026-01-30;SBR14D;SBI AAA-BBB D;CH0027441929;Duration;CHF;;;;;7.12;1988;;;;30242439;CH0302424392;CH30242439=S;0.50 PB S621 15-29;759000000;100.7200000;0.3125000;0.285;3.345;766836675;766836675;;2015-11-18;2028-06-30;2025-06-15;2026-06-15;Maturity;2029-06-15;2029-06-15;100.0;100.0;3.46;Swiss Pfandbrief;0.5000;AAA;1.0000000;61010100;CH;001205
2026-01-30;SBR14D;SBI AAA-BBB D;CH0027441929;Duration;CHF;;;;;7.12;1988;;;;131996853;CH1319968538;CH31996853=S;1.50 PZ S589 24-36;710000000;106.8800000;0.9041667;0.807;9.652;765267583;765267583;;2024-03-19;2035-06-29;2025-06-23;2026-06-23;Maturity;2036-06-23;2036-06-23;100.0;100.0;10.48;Swiss Pfandbrief;1.5000;AAA;1.0000000;61010100;CH;001211
2026-01-30;SBR14D;SBI AAA-BBB D;CH0027441929;Duration;CHF;;;;;7.12;1988;;;;58903103;CH0589031035;CH58903103=S;0 PZ S531 21-36;828000000;92.2800000;0.0000000;0.803;10.042;764078400;764078400;;2021-02-16;2035-02-28;2021-02-17;2022-02-15;Maturity;2036-02-15;2036-02-15;100.0;100.0;10.12;Swiss Pfandbrief;0.0000;AAA;1.0000000;61010100;CH;001211
2026-01-30;SBR14D;SBI AAA-BBB D;CH0027441929;Duration;CHF;;;;;7.12;1988;;;;2589694;CH0025896942;CH2589694=S;3.125 EIB 06-36;603200000;123.2500000;1.8229167;0.791;9.079;754439833;754439833;;2006-07-03;2035-06-29;2025-06-30;2026-06-30;Maturity;2036-06-30;2036-06-30;100.0;100.0;10.50;Foreign Supranational;3.1250;AAA;1.0000000;51515100;LU;010844
2026-01-30;SBR14D;SBI AAA-BBB D;CH0027441929;Duration;CHF;;;;;7.12;1988;;;;131996852;CH1319968520;CH31996852=S;1.45 PZ S588 24-32;710000000;105.8500000;0.3504167;0.565;6.475;754022958;754022958;;2024-03-19;2031-11-28;2025-11-03;2026-11-03;Maturity;2032-11-03;2032-11-03;100.0;100.0;6.84;Swiss Pfandbrief;1.4500;AAA;1.0000000;61010100;CH;001211
2026-01-30;SBR14D;SBI AAA-BBB D;CH0027441929;Duration;CHF;;;;;7.12;1988;;;;121479713;CH1214797131;CH21479713=S;2 PB S728 22-34;672000000;110.7800000;0.8611111;0.699;7.937;750228267;750228267;;2022-09-20;2033-08-31;2025-08-25;2026-08-25;Maturity;2034-08-25;2034-08-25;100.0;100.0;8.65;Swiss Pfandbrief;2.0000;AAA;1.0000000;61010100;CH;001205
2026-01-30;SBR14D;SBI AAA-BBB D;CH0027441929;Duration;CHF;;;;;7.12;1988;;;;28468741;CH0284687412;CH28468741=S;1 PB S614 15-32;725000000;102.7600000;0.7166667;0.552;6.083;750205833;750205833;;2015-07-01;2031-05-30;2025-05-12;2026-05-12;Maturity;2032-05-12;2032-05-12;100.0;100.0;6.36;Swiss Pfandbrief;1.0000;AAA;1.0000000;61010100;CH;001205
2026-01-30;SBR14D;SBI AAA-BBB D;CH0027441929;Duration;CHF;;;;;7.12;1988;;;;57501707;CH0575017071;CH57501707=S;0 PB S695 20-29;755000000;98.8200000;0.0000000;0.318;3.739;746091000;746091000;;2020-12-01;2028-10-31;2020-11-25;2021-10-26;Maturity;2029-10-26;2029-10-26;100.0;100.0;3.82;Swiss Pfandbrief;0.0000;AAA;1.0000000;61010100;CH;001205
2026-01-30;SBR14D;SBI AAA-BBB D;CH0027441929;Duration;CHF;;;;;7.12;1988;;;;31941594;CH0319415946;CH31941594=S;0.50 PB S629 16-35;761000000;97.4300000;0.1597222;0.777;9.456;742657786;742657786;;2016-05-02;2034-10-31;2025-10-05;2026-10-05;Maturity;2035-10-05;2035-10-05;100.0;100.0;9.76;Swiss Pfandbrief;0.5000;AAA;1.0000000;61010100;CH;001205
2026-01-30;SBR14D;SBI AAA-BBB D;CH0027441929;Duration;CHF;;;;;7.12;1988;;;;120636752;CH1206367521;CH20636752=S;2.10 PZ S561 22-30;683000000;107.6200000;1.1141667;0.377;4.277;742654358;742654358;;2022-10-18;2029-07-31;2025-07-19;2026-07-19;Maturity;2030-07-19;2030-07-19;100.0;100.0;4.55;Swiss Pfandbrief;2.1000;AAA;1.0000000;61010100;CH;001211
2026-01-30;SBR14D;SBI AAA-BBB D;CH0027441929;Duration;CHF;;;;;7.12;1988;;;;47129792;CH0471297926;CH47129792=S;0.25 PB S671 19-30;743000000;99.5200000;0.1979167;0.365;4.183;740904121;740904121;;2019-04-16;2029-04-30;2025-04-15;2026-04-15;Maturity;2030-04-15;2030-04-15;100.0;100.0;4.29;Swiss Pfandbrief;0.2500;AAA;1.0000000;61010100;CH;001205
2026-01-30;SBR14D;SBI AAA-BBB D;CH0027441929;Duration;CHF;;;;;7.12;1988;;;;12413884;CH0124138840;CH12413884=S;2.50 PB S544 11-27;705000000;102.5700000;2.3888889;0.038;1.021;739960167;739960167;;2011-03-01;2026-02-27;2025-02-16;2026-02-16;Maturity;2027-02-16;2027-02-16;100.0;100.0;1.12;Swiss Pfandbrief;2.5000;AAA;1.0000000;61010100;CH;001205
2026-01-30;SBR14D;SBI AAA-BBB D;CH0027441929;Duration;CHF;;;;;7.12;1988;;;;18121502;CH0181215028;CH18121502=S;1.375 PZ S420 12-27;717000000;101.5000000;1.1878472;0.054;1.123;736271865;736271865;;2012-03-21;2026-03-31;2025-03-19;2026-03-19;Maturity;2027-03-19;2027-03-19;100.0;100.0;1.22;Swiss Pfandbrief;1.3750;AAA;1.0000000;61010100;CH;001211
2026-01-30;SBR14D;SBI AAA-BBB D;CH0027441929;Duration;CHF;;;;;7.12;1988;;;;19036937;CH0190369378;CH190369378=S;1.50 PB S569 12-33;684000000;106.3700000;0.7416667;0.628;7.120;732643800;732643800;;2012-08-15;2032-08-31;2025-08-02;2026-08-02;Maturity;2033-08-02;2033-08-02;100.0;100.0;7.59;Swiss Pfandbrief;1.5000;AAA;1.0000000;61010100;CH;001205
2026-01-30;SBR14D;SBI AAA-BBB D;CH0027441929;Duration;CHF;;;;;7.12;1988;;;;14338397;CH0143383971;CH14338397=S;1.625 PB S559 11-41;670000000;108.7500000;0.2753472;1.023;14.138;730469826;730469826;;2011-12-01;2040-11-30;2025-11-29;2026-11-29;Maturity;2041-11-29;2041-11-29;100.0;100.0;15.91;Swiss Pfandbrief;1.6250;AAA;1.0000000;61010100;CH;001205
2026-01-30;SBR14D;SBI AAA-BBB D;CH0027441929;Duration;CHF;;;;;7.12;1988;;;;126684722;CH1266847222;CH26684722=S;1.85 PZ S576 23-38;651000000;111.0700000;0.9815278;0.907;11.228;729455446;729455446;;2023-08-02;2037-07-31;2025-07-19;2026-07-19;Maturity;2038-07-19;2038-07-19;100.0;100.0;12.55;Swiss Pfandbrief;1.8500;AAA;1.0000000;61010100;CH;001211
2026-01-30;SBR14D;SBI AAA-BBB D;CH0027441929;Duration;CHF;;;;;7.12;1988;;;;57501708;CH0575017089;CH57501708=S;0.125 PB S696 20-32;750000000;96.9700000;0.0246528;0.581;6.776;727459896;727459896;;2020-12-01;2031-11-28;2025-11-19;2026-11-19;Maturity;2032-11-19;2032-11-19;100.0;100.0;6.88;Swiss Pfandbrief;0.1250;AAA;1.0000000;61010100;CH;001205
2026-01-30;SBR14D;SBI AAA-BBB D;CH0027441929;Duration;CHF;;;;;7.12;1988;;;;131034626;CH1310346262;CH31034626=S;1.25 PB S751 24-30;695000000;103.7300000;0.8402778;0.379;4.209;726763431;726763431;;2024-04-02;2029-05-31;2025-05-28;2026-05-28;Maturity;2030-05-28;2030-05-28;100.0;100.0;4.41;Swiss Pfandbrief;1.2500;AAA;1.0000000;61010100;CH;001205
2026-01-30;SBR14D;SBI AAA-BBB D;CH0027441929;Duration;CHF;;;;;7.12;1988;;;;28056913;CH0280569135;CH28056913=S;0.625 PB S610 15-34;728000000;99.7500000;0.0086806;0.657;7.814;726243194;726243194;;2015-05-20;2033-01-31;2026-01-25;2027-01-25;Maturity;2034-01-25;2034-01-25;100.0;100.0;8.07;Swiss Pfandbrief;0.6250;AAA;1.0000000;61010100;CH;001205
2026-01-30;SBR14D;SBI AAA-BBB D;CH0027441929;Duration;CHF;;;;;7.12;1988;;;;120636753;CH1206367539;CH20636753=S;2.20 PZ S562 22-34;638000000;112.5300000;0.7088889;0.706;7.993;722464111;722464111;;2022-10-18;2033-10-31;2025-10-04;2026-10-04;Maturity;2034-10-04;2034-10-04;100.0;100.0;8.76;Swiss Pfandbrief;2.2000;AAA;1.0000000;61010100;CH;001211
2026-01-30;SBR14D;SBI AAA-BBB D;CH0027441929;Duration;CHF;;;;;7.12;1988;;;;47497769;CH0474977698;CH47497769=S;0.125 PB S672 19-29;725000000;99.5400000;0.0909722;0.266;3.265;722324549;722324549;;2019-06-03;2028-05-31;2025-05-08;2026-05-08;Maturity;2029-05-08;2029-05-08;100.0;100.0;3.35;Swiss Pfandbrief;0.1250;AAA;1.0000000;61010100;CH;001205
2026-01-30;SBR14D;SBI AAA-BBB D;CH0027441929;Duration;CHF;;;;;7.12;1988;;;;27128855;CH0271288554;CH27128855=S;0.875 PB S606 15-35;700000000;101.2600000;0.6392361;0.734;8.891;713294653;713294653;;2015-03-02;2034-05-31;2025-05-07;2026-05-07;Maturity;2035-05-07;2035-05-07;100.0;100.0;9.35;Swiss Pfandbrief;0.8750;AAA;1.0000000;61010100;CH;001205
2026-01-30;SBR14D;SBI AAA-BBB D;CH0027441929;Duration;CHF;;;;;7.12;1988;;;;127631332;CH1276313322;CH27631332=S;1.75 PB S743 23-38;640000000;109.9700000;0.9770833;0.899;11.255;710061333;710061333;;2023-07-18;2037-07-31;2025-07-09;2026-07-09;Maturity;2038-07-09;2038-07-09;100.0;100.0;12.52;Swiss Pfandbrief;1.7500;AAA;1.0000000;61010100;CH;001205
2026-01-30;SBR14D;SBI AAA-BBB D;CH0027441929;Duration;CHF;;;;;7.12;1988;;;;27866711;CH0278667115;CH27866711=S;0.50 PZ S464 15-30;703000000;100.5500000;0.3750000;0.369;4.201;709502750;709502750;;2015-05-04;2029-04-30;2025-04-30;2026-04-30;Maturity;2030-04-30;2030-04-30;100.0;100.0;4.33;Swiss Pfandbrief;0.5000;AAA;1.0000000;61010100;CH;001211
2026-01-30;SBR14D;SBI AAA-BBB D;CH0027441929;Duration;CHF;;;;;7.12;1988;;;;41904117;CH0419041170;CH41904117=S;0.20 PZ S512 19-29;710000000;99.6100000;0.0777778;0.309;3.599;707783222;707783222;;2019-05-14;2028-09-29;2025-09-10;2026-09-10;Maturity;2029-09-10;2029-09-10;100.0;100.0;3.69;Swiss Pfandbrief;0.2000;AAA;1.0000000;61010100;CH;001211
2026-01-30;SBR14D;SBI AAA-BBB D;CH0027441929;Duration;CHF;;;;;7.12;1988;;;;58903101;CH0589031019;CH58903101=S;0 PZ S529 21-29;712000000;99.2300000;0.0000000;0.257;3.014;706517600;706517600;;2021-02-16;2028-02-29;2021-02-17;2022-02-05;Maturity;2029-02-05;2029-02-05;100.0;100.0;3.09;Swiss Pfandbrief;0.0000;AAA;1.0000000;61010100;CH;001211
2026-01-30;SBR14D;SBI AAA-BBB D;CH0027441929;Duration;CHF;;;;;7.12;1988;;;;53903292;CH0539032927;CH53903292=S;0.125 PB S688 20-28;700000000;99.8400000;0.0809028;0.193;2.349;699446319;699446319;;2020-05-19;2027-06-30;2025-06-07;2026-06-07;Maturity;2028-06-07;2028-06-07;100.0;100.0;2.43;Swiss Pfandbrief;0.1250;AAA;1.0000000;61010100;CH;001205
2026-01-30;SBR14D;SBI AAA-BBB D;CH0027441929;Duration;CHF;;;;;7.12;1988;;;;135325782;CH1353257822;CH35325782=s;1.75 NOV 24-34;645000000;107.0500000;1.0888889;0.873;7.809;697495833;697495833;;2024-07-01;2033-06-30;2025-06-16;2026-06-16;Maturity;2034-06-16;2034-06-16;100.0;100.0;8.46;Domestic Non Government;1.7500;AA;1.0000000;73515100;CH;010152
2026-01-30;SBR14D;SBI AAA-BBB D;CH0027441929;Duration;CHF;;;;;7.12;1988;;;;12016848;CH0120168486;CH12016848=S;2.125 PB S533 10-28;658000000;105.4300000;0.3482639;0.203;2.776;696020976;696020976;;2010-12-15;2027-12-31;2025-12-01;2026-12-01;Maturity;2028-12-01;2028-12-01;100.0;100.0;2.92;Swiss Pfandbrief;2.1250;AAA;1.0000000;61010100;CH;001205
2026-01-30;SBR14D;SBI AAA-BBB D;CH0027441929;Duration;CHF;;;;;7.12;1988;;;;132327408;CH1323274089;CH32327408=S;1.625 PB S750 24-39;640000000;108.5300000;0.0090278;0.925;11.875;694649778;694649778;;2024-02-20;2038-01-29;2026-01-28;2027-01-28;Maturity;2039-01-28;2039-01-28;100.0;100.0;13.07;Swiss Pfandbrief;1.6250;AAA;1.0000000;61010100;CH;001205
2026-01-30;SBR14D;SBI AAA-BBB D;CH0027441929;Duration;CHF;;;;;7.12;1988;;;;128015430;CH1280154308;CH28015430=S;1.75 PB S745 23-33;636000000;108.4600000;0.1798611;0.648;7.455;690949517;690949517;;2023-10-02;2032-12-31;2025-12-23;2026-12-23;Maturity;2033-12-23;2033-12-23;100.0;100.0;7.98;Swiss Pfandbrief;1.7500;AAA;1.0000000;61010100;CH;001205
2026-01-30;SBR14D;SBI AAA-BBB D;CH0027441929;Duration;CHF;;;;;7.12;1988;;;;46123913;CH0461239136;CH46123913=S;0.125 PZ S516 20-32;705000000;97.5800000;0.1065972;0.526;6.121;688690510;688690510;;2020-02-03;2031-03-31;2025-03-23;2026-03-23;Maturity;2032-03-23;2032-03-23;100.0;100.0;6.23;Swiss Pfandbrief;0.1250;AAA;1.0000000;61010100;CH;001211
2026-01-30;SBR14D;SBI AAA-BBB D;CH0027441929;Duration;CHF;;;;;7.12;1988;;;;28252890;CH0282528907;CH28252890=S;1 PB S612 15-45;695000000;98.5600000;0.0138889;1.084;17.370;685088528;685088528;;2015-06-01;2044-01-29;2026-01-25;2027-01-25;Maturity;2045-01-25;2045-01-25;100.0;100.0;19.07;Swiss Pfandbrief;1.0000;AAA;1.0000000;61010100;CH;001205
2026-01-30;SBR14D;SBI AAA-BBB D;CH0027441929;Duration;CHF;;;;;7.12;1988;;;;18291088;CH0182910882;CH18291088=S;1.625 PZ S422 12-28;652000000;103.1700000;1.2774306;0.189;2.167;680997247;680997247;;2012-04-18;2027-04-30;2025-04-17;2026-04-17;Maturity;2028-04-17;2028-04-17;100.0;100.0;2.29;Swiss Pfandbrief;1.6250;AAA;1.0000000;61010100;CH;001211
2026-01-30;SBR14D;SBI AAA-BBB D;CH0027441929;Duration;CHF;;;;;7.12;1988;;;;32373562;CH0323735628;CH32373562=S;0.125 PB S631 16-27;680000000;99.9600000;0.0156250;0.146;1.874;679834250;679834250;;2016-06-01;2026-12-30;2025-12-15;2026-12-15;Maturity;2027-12-15;2027-12-15;100.0;100.0;1.96;Swiss Pfandbrief;0.1250;AAA;1.0000000;61010100;CH;001205
2026-01-30;SBR14D;SBI AAA-BBB D;CH0027441929;Duration;CHF;;;;;7.12;1988;;;;53689270;CH0536892703;CH53689270=S;0.125 PZ S519 20-32;696000000;97.5000000;0.0961806;0.534;6.204;679269417;679269417;;2020-06-02;2031-04-30;2025-04-23;2026-04-23;Maturity;2032-04-23;2032-04-23;100.0;100.0;6.31;Swiss Pfandbrief;0.1250;AAA;1.0000000;61010100;CH;001211
2026-01-30;SBR14D;SBI AAA-BBB D;CH0027441929;Duration;CHF;;;;;7.12;1988;;;;138119701;CH1381197016;CH38119701=S;0.625 PB S766 24-29;670000000;101.1100000;0.1076389;0.333;3.791;678158181;678158181;;2024-12-17;2028-11-30;2025-11-28;2026-11-28;Maturity;2029-11-28;2029-11-28;100.0;100.0;3.91;Swiss Pfandbrief;0.6250;AAA;1.0000000;61010100;CH;001205
2026-01-30;SBR14D;SBI AAA-BBB D;CH0027441929;Duration;CHF;;;;;7.12;1988;;;;137173675;CH1371736757;CH37173675=S;1.0 PB S759 24-33;656000000;102.7200000;0.6472222;0.620;7.086;678088978;678088978;;2024-09-02;2032-06-30;2025-06-07;2026-06-07;Maturity;2033-06-07;2033-06-07;100.0;100.0;7.43;Swiss Pfandbrief;1.0000;AAA;1.0000000;61010100;CH;001205
2026-01-30;SBR14D;SBI AAA-BBB D;CH0027441929;Duration;CHF;;;;;7.12;1988;;;;39863349;CH0398633492;CH39863349=S;0.75 PZ S505 18-32;666000000;101.1600000;0.2479167;0.572;6.516;675376725;675376725;;2018-10-17;2031-10-31;2025-10-01;2026-10-01;Maturity;2032-10-01;2032-10-01;100.0;100.0;6.75;Swiss Pfandbrief;0.7500;AAA;1.0000000;61010100;CH;001211
2026-01-30;SBR14D;SBI AAA-BBB D;CH0027441929;Duration;CHF;;;;;7.12;1988;;;;2698552;CH0026985520;CH2698552=S;2.875 KOM KR 31;590000000;113.3500000;0.8545139;0.495;5.329;673806632;673806632;;2006-11-01;2030-10-31;2025-10-13;2026-10-13;Maturity;2031-10-13;2031-10-13;100.0;100.0;5.78;Foreign Government;2.8750;AAA;1.0000000;52015100;DK;010343
2026-01-30;SBR14D;SBI AAA-BBB D;CH0027441929;Duration;CHF;;;;;7.12;1988;;;;128015432;CH1280154324;CH28015432=S;1.75 PB S746 23-49;593000000;113.2000000;0.0194444;1.097;19.399;671391306;671391306;;2023-10-02;2048-01-31;2026-01-26;2027-01-26;Maturity;2049-01-26;2049-01-26;100.0;100.0;23.07;Swiss Pfandbrief;1.7500;AAA;1.0000000;61010100;CH;001205
2026-01-30;SBR14D;SBI AAA-BBB D;CH0027441929;Duration;CHF;;;;;7.12;1988;;;;128015429;CH1280154290;CH28015429=S;1.75 PB S744 23-43;600000000;111.4900000;0.1798611;1.043;15.648;670019167;670019167;;2023-08-15;2042-12-31;2025-12-23;2026-12-23;Maturity;2043-12-23;2043-12-23;100.0;100.0;17.98;Swiss Pfandbrief;1.7500;AAA;1.0000000;61010100;CH;001205
2026-01-30;SBR14D;SBI AAA-BBB D;CH0027441929;Duration;CHF;;;;;7.12;1988;;;;135325780;CH1353257806;CH35325780=S;1.60 NOV 24-27;650000000;101.8500000;0.9866667;0.258;1.368;668438333;668438333;;2024-07-01;2026-06-30;2025-06-18;2026-06-18;Maturity;2027-06-18;2027-06-18;100.0;100.0;1.46;Domestic Non Government;1.6000;AA;1.0000000;73515100;CH;010152
2026-01-30;SBR14D;SBI AAA-BBB D;CH0027441929;Duration;CHF;;;;;7.12;1988;;;;147140390;CH1471403902;CH47140390=S;0.70 PZ S616 25-35;669000000;99.8300000;0.0291667;0.720;8.712;668057825;668057825;;2025-10-01;2034-01-31;2026-01-15;2027-01-15;Maturity;2035-01-15;2035-01-15;100.0;100.0;9.04;Swiss Pfandbrief;0.7000;AAA;1.0000000;61010100;CH;001211
2026-01-30;SBR14D;SBI AAA-BBB D;CH0027441929;Duration;CHF;;;;;7.12;1988;;;;44118650;CH0441186506;CH44118650=S;0.375 PB S666 18-27;660000000;100.3300000;0.2687500;0.117;1.280;663951750;663951750;;2018-11-20;2026-05-29;2025-05-12;2026-05-12;Maturity;2027-05-12;2027-05-12;100.0;100.0;1.36;Swiss Pfandbrief;0.3750;AAA;1.0000000;61010100;CH;001205
2026-01-30;SBR14D;SBI AAA-BBB D;CH0027441929;Duration;CHF;;;;;7.12;1988;;;;33093883;CH0330938835;CH33093883=S;0.25 PB S633 16-38;711000000;92.0400000;0.1222222;0.927;12.307;655273400;655273400;;2016-08-17;2037-08-31;2025-08-04;2026-08-04;Maturity;2038-08-04;2038-08-04;100.0;100.0;12.59;Swiss Pfandbrief;0.2500;AAA;1.0000000;61010100;CH;001205
2026-01-30;SBR14D;SBI AAA-BBB D;CH0027441929;Duration;CHF;;;;;7.12;1988;;;;119435505;CH1194355058;CH19435505=S;2.125 PB S721 22-32;590000000;110.2200000;0.6020833;0.570;6.319;653850292;653850292;;2022-07-19;2031-10-31;2025-10-18;2026-10-18;Maturity;2032-10-18;2032-10-18;100.0;100.0;6.80;Swiss Pfandbrief;2.1250;AAA;1.0000000;61010100;CH;001205
2026-01-30;SBR14D;SBI AAA-BBB D;CH0027441929;Duration;CHF;;;;;7.12;1988;;;;147140381;CH1471403811;CH47140381=S;0.50 PZ S614 25-31;649000000;100.2600000;0.1875000;0.448;5.031;651904275;651904275;;2025-09-16;2030-03-29;2025-09-15;2026-03-03;Maturity;2031-03-03;2031-03-03;100.0;100.0;5.17;Swiss Pfandbrief;0.5000;AAA;1.0000000;61010100;CH;001211
2026-01-30;SBR14D;SBI AAA-BBB D;CH0027441929;Duration;CHF;;;;;7.12;1988;;;;47129795;CH0471297959;CH47129795=S;0.25 NYL 19-27;650000000;99.9000000;0.0708333;0.308;1.714;649810417;649810417;;2019-05-02;2026-10-30;2025-10-18;2026-10-18;Maturity;2027-10-18;2027-10-18;100.0;100.0;1.80;Foreign Corporate;0.2500;AA;1.0000000;62510100;US;011557
2026-01-30;SBR14D;SBI AAA-BBB D;CH0027441929;Duration;CHF;;;;;7.12;1988;;;;118921791;CH1189217917;CH18921791=S;1.80 PZ S558 22-36;573000000;109.8600000;1.2350000;0.800;9.446;636574350;636574350;;2022-07-19;2035-05-31;2025-05-23;2026-05-23;Maturity;2036-05-23;2036-05-23;100.0;100.0;10.39;Swiss Pfandbrief;1.8000;AAA;1.0000000;61010100;CH;001211
2026-01-30;SBR14D;SBI AAA-BBB D;CH0027441929;Duration;CHF;;;;;7.12;1988;;;;147140382;CH1471403829;CH47140382=S;0.75 PZ S615 25-34;632000000;100.4100000;0.2812500;0.701;8.334;636368700;636368700;;2025-09-16;2033-09-30;2025-09-15;2026-09-04;Maturity;2034-09-04;2034-09-04;100.0;100.0;8.68;Swiss Pfandbrief;0.7500;AAA;1.0000000;61010100;CH;001211
2026-01-30;SBR14D;SBI AAA-BBB D;CH0027441929;Duration;CHF;;;;;7.12;1988;;;;116615190;CH1166151907;CH16615190=S;0.75 ROK 22-31;625000000;100.7000000;0.6979167;0.609;4.959;633736979;633736979;;2022-03-01;2030-02-28;2025-02-25;2026-02-25;Maturity;2031-02-25;2031-02-25;100.0;100.0;5.15;Domestic Non Government;0.7500;AA;1.0000000;73515100;CH;010368
2026-01-30;SBR14D;SBI AAA-BBB D;CH0027441929;Duration;CHF;;;;;7.12;1988;;;;126684721;CH1266847214;CH26684721=S;1.85 PZ S575 23-31;583000000;107.2700000;1.3618056;0.449;5.010;633323426;633323426;;2023-08-02;2030-05-31;2025-05-05;2026-05-05;Maturity;2031-05-05;2031-05-05;100.0;100.0;5.34;Swiss Pfandbrief;1.8500;AAA;1.0000000;61010100;CH;001211
2026-01-30;SBR14D;SBI AAA-BBB D;CH0027441929;Duration;CHF;;;;;7.12;1988;;;;135301500;CH1353015006;CH35301500=S;1.25 PB S756 24-28;611000000;102.6300000;0.5902778;0.206;2.492;630675897;630675897;;2024-08-02;2027-08-31;2025-08-10;2026-08-10;Maturity;2028-08-10;2028-08-10;100.0;100.0;2.61;Swiss Pfandbrief;1.2500;AAA;1.0000000;61010100;CH;001205
2026-01-30;SBR14D;SBI AAA-BBB D;CH0027441929;Duration;CHF;;;;;7.12;1988;;;;34755691;CH0347556919;CH34755691=S;0.375 PB S644 17-28;623000000;100.4300000;0.3218750;0.174;2.131;627684181;627684181;;2017-02-01;2027-03-31;2025-03-21;2026-03-21;Maturity;2028-03-21;2028-03-21;100.0;100.0;2.22;Swiss Pfandbrief;0.3750;AAA;1.0000000;61010100;CH;001205
2026-01-30;SBR14D;SBI AAA-BBB D;CH0027441929;Duration;CHF;;;;;7.12;1988;;;;33833042;CH0338330423;CH33833042=S;0.375 PB S640 16-43;700000000;89.2000000;0.1322917;1.049;17.043;625326042;625326042;;2016-10-03;2042-09-30;2025-09-23;2026-09-23;Maturity;2043-09-23;2043-09-23;100.0;100.0;17.73;Swiss Pfandbrief;0.3750;AAA;1.0000000;61010100;CH;001205
2026-01-30;SBR14D;SBI AAA-BBB D;CH0027441929;Duration;CHF;;;;;7.12;1988;;;;123210704;CH1232107040;CH23210704=S;1.80 PZ S568 22-34;569000000;109.3100000;0.2400000;0.713;8.288;623339500;623339500;;2022-12-20;2033-12-30;2025-12-12;2026-12-12;Maturity;2034-12-12;2034-12-12;100.0;100.0;8.95;Swiss Pfandbrief;1.8000;AAA;1.0000000;61010100;CH;001211
2026-01-30;SBR14D;SBI AAA-BBB D;CH0027441929;Duration;CHF;;;;;7.12;1988;;;;140938855;CH1409388555;CH40938855=S;1.125 PB S770 25-35;592000000;103.3800000;0.9718750;0.741;8.651;617763100;617763100;;2025-03-18;2034-03-31;2025-03-19;2026-03-15;Maturity;2035-03-15;2035-03-15;100.0;100.0;9.21;Swiss Pfandbrief;1.1250;AAA;1.0000000;61010100;CH;001205
2026-01-30;SBR14D;SBI AAA-BBB D;CH0027441929;Duration;CHF;;;;;7.12;1988;;;;123946473;CH1239464733;CH23946473=S;2.05 PZ S572 23-32;554000000;109.3000000;1.3951389;0.548;5.935;613251069;613251069;;2023-05-02;2031-05-30;2025-05-25;2026-05-25;Maturity;2032-05-25;2032-05-25;100.0;100.0;6.40;Swiss Pfandbrief;2.0500;AAA;1.0000000;61010100;CH;001211
2026-01-30;SBR14D;SBI AAA-BBB D;CH0027441929;Duration;CHF;;;;;7.12;1988;;;;50607116;CH0506071163;CH50607116=S;0 PZ S517 20-31;627000000;97.7200000;0.0000000;0.447;5.172;612704400;612704400;;2020-03-02;2030-04-30;2020-02-21;2020-04-02;Maturity;2031-04-02;2031-04-02;100.0;100.0;5.25;Swiss Pfandbrief;0.0000;AAA;1.0000000;61010100;CH;001211
2026-01-30;SBR14D;SBI AAA-BBB D;CH0027441929;Duration;CHF;;;;;7.12;1988;;;;41904250;CH0419042509;CH41904250=S;0.75 NESTLE 18-28;600000000;100.8500000;0.4416667;0.395;2.389;607750000;607750000;;2018-07-02;2027-06-30;2025-06-28;2026-06-28;Maturity;2028-06-28;2028-06-28;100.0;100.0;2.49;Domestic Non Government;0.7500;AA;1.0000000;73015100;CH;021262
2026-01-30;SBR14D;SBI AAA-BBB D;CH0027441929;Duration;CHF;;;;;7.12;1988;;;;120636742;CH1206367422;CH20636742=S;1.85 PZ S560 22-37;541000000;110.6200000;1.5313889;0.849;10.115;606739014;606739014;;2022-09-20;2036-04-30;2025-04-02;2026-04-02;Maturity;2037-04-02;2037-04-02;100.0;100.0;11.25;Swiss Pfandbrief;1.8500;AAA;1.0000000;61010100;CH;001211
2026-01-30;SBR14D;SBI AAA-BBB D;CH0027441929;Duration;CHF;;;;;7.12;1988;;;;131996861;CH1319968611;CH31996861=S;1.40 PZ S590 24-34;568000000;105.8500000;0.3266667;0.709;8.302;603083467;603083467;;2024-04-16;2033-11-30;2025-11-06;2026-11-06;Maturity;2034-11-06;2034-11-06;100.0;100.0;8.85;Swiss Pfandbrief;1.4000;AAA;1.0000000;61010100;CH;001211
2026-01-30;SBR14D;SBI AAA-BBB D;CH0027441929;Duration;CHF;;;;;7.12;1988;;;;120636758;CH1206367588;CH20636758=S;2.125 PZ S564 22-30;555000000;107.7100000;0.9503472;0.412;4.358;603064927;603064927;;2022-11-15;2029-08-31;2025-08-19;2026-08-19;Maturity;2030-08-19;2030-08-19;100.0;100.0;4.63;Swiss Pfandbrief;2.1250;AAA;1.0000000;61010100;CH;001211
2026-01-30;SBR14D;SBI AAA-BBB D;CH0027441929;Duration;CHF;;;;;7.12;1988;;;;127631326;CH1276313264;CH27631326=S;1.875 PB S741 23-50;508000000;116.4400000;1.1250000;1.103;20.012;597230200;597230200;;2023-07-03;2049-06-30;2025-06-24;2026-06-24;Maturity;2050-06-24;2050-06-24;100.0;100.0;24.48;Swiss Pfandbrief;1.8750;AAA;1.0000000;61010100;CH;001205
2026-01-30;SBR14D;SBI AAA-BBB D;CH0027441929;Duration;CHF;;;;;7.12;1988;;;;55333185;CH0553331858;CH55333185=S;0.125 PB S690 20-30;600000000;98.8200000;0.0618056;0.390;4.493;593290833;593290833;;2020-08-18;2029-08-31;2025-08-02;2026-08-02;Maturity;2030-08-02;2030-08-02;100.0;100.0;4.59;Swiss Pfandbrief;0.1250;AAA;1.0000000;61010100;CH;001205
2026-01-30;SBR14D;SBI AAA-BBB D;CH0027441929;Duration;CHF;;;;;7.12;1988;;;;29713236;CH0297132364;CH29713236=S;1 PB S619 15-36;580000000;102.0900000;0.0138889;0.782;9.558;592202556;592202556;;2015-10-01;2035-01-31;2026-01-25;2027-01-25;Maturity;2036-01-25;2036-01-25;100.0;100.0;10.07;Swiss Pfandbrief;1.0000;AAA;1.0000000;61010100;CH;001205
2026-01-30;SBR14D;SBI AAA-BBB D;CH0027441929;Duration;CHF;;;;;7.12;1988;;;;35342803;CH0353428037;CH35342803=S;0.50 PB S646 17-29;585000000;100.6400000;0.0541667;0.334;3.862;589060875;589060875;;2017-02-15;2028-12-29;2025-12-21;2026-12-21;Maturity;2029-12-21;2029-12-21;100.0;100.0;3.97;Swiss Pfandbrief;0.5000;AAA;1.0000000;61010100;CH;001205
2026-01-30;SBR14D;SBI AAA-BBB D;CH0027441929;Duration;CHF;;;;;7.12;1988;;;;29797489;CH0297974898;CH29797489=S;1 Coca-Cola 15-28;575000000;101.6500000;0.3277778;0.378;2.643;586372222;586372222;;2015-11-02;2027-10-29;2025-10-02;2026-10-02;Maturity;2028-10-02;2028-10-02;100.0;100.0;2.75;Foreign Corporate;1.0000;A;1.0000000;73015100;US;001964
2026-01-30;SBR14D;SBI AAA-BBB D;CH0027441929;Duration;CHF;;;;;7.12;1988;;;;34755692;CH0347556927;CH34755692=S;0.625 PB S645 17-37;600000000;97.6900000;0.0121528;0.846;10.640;586212917;586212917;;2017-02-01;2036-01-31;2026-01-23;2027-01-23;Maturity;2037-01-23;2037-01-23;100.0;100.0;11.06;Swiss Pfandbrief;0.6250;AAA;1.0000000;61010100;CH;001205
2026-01-30;SBR14D;SBI AAA-BBB D;CH0027441929;Duration;CHF;;;;;7.12;1988;;;;114872804;CH1148728046;CH14872804=S;0.10 PZ S541 21-31;595000000;98.0700000;0.0736111;0.472;5.249;583954486;583954486;;2022-01-18;2030-05-31;2025-05-05;2026-05-05;Maturity;2031-05-05;2031-05-05;100.0;100.0;5.34;Swiss Pfandbrief;0.1000;AAA;1.0000000;61010100;CH;001211
2026-01-30;SBR14D;SBI AAA-BBB D;CH0027441929;Duration;CHF;;;;;7.12;1988;;;;119435507;CH1194355074;CH19435507=S;2.25 PB S723 22-52;453000000;126.2500000;1.2812500;1.100;20.791;577716562;577716562;;2022-08-02;2051-07-31;2025-07-05;2026-07-05;Maturity;2052-07-05;2052-07-05;100.0;100.0;26.51;Swiss Pfandbrief;2.2500;AAA;1.0000000;61010100;CH;001205
2026-01-30;SBR14D;SBI AAA-BBB D;CH0027441929;Duration;CHF;;;;;7.12;1988;;;;135301503;CH1353015030;CH35301503=S;1.25 PB S758 24-47;556000000;103.1200000;0.6458333;1.086;18.904;576938033;576938033;;2024-08-02;2046-07-31;2025-07-24;2026-07-24;Maturity;2047-07-24;2047-07-24;100.0;100.0;21.56;Swiss Pfandbrief;1.2500;AAA;1.0000000;61010100;CH;001205
2026-01-30;SBR14D;SBI AAA-BBB D;CH0027441929;Duration;CHF;;;;;7.12;1988;;;;141847344;CH1418473448;CH41847344=S;0.6825 REPOFAT 25-35;575000000;99.5500000;0.6332083;0.734;8.772;576053448;576053448;;2025-03-03;2034-02-28;2025-02-26;2026-02-26;Maturity;2035-02-26;2035-02-26;100.0;100.0;9.15;Foreign Government;0.6825;AA;1.0000000;51010100;AT;010848
2026-01-30;SBR14D;SBI AAA-BBB D;CH0027441929;Duration;CHF;;;;;7.12;1988;;;;127631325;CH1276313256;CH276313256=S;2 PB S740 23-40;500000000;113.9000000;0.6444444;0.979;12.931;572722222;572722222;;2023-07-03;2039-10-31;2025-10-04;2026-10-04;Maturity;2040-10-04;2040-10-04;100.0;100.0;14.76;Swiss Pfandbrief;2.0000;AAA;1.0000000;61010100;CH;001205
2026-01-30;SBR14D;SBI AAA-BBB D;CH0027441929;Duration;CHF;;;;;7.12;1988;;;;131996862;CH1319968629;CH31996862=S;1.40 PZ S591 24-38;535000000;105.6800000;1.2250000;0.903;11.137;571941750;571941750;;2024-04-16;2037-03-31;2025-03-15;2026-03-15;Maturity;2038-03-15;2038-03-15;100.0;100.0;12.21;Swiss Pfandbrief;1.4000;AAA;1.0000000;61010100;CH;001211
2026-01-30;SBR14D;SBI AAA-BBB D;CH0027441929;Duration;CHF;;;;;7.12;1988;;;;126684728;CH1266847289;CH26684728=S;1.85 PZ S579 23-38;511000000;111.2100000;0.3288889;0.919;11.580;569963722;569963722;;2023-09-01;2037-11-30;2025-11-26;2026-11-26;Maturity;2038-11-26;2038-11-26;100.0;100.0;12.90;Swiss Pfandbrief;1.8500;AAA;1.0000000;61010100;CH;001211
2026-01-30;SBR14D;SBI AAA-BBB D;CH0027441929;Duration;CHF;;;;;7.12;1988;;;;145832036;CH1458320368;CH45832036=S;0.875 PB S774 25-34;560000000;101.4800000;0.2430556;0.699;8.419;569649111;569649111;;2025-09-16;2033-10-31;2025-10-20;2026-10-20;Maturity;2034-10-20;2034-10-20;100.0;100.0;8.80;Swiss Pfandbrief;0.8750;AAA;1.0000000;61010100;CH;001205
2026-01-30;SBR14D;SBI AAA-BBB D;CH0027441929;Duration;CHF;;;;;7.12;1988;;;;117056581;CH1170565811;CH17056581=S;1.45 PZ S552 22-42;527000000;106.3400000;1.2727778;1.021;14.381;567119339;567119339;;2022-05-02;2041-03-29;2025-03-14;2026-03-14;Maturity;2042-03-14;2042-03-14;100.0;100.0;16.20;Swiss Pfandbrief;1.4500;AAA;1.0000000;61010100;CH;001211
2026-01-30;SBR14D;SBI AAA-BBB D;CH0027441929;Duration;CHF;;;;;7.12;1988;;;;118921782;CH1189217826;CH18921782=S;1.50 PZ S553 22-29;540000000;104.5200000;0.1791667;0.326;3.795;565375500;565375500;;2022-07-01;2028-12-29;2025-12-17;2026-12-17;Maturity;2029-12-17;2029-12-17;100.0;100.0;3.96;Swiss Pfandbrief;1.5000;AAA;1.0000000;61010100;CH;001211
2026-01-30;SBR14D;SBI AAA-BBB D;CH0027441929;Duration;CHF;;;;;7.12;1988;;;;53689319;CH0536893198;CH53689319=S;0 PZ S524 20-28;564000000;99.5200000;0.0000000;0.201;2.392;561292800;561292800;;2020-09-15;2027-06-30;2020-09-03;2021-06-21;Maturity;2028-06-21;2028-06-21;100.0;100.0;2.47;Swiss Pfandbrief;0.0000;AAA;1.0000000;61010100;CH;001211
2026-01-30;SBR14D;SBI AAA-BBB D;CH0027441929;Duration;CHF;;;;;7.12;1988;;;;134103496;CH1341034960;CH34103496=S;1.50 PB S752 24-34;522000000;106.6300000;0.7916667;0.691;7.979;560741100;560741100;;2024-05-02;2033-07-29;2025-07-20;2026-07-20;Maturity;2034-07-20;2034-07-20;100.0;100.0;8.55;Swiss Pfandbrief;1.5000;AAA;1.0000000;61010100;CH;001205
2026-01-30;SBR14D;SBI AAA-BBB D;CH0027441929;Duration;CHF;;;;;7.12;1988;;;;50878571;CH0508785711;CH50878571=S;0.125 PB S681 19-31;570000000;97.8000000;0.0263889;0.512;5.770;557610417;557610417;;2019-11-19;2030-11-29;2025-11-14;2026-11-14;Maturity;2031-11-14;2031-11-14;100.0;100.0;5.87;Swiss Pfandbrief;0.1250;AAA;1.0000000;61010100;CH;001205
2026-01-30;SBR14D;SBI AAA-BBB D;CH0027441929;Duration;CHF;;;;;7.12;1988;;;;27019099;CH0270190991;CH27019099=S;0.625 NOV 15-29;550000000;100.9500000;0.1336806;0.372;3.749;555960243;555960243;;2015-03-02;2028-11-30;2025-11-13;2026-11-13;Maturity;2029-11-13;2029-11-13;100.0;100.0;3.87;Domestic Non Government;0.6250;AA;1.0000000;73515100;CH;010152
2026-01-30;SBR14D;SBI AAA-BBB D;CH0027441929;Duration;CHF;;;;;7.12;1988;;;;33833047;CH0338330472;CH33833047=S;0.25 PB S641 16-36;590000000;94.1400000;0.0736111;0.824;10.564;555860306;555860306;;2016-10-19;2035-10-31;2025-10-14;2026-10-14;Maturity;2036-10-14;2036-10-14;100.0;100.0;10.79;Swiss Pfandbrief;0.2500;AAA;1.0000000;61010100;CH;001205
2026-01-30;SBR14D;SBI AAA-BBB D;CH0027441929;Duration;CHF;;;;;7.12;1988;;;;121830195;CH1218301955;CH21830195=S;2.125 PB S730 22-32;500000000;109.9000000;1.1982639;0.555;6.039;555491319;555491319;;2022-10-18;2031-07-31;2025-07-07;2026-07-07;Maturity;2032-07-07;2032-07-07;100.0;100.0;6.52;Swiss Pfandbrief;2.1250;AAA;1.0000000;61010100;CH;001205
2026-01-30;SBR14D;SBI AAA-BBB D;CH0027441929;Duration;CHF;;;;;7.12;1988;;;;22448592;CH0224485927;CH22448592=S;2 KT VD 13-33;500000000;110.4000000;0.5333333;0.618;7.237;554666667;554666667;;2013-11-01;2032-10-29;2025-10-24;2026-10-24;Maturity;2033-10-24;2033-10-24;100.0;100.0;7.81;Domestic Non Government;2.0000;AAA;1.0000000;52515100;CH;001113
2026-01-30;SBR14D;SBI AAA-BBB D;CH0027441929;Duration;CHF;;;;;7.12;1988;;;;48525287;CH0485252875;CH48525287=S;0 PB S678 19-49;720000000;77.0000000;0.0000000;1.115;23.572;554400000;554400000;;2019-09-02;2048-08-31;2019-08-26;2020-08-26;Maturity;2049-08-26;2049-08-26;100.0;100.0;23.65;Swiss Pfandbrief;0.0000;AAA;1.0000000;61010100;CH;001205
2026-01-30;SBR14D;SBI AAA-BBB D;CH0027441929;Duration;CHF;;;;;7.12;1988;;;;53689290;CH0536892901;CH53689290=S;0.20 PZ S523 20-35;583000000;94.9500000;0.1094444;0.756;9.360;554196561;554196561;;2020-07-21;2034-07-31;2025-07-13;2026-07-13;Maturity;2035-07-13;2035-07-13;100.0;100.0;9.53;Swiss Pfandbrief;0.2000;AAA;1.0000000;61010100;CH;001211
2026-01-30;SBR14D;SBI AAA-BBB D;CH0027441929;Duration;CHF;;;;;7.12;1988;;;;52888116;CH0528881169;CH52888116=S;0 PB S685 20-30;560000000;98.6200000;0.0000000;0.342;4.072;552272000;552272000;;2020-04-01;2029-02-28;2020-03-27;2021-02-26;Maturity;2030-02-26;2030-02-26;100.0;100.0;4.15;Swiss Pfandbrief;0.0000;AAA;1.0000000;61010100;CH;001205
2026-01-30;SBR14D;SBI AAA-BBB D;CH0027441929;Duration;CHF;;;;;7.12;1988;;;;125592442;CH1255924420;CH25592442=S;2 PB S738 23-33;495000000;109.7200000;1.8166667;0.596;6.596;552106500;552106500;;2023-04-18;2032-03-31;2025-03-03;2026-03-03;Maturity;2033-03-03;2033-03-03;100.0;100.0;7.17;Swiss Pfandbrief;2.0000;AAA;1.0000000;61010100;CH;001205
2026-01-30;SBR14D;SBI AAA-BBB D;CH0027441929;Duration;CHF;;;;;7.12;1988;;;;38310433;CH0383104335;CH38310433=S;0.25 NESTLE 17-27;550000000;100.0500000;0.0805556;0.220;1.675;550718056;550718056;;2017-11-01;2026-10-30;2025-10-04;2026-10-04;Maturity;2027-10-04;2027-10-04;100.0;100.0;1.76;Foreign Corporate;0.2500;AA;1.0000000;73015100;US;002405
2026-01-30;SBR14D;SBI AAA-BBB D;CH0027441929;Duration;CHF;;;;;7.12;1988;;;;48525280;CH0485252800;CH48525280=S;0 PB S675 19-27;550000000;99.8200000;0.0000000;0.131;1.375;549010000;549010000;;2019-08-20;2026-06-30;2019-08-13;2020-06-15;Maturity;2027-06-15;2027-06-15;100.0;100.0;1.46;Swiss Pfandbrief;0.0000;AAA;1.0000000;61010100;CH;001205
2026-01-30;SBR14D;SBI AAA-BBB D;CH0027441929;Duration;CHF;;;;;7.12;1988;;;;31941593;CH0319415938;CH31941593=S;0.375 PB S628 16-32;551000000;99.1900000;0.0041667;0.513;5.933;546559858;546559858;;2016-05-02;2031-01-31;2026-01-26;2027-01-26;Maturity;2032-01-26;2032-01-26;100.0;100.0;6.07;Swiss Pfandbrief;0.3750;AAA;1.0000000;61010100;CH;001205
2026-01-30;SBR14D;SBI AAA-BBB D;CH0027441929;Duration;CHF;;;;;7.12;1988;;;;140547210;CH1405472106;CH40547210=S;0.85 PZ S601 25-34;535000000;101.4000000;0.0283333;0.669;7.737;542641583;542641583;;2025-02-18;2033-01-31;2026-01-18;2027-01-18;Maturity;2034-01-18;2034-01-18;100.0;100.0;8.05;Swiss Pfandbrief;0.8500;AAA;1.0000000;61010100;CH;001211
2026-01-30;SBR14D;SBI AAA-BBB D;CH0027441929;Duration;CHF;;;;;7.12;1988;;;;130611712;CH1306117123;CH30611712=S;1.45 PZ S584 23-39;509000000;106.2300000;0.0483333;0.937;11.947;540956717;540956717;;2023-12-19;2038-01-29;2026-01-18;2027-01-18;Maturity;2039-01-18;2039-01-18;100.0;100.0;13.05;Swiss Pfandbrief;1.4500;AAA;1.0000000;61010100;CH;001211
2026-01-30;SBR14D;SBI AAA-BBB D;CH0027441929;Duration;CHF;;;;;7.12;1988;;;;46005442;CH0460054429;CH46005442=S;0.875 PB S668 19-43;550000000;97.1700000;0.5371528;1.054;16.095;537389340;537389340;;2019-02-19;2042-06-30;2025-06-19;2026-06-19;Maturity;2043-06-19;2043-06-19;100.0;100.0;17.47;Swiss Pfandbrief;0.8750;AAA;1.0000000;61010100;CH;001205
2026-01-30;SBR14D;SBI AAA-BBB D;CH0027441929;Duration;CHF;;;;;7.12;1988;;;;29287789;CH0292877898;CH29287789=S;0.875 SHELL 15-28;525000000;101.4000000;0.3864583;0.324;2.533;534378906;534378906;;2015-09-01;2027-08-31;2025-08-21;2026-08-21;Maturity;2028-08-21;2028-08-21;100.0;100.0;2.64;Foreign Corporate;0.8750;AA;1.0000000;71010100;NL;014384
2026-01-30;SBR14D;SBI AAA-BBB D;CH0027441929;Duration;CHF;;;;;7.12;1988;;;;2448418;CH0024484187;CH2448418=S;2.55 ZURICH 06-36;450000000;116.0500000;2.2666667;0.884;8.957;532425000;532425000;;2006-03-15;2035-03-30;2025-03-10;2026-03-10;Maturity;2036-03-10;2036-03-10;100.0;100.0;10.19;Domestic Non Government;2.5500;AAA;1.0000000;53015100;CH;001146
2026-01-30;SBR14D;SBI AAA-BBB D;CH0027441929;Duration;CHF;;;;;7.12;1988;;;;32829806;CH0328298069;CH32829806=S;0.375 PB S632 16-39;570000000;92.6800000;0.2104167;0.958;13.087;529475375;529475375;;2016-07-20;2038-07-30;2025-07-08;2026-07-08;Maturity;2039-07-08;2039-07-08;100.0;100.0;13.52;Swiss Pfandbrief;0.3750;AAA;1.0000000;61010100;CH;001205
2026-01-30;SBR14D;SBI AAA-BBB D;CH0027441929;Duration;CHF;;;;;7.12;1988;;;;124941605;CH1249416053;CH24941605=S;2.125 PB S737 23-35;466000000;112.5700000;0.7850694;0.766;8.808;528234624;528234624;;2023-04-03;2034-09-29;2025-09-17;2026-09-17;Maturity;2035-09-17;2035-09-17;100.0;100.0;9.71;Swiss Pfandbrief;2.1250;AAA;1.0000000;61010100;CH;001205
2026-01-30;SBR14D;SBI AAA-BBB D;CH0027441929;Duration;CHF;;;;;7.12;1988;;;;123946474;CH1239464741;CH23946474=S;2.10 PZ S573 23-35;460000000;112.1100000;1.5925000;0.739;8.428;523031500;523031500;;2023-05-02;2034-04-28;2025-04-27;2026-04-27;Maturity;2035-04-27;2035-04-27;100.0;100.0;9.32;Swiss Pfandbrief;2.1000;AAA;1.0000000;61010100;CH;001211
2026-01-30;SBR14D;SBI AAA-BBB D;CH0027441929;Duration;CHF;;;;;7.12;1988;;;;33833041;CH0338330415;CH33833041=S;0.125 PB S639 16-32;535000000;97.1700000;0.0440972;0.560;6.621;520095420;520095420;;2016-10-03;2031-09-30;2025-09-23;2026-09-23;Maturity;2032-09-23;2032-09-23;100.0;100.0;6.73;Swiss Pfandbrief;0.1250;AAA;1.0000000;61010100;CH;001205
2026-01-30;SBR14D;SBI AAA-BBB D;CH0027441929;Duration;CHF;;;;;7.12;1988;;;;126684726;CH1266847263;CH26684726=S;1.80 PZ S577 23-29;490000000;105.3500000;0.7000000;0.308;3.510;519645000;519645000;;2023-09-01;2028-09-29;2025-09-10;2026-09-10;Maturity;2029-09-10;2029-09-10;100.0;100.0;3.69;Swiss Pfandbrief;1.8000;AAA;1.0000000;61010100;CH;001211
2026-01-30;SBR14D;SBI AAA-BBB D;CH0027441929;Duration;CHF;;;;;7.12;1988;;;;126441434;CH1264414348;CH26441434=S;2.13 TOYOTA 23-27;500000000;102.4200000;1.3312500;0.362;1.354;518756250;518756250;;2023-07-03;2026-06-30;2025-06-15;2026-06-15;Maturity;2027-06-15;2027-06-15;100.0;100.0;1.46;Foreign Corporate;2.1300;A;1.0000000;72510100;CH;021127
2026-01-30;SBR14D;SBI AAA-BBB D;CH0027441929;Duration;CHF;;;;;7.12;1988;;;;41904095;CH0419040958;CH41904095=S;0.70 PZ S510 19-39;530000000;97.1200000;0.6338889;0.935;12.467;518095611;518095611;;2019-03-19;2038-03-31;2025-03-04;2026-03-04;Maturity;2039-03-04;2039-03-04;100.0;100.0;13.18;Swiss Pfandbrief;0.7000;AAA;1.0000000;61010100;CH;001211
2026-01-30;SBR14D;SBI AAA-BBB D;CH0027441929;Duration;CHF;;;;;7.12;1988;;;;130027772;CH1300277725;CH30027772=S;2.035 UBSWITZ S231 23-33;470000000;109.3500000;0.5765833;0.781;7.209;516654942;516654942;;2023-11-01;2032-10-29;2025-10-18;2026-10-18;Maturity;2033-10-18;2033-10-18;100.0;100.0;7.80;Domestic Non Government;2.0350;AAA;1.0000000;61515100;CH;021142
2026-01-30;SBR14D;SBI AAA-BBB D;CH0027441929;Duration;CHF;;;;;7.12;1988;;;;24586398;CH0245863987;CH24586398=S;1.50 PZ S450 14-29;488000000;103.7400000;1.4791667;0.253;2.928;513469533;513469533;;2014-07-01;2028-02-29;2025-02-05;2026-02-05;Maturity;2029-02-05;2029-02-05;100.0;100.0;3.09;Swiss Pfandbrief;1.5000;AAA;1.0000000;61010100;CH;001211
2026-01-30;SBR14D;SBI AAA-BBB D;CH0027441929;Duration;CHF;;;;;7.12;1988;;;;134431676;CH1344316760;CH34431676=S;1.625 NESTLE 24-34;480000000;105.6500000;1.0833333;0.917;7.798;512320000;512320000;;2024-06-03;2033-05-31;2025-05-30;2026-05-30;Maturity;2034-05-30;2034-05-30;100.0;100.0;8.41;Domestic Non Government;1.6250;AA;1.0000000;73015100;CH;021262
2026-01-30;SBR14D;SBI AAA-BBB D;CH0027441929;Duration;CHF;;;;;7.12;1988;;;;26162741;CH0261627415;CH26162741=S;1.50 PB S602 14-40;477000000;106.9900000;0.2291667;0.991;13.451;511435425;511435425;;2014-12-17;2039-12-30;2025-12-05;2026-12-05;Maturity;2040-12-05;2040-12-05;100.0;100.0;14.93;Swiss Pfandbrief;1.5000;AAA;1.0000000;61010100;CH;001205
2026-01-30;SBR14D;SBI AAA-BBB D;CH0027441929;Duration;CHF;;;;;7.12;1988;;;;22862239;CH0228622392;CH22862239=S;2.125 PB S587 13-33;458000000;111.2300000;0.3659722;0.649;7.304;511109553;511109553;;2013-12-02;2032-11-30;2025-11-28;2026-11-28;Maturity;2033-11-28;2033-11-28;100.0;100.0;7.91;Swiss Pfandbrief;2.1250;AAA;1.0000000;61010100;CH;001205
2026-01-30;SBR14D;SBI AAA-BBB D;CH0027441929;Duration;CHF;;;;;7.12;1988;;;;119435511;CH1194355116;CH19435511=S;2.125 NESTLE 22-30;475000000;106.4500000;1.1510417;0.652;4.263;511104948;511104948;;2022-08-02;2029-07-31;2025-07-15;2026-07-15;Maturity;2030-07-15;2030-07-15;100.0;100.0;4.54;Domestic Non Government;2.1250;AA;1.0000000;73015100;CH;021262
2026-01-30;SBR14D;SBI AAA-BBB D;CH0027441929;Duration;CHF;;;;;7.12;1988;;;;53689341;CH0536893412;CH53689341=S;0 PZ S526 20-30;517000000;98.3200000;0.0000000;0.380;4.469;508314400;508314400;;2020-10-20;2029-07-31;2020-10-06;2021-07-19;Maturity;2030-07-19;2030-07-19;100.0;100.0;4.55;Swiss Pfandbrief;0.0000;AAA;1.0000000;61010100;CH;001211
2026-01-30;SBR14D;SBI AAA-BBB D;CH0027441929;Duration;CHF;;;;;7.12;1988;;;;2046907;CH0020469075;CH2046907=S;2.875 EUF 05-30;450000000;110.0500000;2.8430556;0.348;3.757;508018750;508018750;;2005-02-16;2029-02-28;2025-02-04;2026-02-04;Maturity;2030-02-04;2030-02-04;100.0;100.0;4.09;Domestic Non Government;2.8750;AA;1.0000000;51515100;CH;002993
2026-01-30;SBR14D;SBI AAA-BBB D;CH0027441929;Duration;CHF;;;;;7.12;1988;;;;138091031;CH1380910310;CH38091031=S;1.05 PZ S599 24-44;508000000;99.7000000;0.2625000;1.068;17.070;507809500;507809500;;2024-11-01;2043-10-30;2025-10-31;2026-10-31;Maturity;2044-10-31;2044-10-31;100.0;100.0;18.83;Swiss Pfandbrief;1.0500;AAA;1.0000000;61010100;CH;001211
2026-01-30;SBR14D;SBI AAA-BBB D;CH0027441929;Duration;CHF;;;;;7.12;1988;;;;131996841;CH1319968413;CH31996841=S;1.55 PZ S586 24-33;472000000;106.7500000;0.4133333;0.652;7.335;505810933;505810933;;2024-02-20;2032-10-29;2025-10-24;2026-10-24;Maturity;2033-10-24;2033-10-24;100.0;100.0;7.81;Swiss Pfandbrief;1.5500;AAA;1.0000000;61010100;CH;001211
2026-01-30;SBR14D;SBI AAA-BBB D;CH0027441929;Duration;CHF;;;;;7.12;1988;;;;123946463;CH1239464634;CH23946463=S;2.125 PZ S570 23-38;439000000;114.4100000;0.7614583;0.913;11.257;505602702;505602702;;2023-03-14;2037-09-30;2025-09-21;2026-09-21;Maturity;2038-09-21;2038-09-21;100.0;100.0;12.72;Swiss Pfandbrief;2.1250;AAA;1.0000000;61010100;CH;001211
2026-01-30;SBR14D;SBI AAA-BBB D;CH0027441929;Duration;CHF;;;;;7.12;1988;;;;28252889;CH0282528899;CH28252889=S;0.875 PB S611 15-37;500000000;100.2200000;0.5225694;0.855;10.847;503712847;503712847;;2015-06-01;2036-06-30;2025-06-25;2026-06-25;Maturity;2037-06-25;2037-06-25;100.0;100.0;11.48;Swiss Pfandbrief;0.8750;AAA;1.0000000;61010100;CH;001205
2026-01-30;SBR14D;SBI AAA-BBB D;CH0027441929;Duration;CHF;;;;;7.12;1988;;;;35357431;CH0353574319;CH35357431=S;0.30 BKB 17-27;500000000;100.1500000;0.1816667;0.192;1.391;501658333;501658333;;2017-07-03;2026-06-30;2025-06-22;2026-06-22;Maturity;2027-06-22;2027-06-22;100.0;100.0;1.48;Domestic Non Government;0.3000;AA;1.0000000;52510100;CH;002929
2026-01-30;SBR14D;SBI AAA-BBB D;CH0027441929;Duration;CHF;;;;;7.12;1988;;;;53726192;CH0537261924;CH53726192=S;0.125 PB S686 20-27;501000000;99.9900000;0.0579861;0.132;1.535;501240410;501240410;;2020-04-14;2026-08-31;2025-08-13;2026-08-13;Maturity;2027-08-13;2027-08-13;100.0;100.0;1.62;Swiss Pfandbrief;0.1250;AAA;1.0000000;61010100;CH;001205
2026-01-30;SBR14D;SBI AAA-BBB D;CH0027441929;Duration;CHF;;;;;7.12;1988;;;;131996858;CH1319968587;CH31996858=S;2.375 JB 24-31;460000000;106.8500000;1.9527778;1.010;4.855;500492778;500492778;;2024-05-02;2030-04-30;2025-04-04;2026-04-04;Maturity;2031-04-04;2031-04-04;100.0;100.0;5.26;Domestic Non Government;2.3750;A;1.0000000;74010100;CH;000578
2026-01-30;SBR14D;SBI AAA-BBB D;CH0027441929;Duration;CHF;;;;;7.12;1988;;;;41904128;CH0419041287;CH41904128=S;0.40 PARTNERS 19-27;500000000;99.7600000;0.2433333;0.573;1.388;500016667;500016667;;2019-07-01;2026-06-30;2025-06-21;2026-06-21;Maturity;2027-06-21;2027-06-21;100.0;100.0;1.47;Domestic Non Government;0.4000;A;1.0000000;74015100;CH;014428
2026-01-30;SBR14D;SBI AAA-BBB D;CH0027441929;Duration;CHF;;;;;7.12;1988;;;;58903111;CH0589031118;CH58903111=S;0.10 PZ S532 21-31;504000000;97.7600000;0.0325000;0.501;5.660;492874200;492874200;;2021-04-01;2030-10-31;2025-10-03;2026-10-03;Maturity;2031-10-03;2031-10-03;100.0;100.0;5.76;Swiss Pfandbrief;0.1000;AAA;1.0000000;61010100;CH;001211
2026-01-30;SBR14D;SBI AAA-BBB D;CH0027441929;Duration;CHF;;;;;7.12;1988;;;;127347540;CH1273475405;CH27347540=S;2 NESTLE 23-33;450000000;108.1000000;1.1777778;0.867;6.909;491750000;491750000;;2023-07-03;2032-06-30;2025-06-28;2026-06-28;Maturity;2033-06-28;2033-06-28;100.0;100.0;7.49;Domestic Non Government;2.0000;AA;1.0000000;73015100;CH;021262
2026-01-30;SBR14D;SBI AAA-BBB D;CH0027441929;Duration;CHF;;;;;7.12;1988;;;;41904118;CH0419041188;CH41904118=S;0.50 PZ S513 19-34;494000000;98.4500000;0.3541667;0.693;8.113;488092583;488092583;;2019-05-14;2033-05-31;2025-05-15;2026-05-15;Maturity;2034-05-15;2034-05-15;100.0;100.0;8.37;Swiss Pfandbrief;0.5000;AAA;1.0000000;61010100;CH;001211
2026-01-30;SBR14D;SBI AAA-BBB D;CH0027441929;Duration;CHF;;;;;7.12;1988;;;;135072779;CH1350727793;CH35072779=S;1.80 SCM 24-34;455000000;106.1500000;0.7850000;1.024;7.758;486554250;486554250;;2024-06-03;2033-05-31;2025-08-23;2026-08-23;Next Call;2034-05-23;2034-08-23;100.0;100.0;8.39;Domestic Non Government;1.8000;A;1.0000000;75010100;CH;010711
2026-01-30;SBR14D;SBI AAA-BBB D;CH0027441929;Duration;CHF;;;;;7.12;1988;;;;134103498;CH1341034986;CH34103498=S;1.375 PB S754 24-54;450000000;106.5700000;1.0541667;1.103;23.533;484308750;484308750;;2024-05-02;2053-04-30;2025-04-24;2026-04-24;Maturity;2054-04-24;2054-04-24;100.0;100.0;28.31;Swiss Pfandbrief;1.3750;AAA;1.0000000;61010100;CH;001205
2026-01-30;SBR14D;SBI AAA-BBB D;CH0027441929;Duration;CHF;;;;;7.12;1988;;;;39961130;CH0399611307;CH39961130=S;0.35 LU KB 18-27;475000000;100.2000000;0.3451389;0.152;1.010;477589410;477589410;;2018-03-01;2026-02-27;2025-02-05;2026-02-05;Maturity;2027-02-05;2027-02-05;100.0;100.0;1.09;Domestic Non Government;0.3500;AA;1.0000000;52510100;CH;000431
2026-01-30;SBR14D;SBI AAA-BBB D;CH0027441929;Duration;CHF;;;;;7.12;1988;;;;131996840;CH1319968405;CH31996840=S;1.50 PZ S585 24-31;447000000;105.3100000;1.2416667;0.459;4.963;476285950;476285950;;2024-02-20;2030-04-30;2025-04-02;2026-04-02;Maturity;2031-04-02;2031-04-02;100.0;100.0;5.25;Swiss Pfandbrief;1.5000;AAA;1.0000000;61010100;CH;001211
2026-01-30;SBR14D;SBI AAA-BBB D;CH0027441929;Duration;CHF;;;;;7.12;1988;;;;2623349;CH0026233491;CH2623349=S;3.25 BKNWB 06-29;425000000;110.2500000;1.5618056;0.316;3.346;475200174;475200174;;2006-08-16;2028-08-31;2025-08-07;2026-08-07;Maturity;2029-08-07;2029-08-07;100.0;100.0;3.60;Foreign Government;3.2500;AAA;1.0000000;52015100;NL;010359
2026-01-30;SBR14D;SBI AAA-BBB D;CH0027441929;Duration;CHF;;;;;7.12;1988;;;;111822342;CH1118223424;CH11822342=S;0.10 PZ S537 21-32;488000000;97.1500000;0.0597222;0.554;6.381;474383444;474383444;;2021-07-20;2031-06-30;2025-06-25;2026-06-25;Maturity;2032-06-25;2032-06-25;100.0;100.0;6.48;Swiss Pfandbrief;0.1000;AAA;1.0000000;61010100;CH;001211
2026-01-30;SBR14D;SBI AAA-BBB D;CH0027441929;Duration;CHF;;;;;7.12;1988;;;;124365199;CH1243651994;CH24365199=S;2.10 LONZA 23-29;450000000;104.5500000;0.8050000;0.818;3.498;474097500;474097500;;2023-03-01;2028-12-29;2025-09-12;2026-09-12;Maturity;2029-09-12;2029-09-12;100.0;100.0;3.70;Domestic Non Government;2.1000;BBB;1.0000000;73515100;CH;018926
2026-01-30;SBR14D;SBI AAA-BBB D;CH0027441929;Duration;CHF;;;;;7.12;1988;;;;114275425;CH1142754253;CH14275425=S;0.25 PB S708 21-32;480000000;98.3500000;0.2222222;0.525;6.058;473146667;473146667;;2021-11-16;2031-03-31;2025-03-10;2026-03-10;Maturity;2032-03-10;2032-03-10;100.0;100.0;6.19;Swiss Pfandbrief;0.2500;AAA;1.0000000;61010100;CH;001205
2026-01-30;SBR14D;SBI AAA-BBB D;CH0027441929;Duration;CHF;;;;;7.12;1988;;;;113296632;CH1132966321;CH13296632=S;0.125 PB S706 21-31;480000000;98.0100000;0.0559028;0.489;5.534;470716333;470716333;;2021-10-19;2030-08-30;2025-08-19;2026-08-19;Maturity;2031-08-19;2031-08-19;100.0;100.0;5.63;Swiss Pfandbrief;0.1250;AAA;1.0000000;61010100;CH;001205
2026-01-30;SBR14D;SBI AAA-BBB D;CH0027441929;Duration;CHF;;;;;7.12;1988;;;;111201157;CH1112011577;CH11201157=S;0.31 BANSAN 21-28;465000000;99.6000000;0.1989167;0.481;2.349;464064963;464064963;;2021-07-01;2027-06-30;2025-06-09;2026-06-09;Maturity;2028-06-09;2028-06-09;100.0;100.0;2.44;Foreign Corporate;0.3100;A;1.0000000;74010100;ES;020586
2026-01-30;SBR14D;SBI AAA-BBB D;CH0027441929;Duration;CHF;;;;;7.12;1988;;;;135325781;CH1353257814;CH35325781=S;1.65 NOV 24-31;435000000;105.4000000;1.0175000;0.627;5.153;462916125;462916125;;2024-07-01;2030-06-28;2025-06-18;2026-06-18;Maturity;2031-06-18;2031-06-18;100.0;100.0;5.46;Domestic Non Government;1.6500;AA;1.0000000;73515100;CH;010152
2026-01-30;SBR14D;SBI AAA-BBB D;CH0027441929;Duration;CHF;;;;;7.12;1988;;;;110567268;CH1105672682;CH10567268=S;0.125 NYL 21-30;475000000;97.3500000;0.0649306;0.728;4.468;462720920;462720920;;2021-05-03;2029-07-31;2025-07-23;2026-07-23;Maturity;2030-07-23;2030-07-23;100.0;100.0;4.56;Foreign Corporate;0.1250;AA;1.0000000;62510100;US;011557
2026-01-30;SBR14D;SBI AAA-BBB D;CH0027441929;Duration;CHF;;;;;7.12;1988;;;;124941604;CH1249416046;CH24941604=S;2.125 PB S736 23-30;425000000;108.0700000;0.4427083;0.420;4.597;461179010;461179010;;2023-04-03;2029-11-30;2025-11-15;2026-11-15;Maturity;2030-11-15;2030-11-15;100.0;100.0;4.87;Swiss Pfandbrief;2.1250;AAA;1.0000000;61010100;CH;001205
2026-01-30;SBR14D;SBI AAA-BBB D;CH0027441929;Duration;CHF;;;;;7.12;1988;;;;55333186;CH0553331866;CH55333186=S;0.25 PB S691 20-41;510000000;89.4800000;0.2187500;1.003;14.806;457463625;457463625;;2020-08-18;2040-03-30;2025-03-15;2026-03-15;Maturity;2041-03-15;2041-03-15;100.0;100.0;15.21;Swiss Pfandbrief;0.2500;AAA;1.0000000;61010100;CH;001205
2026-01-30;SBR14D;SBI AAA-BBB D;CH0027441929;Duration;CHF;;;;;7.12;1988;;;;27431478;CH0274314787;CH27431478=S;0.75 BL KB 15-28;450000000;101.0000000;0.6250000;0.286;2.145;457312500;457312500;;2015-04-01;2027-03-31;2025-03-30;2026-03-30;Maturity;2028-03-30;2028-03-30;100.0;100.0;2.25;Domestic Non Government;0.7500;AA;1.0000000;52510100;CH;000414
2026-01-30;SBR14D;SBI AAA-BBB D;CH0027441929;Duration;CHF;;;;;7.12;1988;;;;128099428;CH1280994281;CH28099428=S;1.87 LLOYDS 23-27;440000000;102.5000000;0.7791667;0.285;1.565;454428333;454428333;;2023-09-01;2026-08-31;2025-08-31;2026-08-31;Maturity;2027-08-31;2027-08-31;100.0;100.0;1.66;Foreign Corporate;1.8700;AAA;1.0000000;61515100;GB;011273
2026-01-30;SBR14D;SBI AAA-BBB D;CH0027441929;Duration;CHF;;;;;7.12;1988;;;;117056565;CH1170565654;CH17056565=S;0.75 PZ S547 22-30;445000000;101.5200000;0.3354167;0.412;4.480;453256604;453256604;;2022-04-01;2029-08-31;2025-08-19;2026-08-19;Maturity;2030-08-19;2030-08-19;100.0;100.0;4.63;Swiss Pfandbrief;0.7500;AAA;1.0000000;61010100;CH;001211
2026-01-30;SBR14D;SBI AAA-BBB D;CH0027441929;Duration;CHF;;;;;7.12;1988;;;;33635276;CH0336352767;CH33635276=S;0.375 PB S637 16-46;521000000;86.7000000;0.2343750;1.108;19.533;452928094;452928094;;2016-09-21;2045-06-30;2025-06-15;2026-06-15;Maturity;2046-06-15;2046-06-15;100.0;100.0;20.46;Swiss Pfandbrief;0.3750;AAA;1.0000000;61010100;CH;001205
2026-01-30;SBR14D;SBI AAA-BBB D;CH0027441929;Duration;CHF;;;;;7.12;1988;;;;48217239;CH0482172399;CH48217239=S;0.50 PB S674 19-41;486000000;92.7500000;0.3097222;1.011;14.767;452270250;452270250;;2019-06-18;2040-06-29;2025-06-17;2026-06-17;Maturity;2041-06-17;2041-06-17;100.0;100.0;15.46;Swiss Pfandbrief;0.5000;AAA;1.0000000;61010100;CH;001205
2026-01-30;SBR14D;SBI AAA-BBB D;CH0027441929;Duration;CHF;;;;;7.12;1988;;;;142393161;CH1423931612;CH42393161=S;0.90 PZ S604 25-34;441000000;101.6300000;0.5625000;0.699;8.064;450668925;450668925;;2025-05-02;2033-06-30;2025-06-15;2026-06-15;Maturity;2034-06-15;2034-06-15;100.0;100.0;8.46;Swiss Pfandbrief;0.9000;AAA;1.0000000;61010100;CH;001211
2026-01-30;SBR14D;SBI AAA-BBB D;CH0027441929;Duration;CHF;;;;;7.12;1988;;;;111201153;CH1112011536;CH11201153=S;0.40 GOLDMANGR 21-28;450000000;99.7500000;0.2877778;0.510;2.269;450170000;450170000;;2021-06-01;2027-05-31;2025-05-11;2026-05-11;Maturity;2028-05-11;2028-05-11;100.0;100.0;2.36;Foreign Corporate;0.4000;A;1.0000000;74015100;US;012003
2026-01-30;SBR14D;SBI AAA-BBB D;CH0027441929;Duration;CHF;;;;;7.12;1988;;;;127347541;CH1273475413;CH27347541=S;2.125 NESTLE 23-38;400000000;110.9500000;1.2513889;1.172;11.002;448805556;448805556;;2023-07-03;2037-06-30;2025-06-28;2026-06-28;Maturity;2038-06-28;2038-06-28;100.0;100.0;12.49;Domestic Non Government;2.1250;AA;1.0000000;73015100;CH;021262
2026-01-30;SBR14D;SBI AAA-BBB D;CH0027441929;Duration;CHF;;;;;7.12;1988;;;;113296634;CH1132966347;CH13296634=S;0.20  SIX 21-29;450000000;99.1000000;0.0677778;0.448;3.649;446255000;446255000;;2021-10-01;2028-06-30;2025-09-28;2026-09-28;Maturity;2029-06-28;2029-09-28;100.0;100.0;3.49;Domestic Non Government;0.2000;A;1.0000000;74015100;CH;020975
2026-01-30;SBR14D;SBI AAA-BBB D;CH0027441929;Duration;CHF;;;;;7.12;1988;;;;123946470;CH1239464709;CH23946470=S;2.75 ZKB 23-28;425000000;102.7500000;2.1465278;0.482;1.193;445810243;445810243;;2023-05-02;2026-04-30;2025-04-19;2026-04-19;Next Call;2027-04-19;2028-04-19;100.0;100.0;1.30;Domestic Non Government;2.7500;AA;1.0000000;74010100;CH;000210
2026-01-30;SBR14D;SBI AAA-BBB D;CH0027441929;Duration;CHF;;;;;7.12;1988;;;;133111348;CH1331113485;CH33111348=S;1.840 THERMO 24-32;415000000;105.0500000;1.6458672;0.950;5.525;442787849;442787849;;2024-04-02;2030-12-30;2025-03-08;2026-03-08;Next Call;2031-12-08;2032-03-08;100.0;100.0;5.94;Foreign Corporate;1.8401;A;1.0000000;73510100;US;020514
2026-01-30;SBR14D;SBI AAA-BBB D;CH0027441929;Duration;CHF;;;;;7.12;1988;;;;55041342;CH0550413428;CH55041342=S;0.25 PB S689 20-42;500000000;88.0500000;0.0791667;1.033;16.319;440645833;440645833;;2020-08-03;2041-10-31;2025-10-06;2026-10-06;Maturity;2042-10-06;2042-10-06;100.0;100.0;16.76;Swiss Pfandbrief;0.2500;AAA;1.0000000;61010100;CH;001205
2026-01-30;SBR14D;SBI AAA-BBB D;CH0027441929;Duration;CHF;;;;;7.12;1988;;;;19224127;CH0192241278;CH19224127=S;1.375 PB S572 12-27;429000000;101.8900000;0.6378472;0.142;1.523;439844465;439844465;;2012-08-15;2026-08-31;2025-08-13;2026-08-13;Maturity;2027-08-13;2027-08-13;100.0;100.0;1.62;Swiss Pfandbrief;1.3750;AAA;1.0000000;61010100;CH;001205
2026-01-30;SBR14D;SBI AAA-BBB D;CH0027441929;Duration;CHF;;;;;7.12;1988;;;;130027780;CH1300277808;CH30027780=S;1.75 PB S747 23-43;390000000;111.1200000;1.4875000;1.039;14.901;439169250;439169250;;2023-12-01;2042-03-31;2025-03-24;2026-03-24;Maturity;2043-03-24;2043-03-24;100.0;100.0;17.23;Swiss Pfandbrief;1.7500;AAA;1.0000000;61010100;CH;001205
2026-01-30;SBR14D;SBI AAA-BBB D;CH0027441929;Duration;CHF;;;;;7.12;1988;;;;114509616;CH1145096165;CH14509616=S;0.435 UBSG 21-28;440000000;99.7000000;0.0978750;0.544;2.762;439110650;439110650;;2021-12-01;2026-11-30;2025-11-09;2026-11-09;Maturity;2027-11-09;2028-11-09;100.0;100.0;1.86;Domestic Non Government;0.4350;A;1.0000000;74015100;CH;020306
2026-01-30;SBR14D;SBI AAA-BBB D;CH0027441929;Duration;CHF;;;;;7.12;1988;;;;117953502;CH1179535021;CH17953502=S;1.625 PB S719 22-38;400000000;108.3900000;1.2052083;0.899;11.141;438380833;438380833;;2022-05-17;2037-05-29;2025-05-03;2026-05-03;Maturity;2038-05-03;2038-05-03;100.0;100.0;12.34;Swiss Pfandbrief;1.6250;AAA;1.0000000;61010100;CH;001205
2026-01-30;SBR14D;SBI AAA-BBB D;CH0027441929;Duration;CHF;;;;;7.12;1988;;;;123946472;CH1239464725;CH23946472=S;2 PZ S571 23-29;410000000;106.4100000;0.2388889;0.335;3.769;437260444;437260444;;2023-05-02;2028-12-29;2025-12-17;2026-12-17;Maturity;2029-12-17;2029-12-17;100.0;100.0;3.96;Swiss Pfandbrief;2.0000;AAA;1.0000000;61010100;CH;001211
2026-01-30;SBR14D;SBI AAA-BBB D;CH0027441929;Duration;CHF;;;;;7.12;1988;;;;149618652;CH1496186524;CH49618652=S;0.917 QUE 25-35;435000000;100.1500000;0.2446667;0.901;9.334;436716800;436716800;;2025-11-03;2034-10-31;2025-10-24;2026-10-24;Maturity;2035-10-24;2035-10-24;100.0;100.0;9.81;Foreign Government;0.9175;AA;1.0000000;52515100;CA;010609
2026-01-30;SBR14D;SBI AAA-BBB D;CH0027441929;Duration;CHF;;;;;7.12;1988;;;;53689321;CH0536893214;CH53689321=S;0.125 PZ S525 20-35;463000000;94.1300000;0.0510417;0.762;9.533;436058223;436058223;;2020-09-15;2034-09-29;2025-09-03;2026-09-03;Maturity;2035-09-03;2035-09-03;100.0;100.0;9.67;Swiss Pfandbrief;0.1250;AAA;1.0000000;61010100;CH;001211
2026-01-30;SBR14D;SBI AAA-BBB D;CH0027441929;Duration;CHF;;;;;7.12;1988;;;;48217237;CH0482172373;CH48217237=S;0.125 PB S673 19-30;442000000;98.6000000;0.0173611;0.417;4.849;435888736;435888736;;2019-06-18;2029-12-31;2025-12-10;2026-12-10;Maturity;2030-12-10;2030-12-10;100.0;100.0;4.94;Swiss Pfandbrief;0.1250;AAA;1.0000000;61010100;CH;001205
2026-01-30;SBR14D;SBI AAA-BBB D;CH0027441929;Duration;CHF;;;;;7.12;1988;;;;43467839;CH0434678394;CH434678394=S;0.625 PB S663 18-28;430000000;101.0800000;0.1927083;0.222;2.673;435472646;435472646;;2018-10-17;2027-10-29;2025-10-09;2026-10-09;Maturity;2028-10-09;2028-10-09;100.0;100.0;2.77;Swiss Pfandbrief;0.6250;AAA;1.0000000;61010100;CH;001205
2026-01-30;SBR14D;SBI AAA-BBB D;CH0027441929;Duration;CHF;;;;;7.12;1988;;;;31559392;CH0315593928;CH31559392=S;0.40 KT GE 16-36;450000000;96.4000000;0.3022222;0.767;10.022;435160000;435160000;;2016-05-02;2035-04-30;2025-04-28;2026-04-28;Maturity;2036-04-28;2036-04-28;100.0;100.0;10.32;Domestic Non Government;0.4000;AA;1.0000000;52515100;CH;001105
2026-01-30;SBR14D;SBI AAA-BBB D;CH0027441929;Duration;CHF;;;;;7.12;1988;;;;126482343;CH1264823431;CH26482343=S;2.04 QUE 23-33;390000000;109.2000000;1.4790000;0.736;6.767;431648100;431648100;;2023-06-01;2032-05-31;2025-05-09;2026-05-09;Maturity;2033-05-09;2033-05-09;100.0;100.0;7.36;Foreign Government;2.0400;AA;1.0000000;52515100;CA;010609
2026-01-30;SBR14D;SBI AAA-BBB D;CH0027441929;Duration;CHF;;;;;7.12;1988;;;;110109662;CH1101096621;CH10109662=S;0 KT ZH 21-33;450000000;95.5500000;0.0000000;0.587;7.778;429975000;429975000;;2021-05-18;2032-11-30;2021-05-10;2021-11-10;Maturity;2033-11-10;2033-11-10;100.0;100.0;7.86;Domestic Non Government;0.0000;AAA;1.0000000;52515100;CH;001116
2026-01-30;SBR14D;SBI AAA-BBB D;CH0027441929;Duration;CHF;;;;;7.12;1988;;;;116849977;CH1168499775;CH16849977=S;0.75 ABBLTD 22-27;425000000;100.5300000;0.6354167;0.253;1.063;429953021;429953021;;2022-04-01;2026-02-27;2025-03-25;2026-03-25;Next Call;2027-02-25;2027-03-25;100.0;100.0;1.15;Domestic Non Government;0.7500;A;1.0000000;72010100;CH;010881
2026-01-30;SBR14D;SBI AAA-BBB D;CH0027441929;Duration;CHF;;;;;7.12;1988;;;;137173681;CH1371736815;CH37173681=S;1.097 ROK 24-34;420000000;101.8500000;0.4390000;0.873;8.223;429613800;429613800;;2024-09-17;2033-09-30;2025-09-06;2026-09-06;Maturity;2034-09-06;2034-09-06;100.0;100.0;8.68;Domestic Non Government;1.0975;AA;1.0000000;73515100;CH;010368
2026-01-30;SBR14D;SBI AAA-BBB D;CH0027441929;Duration;CHF;;;;;7.12;1988;;;;37347696;CH0373476966;CH37347696=S;0.75 PZ S502 18-33;422000000;100.8600000;0.4562500;0.630;7.187;427554575;427554575;;2018-07-02;2032-06-30;2025-06-21;2026-06-21;Maturity;2033-06-21;2033-06-21;100.0;100.0;7.47;Swiss Pfandbrief;0.7500;AAA;1.0000000;61010100;CH;001211
2026-01-30;SBR14D;SBI AAA-BBB D;CH0027441929;Duration;CHF;;;;;7.12;1988;;;;132150835;CH1321508355;CH32150835=S;1.83 TOMOFI 24-28;410000000;103.4500000;0.6710000;0.507;2.581;426896100;426896100;;2024-07-01;2027-09-30;2025-09-18;2026-09-18;Maturity;2028-09-18;2028-09-18;100.0;100.0;2.71;Foreign Corporate;1.8300;A;1.0000000;72510100;CH;021127
2026-01-30;SBR14D;SBI AAA-BBB D;CH0027441929;Duration;CHF;;;;;7.12;1988;;;;25290376;CH0252903767;CH25290376=S;1.375 KT BL 14-34;400000000;106.1000000;0.4621528;0.649;8.208;426248611;426248611;;2014-10-01;2033-09-30;2025-09-29;2026-09-29;Maturity;2034-09-29;2034-09-29;100.0;100.0;8.74;Domestic Non Government;1.3750;AAA;1.0000000;52515100;CH;001096
2026-01-30;SBR14D;SBI AAA-BBB D;CH0027441929;Duration;CHF;;;;;7.12;1988;;;;137173677;CH1371736773;CH37173677=S;1.0 PB S761 24-49;431000000;97.9300000;0.7555556;1.101;20.666;425334744;425334744;;2024-09-02;2048-04-30;2025-04-28;2026-04-28;Maturity;2049-04-28;2049-04-28;100.0;100.0;23.32;Swiss Pfandbrief;1.0000;AAA;1.0000000;61010100;CH;001205
2026-01-30;SBR14D;SBI AAA-BBB D;CH0027441929;Duration;CHF;;;;;7.12;1988;;;;134255104;CH1342551046;CH34255104=S;1.55 VA BK 24-32;400000000;105.0500000;1.1926389;0.718;5.928;424970556;424970556;;2024-05-02;2031-04-30;2025-04-23;2026-04-23;Maturity;2032-04-23;2032-04-23;100.0;100.0;6.31;Domestic Non Government;1.5500;AAA;1.0000000;61515100;CH;012553
2026-01-30;SBR14D;SBI AAA-BBB D;CH0027441929;Duration;CHF;;;;;7.12;1988;;;;32621392;CH0326213920;CH32621392=S;0.60 KT GE 16-46;460000000;92.0000000;0.3433333;1.037;19.154;424779333;424779333;;2016-07-20;2045-07-31;2025-07-04;2026-07-04;Maturity;2046-07-04;2046-07-04;100.0;100.0;20.51;Domestic Non Government;0.6000;AA;1.0000000;52515100;CH;001105
2026-01-30;SBR14D;SBI AAA-BBB D;CH0027441929;Duration;CHF;;;;;7.12;1988;;;;38787903;CH0387879031;CH38787903=S;0.25 KT GE 17-27;420000000;100.2000000;0.0423611;0.141;1.828;421017917;421017917;;2017-12-01;2026-11-30;2025-11-29;2026-11-29;Maturity;2027-11-29;2027-11-29;100.0;100.0;1.91;Domestic Non Government;0.2500;AA;1.0000000;52515100;CH;001105
2026-01-30;SBR14D;SBI AAA-BBB D;CH0027441929;Duration;CHF;;;;;7.12;1988;;;;37094355;CH0370943554;CH37094355=S;0.625 PB S652 17-39;437000000;95.6900000;0.1770833;0.962;13.149;418939154;418939154;;2017-07-03;2038-10-29;2025-10-18;2026-10-18;Maturity;2039-10-18;2039-10-18;100.0;100.0;13.80;Swiss Pfandbrief;0.6250;AAA;1.0000000;61010100;CH;001205
2026-01-30;SBR14D;SBI AAA-BBB D;CH0027441929;Duration;CHF;;;;;7.12;1988;;;;2414110;CH0024141100;CH2414110=S;2.50 CFF 06-31;375000000;109.1000000;2.3333333;0.667;4.733;417875000;417875000;;2006-03-01;2030-02-28;2025-02-24;2026-02-24;Maturity;2031-02-24;2031-02-24;100.0;100.0;5.15;Foreign Corporate;2.5000;AAA;1.0000000;61510100;FR;001556
2026-01-30;SBR14D;SBI AAA-BBB D;CH0027441929;Duration;CHF;;;;;7.12;1988;;;;134103504;CH1341035041;CH34103504=S;1.875 NYL 24-32;390000000;105.4000000;1.3697917;0.982;5.908;416402188;416402188;;2024-06-03;2031-05-30;2025-05-07;2026-05-07;Maturity;2032-05-07;2032-05-07;100.0;100.0;6.35;Foreign Corporate;1.8750;AA;1.0000000;62510100;US;011557
2026-01-30;SBR14D;SBI AAA-BBB D;CH0027441929;Duration;CHF;;;;;7.12;1988;;;;139956961;CH1399569610;CH39956961=S;1.135 BE KB 24-34;410000000;101.3000000;0.1765556;0.981;8.454;416053878;416053878;;2025-01-03;2033-12-30;2025-12-04;2026-12-04;Maturity;2034-12-04;2034-12-04;100.0;100.0;8.93;Domestic Non Government;1.1350;A;1.0000000;74010100;CH;000221
2026-01-30;SBR14D;SBI AAA-BBB D;CH0027441929;Duration;CHF;;;;;7.12;1988;;;;114872826;CH1148728269;CH14872826=S;0.65 PZ S545 22-31;411000000;100.8400000;0.2112500;0.499;5.579;415320638;415320638;;2022-03-15;2030-10-31;2025-10-03;2026-10-03;Maturity;2031-10-03;2031-10-03;100.0;100.0;5.76;Swiss Pfandbrief;0.6500;AAA;1.0000000;61010100;CH;001211
2026-01-30;SBR14D;SBI AAA-BBB D;CH0027441929;Duration;CHF;;;;;7.12;1988;;;;117056579;CH1170565795;CH17056579=S;1.10 PZ S550 22-28;402000000;102.0200000;0.8616667;0.186;2.185;413584300;413584300;;2022-05-02;2027-04-30;2025-04-18;2026-04-18;Maturity;2028-04-18;2028-04-18;100.0;100.0;2.30;Swiss Pfandbrief;1.1000;AAA;1.0000000;61010100;CH;001211
2026-01-30;SBR14D;SBI AAA-BBB D;CH0027441929;Duration;CHF;;;;;7.12;1988;;;;21785069;CH0217850699;CH21785069=S;2 KT ZH 13-38;360000000;113.7000000;1.0055556;0.840;11.183;412940000;412940000;;2013-08-02;2037-07-31;2025-07-29;2026-07-29;Maturity;2038-07-29;2038-07-29;100.0;100.0;12.58;Domestic Non Government;2.0000;AAA;1.0000000;52515100;CH;001116
2026-01-30;SBR14D;SBI AAA-BBB D;CH0027441929;Duration;CHF;;;;;7.12;1988;;;;117056571;CH1170565712;CH17056571=S;1.125 ZVG 22-29;400000000;102.1000000;0.6437500;0.458;3.121;410975000;410975000;;2022-05-02;2028-04-28;2025-07-04;2026-07-04;Next Call;2029-04-04;2029-07-04;100.0;100.0;3.26;Domestic Non Government;1.1250;AA;1.0000000;74020100;CH;011691
2026-01-30;SBR14D;SBI AAA-BBB D;CH0027441929;Duration;CHF;;;;;7.12;1988;;;;142393163;CH1423931638;CH42393163=S;1.15 PZ S605 25-46;406000000;101.0500000;0.0191667;1.091;17.977;410340817;410340817;;2025-05-02;2045-01-31;2026-01-24;2027-01-24;Maturity;2046-01-24;2046-01-24;100.0;100.0;20.06;Swiss Pfandbrief;1.1500;AAA;1.0000000;61010100;CH;001211
2026-01-30;SBR14D;SBI AAA-BBB D;CH0027441929;Duration;CHF;;;;;7.12;1988;;;;140547212;CH1405472122;CH40547212=S;1 PZ S602 25-43;408000000;99.4200000;0.9611111;1.037;15.577;409554933;409554933;;2025-02-18;2042-02-28;2025-02-14;2026-02-06;Maturity;2043-02-06;2043-02-06;100.0;100.0;17.10;Swiss Pfandbrief;1.0000;AAA;1.0000000;61010100;CH;001211
2026-01-30;SBR14D;SBI AAA-BBB D;CH0027441929;Duration;CHF;;;;;7.12;1988;;;;2630230;CH0026302304;CH2630230=S;3.375 ABNGB 06-31;350000000;115.4000000;1.5468750;0.546;5.113;409314062;409314062;;2006-08-16;2030-08-30;2025-08-15;2026-08-15;Maturity;2031-08-15;2031-08-15;100.0;100.0;5.62;Foreign Corporate;3.3750;AAA;1.0000000;61515100;GB;012368
2026-01-30;SBR14D;SBI AAA-BBB D;CH0027441929;Duration;CHF;;;;;7.12;1988;;;;121171323;CH1211713230;CH21171323=S;2 ROK 22-32;375000000;108.4000000;0.7055556;0.702;6.268;409145833;409145833;;2022-10-03;2031-09-30;2025-09-23;2026-09-23;Maturity;2032-09-23;2032-09-23;100.0;100.0;6.73;Domestic Non Government;2.0000;AA;1.0000000;73515100;CH;010368
2026-01-30;SBR14D;SBI AAA-BBB D;CH0027441929;Duration;CHF;;;;;7.12;1988;;;;113296633;CH1132966339;CH13296633=S;0.25 PB S707 21-36;430000000;94.6200000;0.2118056;0.804;10.011;407776764;407776764;;2021-10-19;2035-03-30;2025-03-25;2026-03-25;Maturity;2036-03-25;2036-03-25;100.0;100.0;10.23;Swiss Pfandbrief;0.2500;AAA;1.0000000;61010100;CH;001205
2026-01-30;SBR14D;SBI AAA-BBB D;CH0027441929;Duration;CHF;;;;;7.12;1988;;;;135072780;CH1350727801;CH35072780=S;2 SCM 24-39;375000000;107.9500000;0.3722222;1.354;12.042;406208333;406208333;;2024-06-03;2038-08-31;2025-11-23;2026-11-23;Next Call;2039-08-23;2039-11-23;100.0;100.0;13.64;Domestic Non Government;2.0000;A;1.0000000;75010100;CH;010711
2026-01-30;SBR14D;SBI AAA-BBB D;CH0027441929;Duration;CHF;;;;;7.12;1988;;;;36720667;CH0367206676;CH36720667=S;1 VERIZON 17-27;400000000;101.2000000;0.1666667;0.342;1.823;405466667;405466667;;2017-06-01;2026-11-30;2025-11-30;2026-11-30;Maturity;2027-11-30;2027-11-30;100.0;100.0;1.91;Foreign Corporate;1.0000;BBB;1.0000000;75010100;US;011299
2026-01-30;SBR14D;SBI AAA-BBB D;CH0027441929;Duration;CHF;;;;;7.12;1988;;;;43376131;CH0433761316;CH43376131=S;0.75 ROK 18-30;400000000;100.8500000;0.2625000;0.564;4.577;404450000;404450000;;2018-10-01;2029-09-28;2025-09-24;2026-09-24;Maturity;2030-09-24;2030-09-24;100.0;100.0;4.73;Domestic Non Government;0.7500;AA;1.0000000;73515100;CH;010368
2026-01-30;SBR14D;SBI AAA-BBB D;CH0027441929;Duration;CHF;;;;;7.12;1988;;;;144645227;CH1446452273;CH44645227=S;0.95 PZ S607 25-40;403000000;99.6800000;0.6570833;0.974;13.240;404358446;404358446;;2025-05-20;2039-04-29;2025-05-21;2026-04-03;Maturity;2040-04-03;2040-04-03;100.0;100.0;14.26;Swiss Pfandbrief;0.9500;AAA;1.0000000;61010100;CH;001211
2026-01-30;SBR14D;SBI AAA-BBB D;CH0027441929;Duration;CHF;;;;;7.12;1988;;;;42323355;CH0423233557;CH42323355=S;0.50 DEUT BAHN 18-28;400000000;100.4500000;0.2666667;0.316;2.452;402866667;402866667;;2018-08-02;2027-07-30;2025-07-18;2026-07-18;Maturity;2028-07-18;2028-07-18;100.0;100.0;2.55;Foreign Corporate;0.5000;AA;1.0000000;72020100;DE;021252
2026-01-30;SBR14D;SBI AAA-BBB D;CH0027441929;Duration;CHF;;;;;7.12;1988;;;;32373560;CH0323735602;CH32373560=S;0.45 LILLY 16-28;400000000;100.3000000;0.3075000;0.320;2.303;402430000;402430000;;2016-06-01;2027-05-31;2025-05-24;2026-05-24;Maturity;2028-05-24;2028-05-24;100.0;100.0;2.40;Foreign Corporate;0.4500;A;1.0000000;73510100;US;001993
2026-01-30;SBR14D;SBI AAA-BBB D;CH0027441929;Duration;CHF;;;;;7.12;1988;;;;129087100;CH1290871008;CH29087100=S;2.395 BANSAN 24-29;375000000;104.6500000;2.2885556;0.841;2.911;401019583;401019583;;2024-03-01;2028-02-29;2025-02-16;2026-02-16;Maturity;2029-02-16;2029-02-16;100.0;100.0;3.12;Foreign Corporate;2.3950;A;1.0000000;74010100;ES;020586
2026-01-30;SBR14D;SBI AAA-BBB D;CH0027441929;Duration;CHF;;;;;7.12;1988;;;;111224674;CH1112246744;CH11224674=S;0.875 KBLU 21-31;400000000;99.4500000;0.6222222;0.982;5.160;400288889;400288889;;2021-06-01;2030-05-31;2025-05-14;2026-05-14;Maturity;2031-05-14;2031-05-14;100.0;100.0;5.37;Domestic Non Government;0.8750;BBB;1.0000000;74010200;CH;000431
2026-01-30;SBR14D;SBI AAA-BBB D;CH0027441929;Duration;CHF;;;;;7.12;1988;;;;45809795;CH0458097950;CH45809795=S;0.25 WBC 19-27;400000000;100.0500000;0.0006944;0.200;0.997;400202778;400202778;;2019-02-01;2026-01-30;2026-01-29;2027-01-29;Maturity;2027-01-29;2027-01-29;100.0;100.0;1.08;Foreign Corporate;0.2500;AAA;1.0000000;61515100;AU;010386
2026-01-30;SBR14D;SBI AAA-BBB D;CH0027441929;Duration;CHF;;;;;7.12;1988;;;;55041336;CH0550413360;CH55041336=S;0.25 UBSWITZ 20-28;400000000;99.8500000;0.1555556;0.313;2.370;400022222;400022222;;2020-07-01;2027-06-30;2025-06-16;2026-06-16;Maturity;2028-06-16;2028-06-16;100.0;100.0;2.46;Domestic Non Government;0.2500;AAA;1.0000000;61515100;CH;021142
2026-01-30;SBR14D;SBI AAA-BBB D;CH0027441929;Duration;CHF;;;;;7.12;1988;;;;41904114;CH0419041147;CH41904114=S;0.375 BL KB 19-30;400000000;99.7000000;0.2677083;0.446;4.249;399870833;399870833;;2019-06-03;2029-05-31;2025-05-13;2026-05-13;Maturity;2030-05-13;2030-05-13;100.0;100.0;4.37;Domestic Non Government;0.3750;AA;1.0000000;52510100;CH;000414
2026-01-30;SBR14D;SBI AAA-BBB D;CH0027441929;Duration;CHF;;;;;7.12;1988;;;;147843075;CH1478430759;CH47843075=S;1.56  25-35;390000000;101.8500000;0.6326667;1.348;8.721;399682400;399682400;;2025-10-01;2034-06-30;2025-09-04;2026-09-04;Next Call;2035-06-04;2035-09-04;100.0;100.0;9.43;Foreign Corporate;1.5600;BBB;1.0000000;73510100;US;012215
2026-01-30;SBR14D;SBI AAA-BBB D;CH0027441929;Duration;CHF;;;;;7.12;1988;;;;36720675;CH0367206759;CH36720675=S;0.25 ONT 17-29;400000000;99.4500000;0.1472222;0.413;3.396;398388889;398388889;;2017-07-03;2028-06-30;2025-06-28;2026-06-28;Maturity;2029-06-28;2029-06-28;100.0;100.0;3.49;Foreign Government;0.2500;AA;1.0000000;52515100;CA;003190
2026-01-30;SBR14D;SBI AAA-BBB D;CH0027441929;Duration;CHF;;;;;7.12;1988;;;;119435512;CH1194355124;CH19435512=S;2.50 NESTLE 22-34;350000000;112.4500000;1.3611111;0.960;7.685;398338889;398338889;;2022-08-02;2033-07-29;2025-07-14;2026-07-14;Maturity;2034-07-14;2034-07-14;100.0;100.0;8.54;Domestic Non Government;2.5000;AA;1.0000000;73015100;CH;021262
2026-01-30;SBR14D;SBI AAA-BBB D;CH0027441929;Duration;CHF;;;;;7.12;1988;;;;119965997;CH1199659975;CH19965997=S;1.875 PB S725 22-38;358000000;111.1300000;0.0260417;0.892;10.914;397938629;397938629;;2022-08-16;2037-01-30;2026-01-25;2027-01-25;Maturity;2038-01-25;2038-01-25;100.0;100.0;12.07;Swiss Pfandbrief;1.8750;AAA;1.0000000;61010100;CH;001205
2026-01-30;SBR14D;SBI AAA-BBB D;CH0027441929;Duration;CHF;;;;;7.12;1988;;;;145081018;CH1450810184;CH45081018=S;1.0175 ONT 25-35;390000000;100.9500000;0.5087500;0.913;9.061;395689125;395689125;;2025-08-04;2034-07-31;2025-07-30;2026-07-30;Maturity;2035-07-30;2035-07-30;100.0;100.0;9.58;Foreign Government;1.0175;AA;1.0000000;52515100;CA;003190
2026-01-30;SBR14D;SBI AAA-BBB D;CH0027441929;Duration;CHF;;;;;7.12;1988;;;;129087101;CH1290871016;CH29087101=S;2.24 BANSAN 24-32;360000000;107.6500000;2.1404444;0.932;5.623;395245600;395245600;;2024-03-01;2031-02-28;2025-02-16;2026-02-16;Maturity;2032-02-16;2032-02-16;100.0;100.0;6.12;Foreign Corporate;2.2400;A;1.0000000;74010100;ES;020586
2026-01-30;SBR14D;SBI AAA-BBB D;CH0027441929;Duration;CHF;;;;;7.12;1988;;;;19954356;CH0199543569;CH19954356=S;1.25 KT ZH 12-32;375000000;104.9500000;0.1979167;0.512;6.595;394304688;394304688;;2012-12-19;2031-12-31;2025-12-03;2026-12-03;Maturity;2032-12-03;2032-12-03;100.0;100.0;6.92;Domestic Non Government;1.2500;AAA;1.0000000;52515100;CH;001116
2026-01-30;SBR14D;SBI AAA-BBB D;CH0027441929;Duration;CHF;;;;;7.12;1988;;;;41904133;CH0419041337;CH41904133=S;0 VA BK S219 19-29;400000000;98.3500000;0.0000000;0.476;3.500;393400000;393400000;;2019-08-02;2028-07-31;2019-07-31;2020-07-31;Maturity;2029-07-31;2029-07-31;100.0;100.0;3.58;Domestic Non Government;0.0000;AAA;1.0000000;61515100;CH;012553
2026-01-30;SBR14D;SBI AAA-BBB D;CH0027441929;Duration;CHF;;;;;7.12;1988;;;;58903102;CH0589031027;CH58903102=S;0 PZ S530 21-33;409000000;95.8300000;0.0000000;0.599;7.133;391944700;391944700;;2021-02-16;2032-03-31;2021-02-17;2021-03-18;Maturity;2033-03-18;2033-03-18;100.0;100.0;7.21;Swiss Pfandbrief;0.0000;AAA;1.0000000;61010100;CH;001211
2026-01-30;SBR14D;SBI AAA-BBB D;CH0027441929;Duration;CHF;;;;;7.12;1988;;;;123109439;CH1231094397;CH23109439=S;2 KBLU 23-38;350000000;111.4000000;0.3944444;1.044;11.470;391280556;391280556;;2023-07-03;2037-11-30;2025-11-19;2026-11-19;Maturity;2038-11-19;2038-11-19;100.0;100.0;12.88;Domestic Non Government;2.0000;AA;1.0000000;52510100;CH;000431
2026-01-30;SBR14D;SBI AAA-BBB D;CH0027441929;Duration;CHF;;;;;7.12;1988;;;;34336680;CH0343366800;CH34336680=S;0.20 NBRNS 16-31;400000000;97.5500000;0.0461111;0.634;5.739;390384444;390384444;;2016-12-01;2030-11-29;2025-11-07;2026-11-07;Maturity;2031-11-07;2031-11-07;100.0;100.0;5.85;Foreign Government;0.2000;A;1.0000000;52515100;CA;001482
2026-01-30;SBR14D;SBI AAA-BBB D;CH0027441929;Duration;CHF;;;;;7.12;1988;;;;131494143;CH1314941431;CH31494143=S;2.30 BARRY 24-32;375000000;103.8000000;0.0447222;1.628;5.660;389417708;389417708;;2024-02-01;2031-01-31;2026-01-23;2027-01-23;Maturity;2032-01-23;2032-01-23;100.0;100.0;6.06;Domestic Non Government;2.3000;BBB;1.0000000;73015100;CH;010480
2026-01-30;SBR14D;SBI AAA-BBB D;CH0027441929;Duration;CHF;;;;;7.12;1988;;;;139051701;CH1390517014;CH39051701=S;0.875 PB S764 24-32;376000000;102.0800000;0.7777778;0.528;5.934;386745244;386745244;;2024-11-19;2031-03-31;2025-03-10;2026-03-10;Maturity;2032-03-10;2032-03-10;100.0;100.0;6.19;Swiss Pfandbrief;0.8750;AAA;1.0000000;61010100;CH;001205
2026-01-30;SBR14D;SBI AAA-BBB D;CH0027441929;Duration;CHF;;;;;7.12;1988;;;;41708608;CH0417086086;CH41708608=S;0.50 MHB 18-28;380000000;100.5000000;0.3138889;0.288;2.357;383092778;383092778;;2018-07-02;2027-06-30;2025-06-14;2026-06-14;Maturity;2028-06-14;2028-06-14;100.0;100.0;2.45;Foreign Corporate;0.5000;AAA;1.0000000;61010100;DE;010705
2026-01-30;SBR14D;SBI AAA-BBB D;CH0027441929;Duration;CHF;;;;;7.12;1988;;;;141400349;CH1414003496;CH41400349=S;1 PB S769 25-46;386000000;98.2800000;0.9305556;1.096;18.088;382952744;382952744;;2025-03-03;2045-02-28;2025-02-25;2026-02-23;Maturity;2046-02-23;2046-02-23;100.0;100.0;20.14;Swiss Pfandbrief;1.0000;AAA;1.0000000;61010100;CH;001205
2026-01-30;SBR14D;SBI AAA-BBB D;CH0027441929;Duration;CHF;;;;;7.12;1988;;;;3122613;CH0031226134;CH3122613=S;3.25 PB S424 07-27;360000000;104.2700000;2.0312500;0.139;1.344;382684500;382684500;;2007-06-20;2026-06-30;2025-06-15;2026-06-15;Maturity;2027-06-15;2027-06-15;100.0;100.0;1.46;Swiss Pfandbrief;3.2500;AAA;1.0000000;61010100;CH;001205
2026-01-30;SBR14D;SBI AAA-BBB D;CH0027441929;Duration;CHF;;;;;7.12;1988;;;;125103010;CH1251030107;CH25103010=S;1.903 COMP FIN 23-28;365000000;103.6000000;1.1840889;0.379;2.323;382461924;382461924;;2023-04-03;2027-06-30;2025-06-16;2026-06-16;Maturity;2028-06-16;2028-06-16;100.0;100.0;2.46;Foreign Corporate;1.9030;AAA;1.0000000;61510100;FR;001556
2026-01-30;SBR14D;SBI AAA-BBB D;CH0027441929;Duration;CHF;;;;;7.12;1988;;;;27117169;CH0271171693;CH27117169=S;0.75 AAPL 15-30;375000000;101.2500000;0.6979167;0.439;3.996;382304688;382304688;;2015-03-02;2029-02-28;2025-02-25;2026-02-25;Maturity;2030-02-25;2030-02-25;100.0;100.0;4.15;Foreign Corporate;0.7500;AA;1.0000000;74515100;US;020345
2026-01-30;SBR14D;SBI AAA-BBB D;CH0027441929;Duration;CHF;;;;;7.12;1988;;;;129087096;CH1290870968;CH29087096=S;2.60 SANDGR 23-31;350000000;108.4000000;0.5272222;1.034;5.226;381245278;381245278;;2023-12-01;2030-08-30;2025-11-17;2026-11-17;Next Call;2031-08-17;2031-11-17;100.0;100.0;5.63;Domestic Non Government;2.6000;BBB;1.0000000;73515100;CH;021141
2026-01-30;SBR14D;SBI AAA-BBB D;CH0027441929;Duration;CHF;;;;;7.12;1988;;;;48525282;CH0485252826;CH48525282=S;0.50 PB S677 19-44;420000000;90.7000000;0.0069444;1.071;17.197;380969167;380969167;;2019-08-20;2043-01-30;2026-01-25;2027-01-25;Maturity;2044-01-25;2044-01-25;100.0;100.0;18.07;Swiss Pfandbrief;0.5000;AAA;1.0000000;61010100;CH;001205
2026-01-30;SBR14D;SBI AAA-BBB D;CH0027441929;Duration;CHF;;;;;7.12;1988;;;;58903094;CH0589030946;CH58903094=S;0 ZKB 21-33;400000000;95.2000000;0.0000000;0.708;6.975;380800000;380800000;;2021-02-01;2032-01-30;2021-01-21;2022-01-21;Maturity;2033-01-21;2033-01-21;100.0;100.0;7.06;Domestic Non Government;0.0000;AAA;1.0000000;52510100;CH;000210
2026-01-30;SBR14D;SBI AAA-BBB D;CH0027441929;Duration;CHF;;;;;7.12;1988;;;;120417512;CH1204175124;CH20417512=S;1.915 NBS 22-28;365000000;103.2000000;0.7553611;0.671;2.551;379437068;379437068;;2022-10-03;2027-09-30;2025-09-08;2026-09-08;Maturity;2028-09-08;2028-09-08;100.0;100.0;2.69;Foreign Corporate;1.9150;A;1.0000000;74010100;GB;012109
2026-01-30;SBR14D;SBI AAA-BBB D;CH0027441929;Duration;CHF;;;;;7.12;1988;;;;141578013;CH1415780134;CH41578013=S;0.6675 CATFS 25-29;375000000;100.4000000;0.4579792;0.545;3.274;378217422;378217422;;2025-06-02;2028-05-31;2025-05-23;2026-05-23;Maturity;2029-05-23;2029-05-23;100.0;100.0;3.39;Foreign Corporate;0.6675;A;1.0000000;72010100;US;017931
2026-01-30;SBR14D;SBI AAA-BBB D;CH0027441929;Duration;CHF;;;;;7.12;1988;;;;11972979;CH0119729793;CH11972979=S;2 ZKB 10-34;340000000;110.0000000;0.3333333;0.822;8.197;375133333;375133333;;2010-12-01;2033-11-30;2025-11-30;2026-11-30;Maturity;2034-11-30;2034-11-30;100.0;100.0;8.91;Domestic Non Government;2.0000;AAA;1.0000000;52510100;CH;000210
2026-01-30;SBR14D;SBI AAA-BBB D;CH0027441929;Duration;CHF;;;;;7.12;1988;;;;36274834;CH0362748342;CH36274834=S;0.625 PB S649 17-35;377000000;99.0600000;0.0086806;0.733;8.764;373488926;373488926;;2017-06-01;2034-01-31;2026-01-25;2027-01-25;Maturity;2035-01-25;2035-01-25;100.0;100.0;9.07;Swiss Pfandbrief;0.6250;AAA;1.0000000;61010100;CH;001205
2026-01-30;SBR14D;SBI AAA-BBB D;CH0027441929;Duration;CHF;;;;;7.12;1988;;;;110567265;CH1105672658;CH10567265=S;0.192 VERIZON 21-28;375000000;99.4000000;0.1636250;0.474;2.144;373363594;373363594;;2021-04-01;2027-03-31;2025-03-24;2026-03-24;Maturity;2028-03-24;2028-03-24;100.0;100.0;2.23;Foreign Corporate;0.1925;BBB;1.0000000;75010100;US;011299
2026-01-30;SBR14D;SBI AAA-BBB D;CH0027441929;Duration;CHF;;;;;7.12;1988;;;;114275432;CH1142754329;CH14275432=S;0.422 BOA 21-29;375000000;99.4500000;0.0786319;0.569;3.789;373232370;373232370;;2021-12-01;2027-11-30;2025-11-23;2026-11-23;Maturity;2028-11-23;2029-11-23;100.0;100.0;2.89;Foreign Corporate;0.4225;A;1.0000000;74010100;US;012053
2026-01-30;SBR14D;SBI AAA-BBB D;CH0027441929;Duration;CHF;;;;;7.12;1988;;;;125103009;CH1251030099;CH25103009=S;2.625 ABN 23-28;350000000;104.1000000;2.3916667;0.642;2.015;372720833;372720833;;2023-04-03;2027-03-31;2025-03-02;2026-03-02;Maturity;2028-03-02;2028-03-02;100.0;100.0;2.17;Foreign Corporate;2.6250;BBB;1.0000000;74010100;NL;010116
2026-01-30;SBR14D;SBI AAA-BBB D;CH0027441929;Duration;CHF;;;;;7.12;1988;;;;46123908;CH0461239086;CH46123908=S;0.05 BL KB 20-31;380000000;97.6500000;0.0002778;0.528;4.989;371071056;371071056;;2020-02-03;2030-01-31;2026-01-28;2027-01-28;Maturity;2031-01-28;2031-01-28;100.0;100.0;5.08;Domestic Non Government;0.0500;AA;1.0000000;52510100;CH;000414
2026-01-30;SBR14D;SBI AAA-BBB D;CH0027441929;Duration;CHF;;;;;7.12;1988;;;;140547222;CH1405472221;CH40547222=S;0.95 PZ S603 25-35;359000000;101.9800000;0.8444444;0.726;8.747;369139756;369139756;;2025-03-18;2034-03-31;2025-03-10;2026-03-27;Maturity;2035-03-27;2035-03-27;100.0;100.0;9.24;Swiss Pfandbrief;0.9500;AAA;1.0000000;61010100;CH;001211
2026-01-30;SBR14D;SBI AAA-BBB D;CH0027441929;Duration;CHF;;;;;7.12;1988;;;;144131411;CH1441314114;CH44131411=S;0.625 PB S771 25-30;363000000;101.1800000;0.4583333;0.339;4.100;368947150;368947150;;2025-05-20;2029-03-30;2025-05-06;2026-03-27;Maturity;2030-03-27;2030-03-27;100.0;100.0;4.24;Swiss Pfandbrief;0.6250;AAA;1.0000000;61010100;CH;001205
2026-01-30;SBR14D;SBI AAA-BBB D;CH0027441929;Duration;CHF;;;;;7.12;1988;;;;58194780;CH0581947808;CH58194780=S;0.10 DEUT BAHN 21-36;400000000;92.0000000;0.0005556;0.942;9.947;368002222;368002222;;2021-02-01;2035-01-31;2026-01-28;2027-01-28;Maturity;2036-01-28;2036-01-28;100.0;100.0;10.07;Foreign Corporate;0.1000;AA;1.0000000;72020100;DE;021252
2026-01-30;SBR14D;SBI AAA-BBB D;CH0027441929;Duration;CHF;;;;;7.12;1988;;;;33717231;CH0337172313;CH33717231=S;0.10 LU KB 16-31;375000000;97.4000000;0.0375000;0.571;5.610;365390625;365390625;;2016-10-03;2030-09-30;2025-09-15;2026-09-15;Maturity;2031-09-15;2031-09-15;100.0;100.0;5.71;Domestic Non Government;0.1000;AA;1.0000000;52510100;CH;000431
2026-01-30;SBR14D;SBI AAA-BBB D;CH0027441929;Duration;CHF;;;;;7.12;1988;;;;29929728;CH0299297280;CH29929728=S;0.75 ZKB 15-30;360000000;101.2500000;0.1916667;0.483;4.671;365190000;365190000;;2015-11-02;2029-10-31;2025-10-28;2026-10-28;Maturity;2030-10-28;2030-10-28;100.0;100.0;4.83;Domestic Non Government;0.7500;AAA;1.0000000;52510100;CH;000210
2026-01-30;SBR14D;SBI AAA-BBB D;CH0027441929;Duration;CHF;;;;;7.12;1988;;;;118921800;CH1189218006;CH18921800=S;1.70 SGS 22-29;350000000;103.4000000;0.6847222;0.738;3.500;364296528;364296528;;2022-10-03;2028-09-29;2025-09-05;2026-09-05;Maturity;2029-09-05;2029-09-05;100.0;100.0;3.68;Domestic Non Government;1.7000;A;1.0000000;72015100;CH;001289
2026-01-30;SBR14D;SBI AAA-BBB D;CH0027441929;Duration;CHF;;;;;7.12;1988;;;;120425974;CH1204259746;CH20425974=S;1.50 PB S727 22-42;339000000;107.1200000;0.1583333;1.038;15.104;363673550;363673550;;2022-08-16;2041-12-31;2025-12-22;2026-12-22;Maturity;2042-12-22;2042-12-22;100.0;100.0;16.98;Swiss Pfandbrief;1.5000;AAA;1.0000000;61010100;CH;001205
2026-01-30;SBR14D;SBI AAA-BBB D;CH0027441929;Duration;CHF;;;;;7.12;1988;;;;18704382;CH0187043820;CH18704382=S;1.375 SG KB 12-27;355000000;101.5500000;0.8326389;0.260;1.381;363458368;363458368;;2012-07-02;2026-06-30;2025-06-22;2026-06-22;Maturity;2027-06-22;2027-06-22;100.0;100.0;1.48;Domestic Non Government;1.3750;AA;1.0000000;52510100;CH;000371
2026-01-30;SBR14D;SBI AAA-BBB D;CH0027441929;Duration;CHF;;;;;7.12;1988;;;;142303678;CH1423036784;CH42303678=S;1.4175 THERMO 25-33;350000000;102.2000000;1.2718125;1.083;6.501;362151344;362151344;;2025-04-01;2031-12-31;2025-03-07;2026-03-07;Next Call;2032-12-07;2033-03-07;100.0;100.0;6.93;Foreign Corporate;1.4175;A;1.0000000;73510100;US;020514
2026-01-30;SBR14D;SBI AAA-BBB D;CH0027441929;Duration;CHF;;;;;7.12;1988;;;;139632981;CH1396329810;CH39632981=S;1.550 FISCHER 24-31;350000000;103.1500000;0.2109722;0.994;5.644;361763403;361763403;;2025-01-03;2030-12-31;2025-12-11;2026-12-11;Maturity;2031-12-11;2031-12-11;100.0;100.0;5.94;Domestic Non Government;1.5500;BBB;1.0000000;72010100;CH;001386
2026-01-30;SBR14D;SBI AAA-BBB D;CH0027441929;Duration;CHF;;;;;7.12;1988;;;;117433580;CH1174335807;CH17433580=S;1.125 PB S717 22-52;355000000;100.4200000;0.9125000;1.106;22.633;359730375;359730375;;2022-04-19;2051-04-28;2025-04-08;2026-04-08;Maturity;2052-04-08;2052-04-08;100.0;100.0;26.27;Swiss Pfandbrief;1.1250;AAA;1.0000000;61010100;CH;001205
2026-01-30;SBR14D;SBI AAA-BBB D;CH0027441929;Duration;CHF;;;;;7.12;1988;;;;51176206;CH0511762061;CH51176206=S;0 PB S682 19-27;360000000;99.8400000;0.0000000;0.135;1.183;359424000;359424000;;2019-12-17;2026-04-30;2019-12-13;2020-04-06;Maturity;2027-04-06;2027-04-06;100.0;100.0;1.26;Swiss Pfandbrief;0.0000;AAA;1.0000000;61010100;CH;001205
2026-01-30;SBR14D;SBI AAA-BBB D;CH0027441929;Duration;CHF;;;;;7.12;1988;;;;28468742;CH0284687420;CH28468742=S;1.125 PB S615 15-42;352000000;101.3900000;0.6906250;1.032;14.967;359323800;359323800;;2015-07-01;2041-06-28;2025-06-19;2026-06-19;Maturity;2042-06-19;2042-06-19;100.0;100.0;16.47;Swiss Pfandbrief;1.1250;AAA;1.0000000;61010100;CH;001205
2026-01-30;SBR14D;SBI AAA-BBB D;CH0027441929;Duration;CHF;;;;;7.12;1988;;;;53689273;CH0536892737;CH53689273=S;0 KT ZH 20-28;360000000;99.6500000;0.0000000;0.146;2.397;358740000;358740000;;2020-07-01;2027-06-30;2020-06-25;2021-06-23;Maturity;2028-06-23;2028-06-23;100.0;100.0;2.48;Domestic Non Government;0.0000;AAA;1.0000000;52515100;CH;001116
2026-01-30;SBR14D;SBI AAA-BBB D;CH0027441929;Duration;CHF;;;;;7.12;1988;;;;21506435;CH0215064350;CH21506435=S;1.50 PZ S433 13-28;344000000;103.1000000;0.9125000;0.199;2.348;357803000;357803000;;2013-07-01;2027-06-30;2025-06-21;2026-06-21;Maturity;2028-06-21;2028-06-21;100.0;100.0;2.47;Swiss Pfandbrief;1.5000;AAA;1.0000000;61010100;CH;001211
2026-01-30;SBR14D;SBI AAA-BBB D;CH0027441929;Duration;CHF;;;;;7.12;1988;;;;59892871;CH0598928718;CH59892871=S;0.375 UBSG 21-29;360000000;99.1500000;0.1625000;0.617;3.544;357525000;357525000;;2021-03-01;2027-08-31;2025-08-24;2026-08-24;Maturity;2028-08-24;2029-08-24;100.0;100.0;2.65;Domestic Non Government;0.3750;A;1.0000000;74015100;CH;020306
2026-01-30;SBR14D;SBI AAA-BBB D;CH0027441929;Duration;CHF;;;;;7.12;1988;;;;118469471;CH1184694714;CH18469471=S;1.25 SHB 22-27;350000000;101.2000000;0.8541667;0.335;1.304;357189583;357189583;;2022-06-01;2026-05-29;2025-05-24;2026-05-24;Maturity;2027-05-24;2027-05-24;100.0;100.0;1.40;Foreign Corporate;1.2500;AA;1.0000000;74010100;SE;012585
2026-01-30;SBR14D;SBI AAA-BBB D;CH0027441929;Duration;CHF;;;;;7.12;1988;;;;41904099;CH0419040990;CH41904099=S;1.25 SPS 19-27;350000000;100.9200000;1.0347222;0.461;1.160;356841528;356841528;;2019-05-02;2026-04-30;2025-04-02;2026-04-02;Maturity;2027-04-02;2027-04-02;100.0;100.0;1.25;Domestic Non Government;1.2500;A;1.0000000;76015100;CH;020888
2026-01-30;SBR14D;SBI AAA-BBB D;CH0027441929;Duration;CHF;;;;;7.12;1988;;;;129022244;CH1290222442;CH29022244=S;1.80 PZ S580 23-33;326000000;108.5000000;0.9400000;0.632;7.024;356774400;356774400;;2023-11-01;2032-07-30;2025-07-22;2026-07-22;Maturity;2033-07-22;2033-07-22;100.0;100.0;7.56;Swiss Pfandbrief;1.8000;AAA;1.0000000;61010100;CH;001211
2026-01-30;SBR14D;SBI AAA-BBB D;CH0027441929;Duration;CHF;;;;;7.12;1988;;;;141578011;CH1415780118;CH41578011=S;0.84 ROA 25-40;360000000;98.3500000;0.5786667;0.964;13.458;356143200;356143200;;2025-06-02;2039-05-31;2025-05-22;2026-05-22;Maturity;2040-05-22;2040-05-22;100.0;100.0;14.39;Foreign Government;0.8400;AA;1.0000000;51010100;AT;010848
2026-01-30;SBR14D;SBI AAA-BBB D;CH0027441929;Duration;CHF;;;;;7.12;1988;;;;133111349;CH1331113493;CH33111349=S;2.037 THERMO 24-36;325000000;107.2500000;1.8280903;1.251;8.908;354503793;354503793;;2024-04-02;2034-12-29;2025-03-07;2026-03-07;Next Call;2035-12-07;2036-03-07;100.0;100.0;9.93;Foreign Corporate;2.0375;A;1.0000000;73510100;US;020514
2026-01-30;SBR14D;SBI AAA-BBB D;CH0027441929;Duration;CHF;;;;;7.12;1988;;;;56464209;CH0564642095;CH56464209=S;0.125 NYL 20-29;360000000;98.3500000;0.0482639;0.588;3.606;354233750;354233750;;2020-10-01;2028-09-29;2025-09-11;2026-09-11;Maturity;2029-09-11;2029-09-11;100.0;100.0;3.69;Foreign Corporate;0.1250;AA;1.0000000;62510100;US;011557
2026-01-30;SBR14D;SBI AAA-BBB D;CH0027441929;Duration;CHF;;;;;7.12;1988;;;;114826616;CH1148266161;CH14826616=S;0.125 PB S709 21-28;355000000;99.6900000;0.0260417;0.237;2.788;353991948;353991948;;2021-12-01;2027-11-30;2025-11-15;2026-11-15;Maturity;2028-11-15;2028-11-15;100.0;100.0;2.87;Swiss Pfandbrief;0.1250;AAA;1.0000000;61010100;CH;001205
2026-01-30;SBR14D;SBI AAA-BBB D;CH0027441929;Duration;CHF;;;;;7.12;1988;;;;110109654;CH1101096548;CH10109654=S;0.20 PZ S536 21-35;372000000;94.9500000;0.1266667;0.761;9.274;353685200;353685200;;2021-04-20;2034-06-30;2025-06-12;2026-06-12;Maturity;2035-06-12;2035-06-12;100.0;100.0;9.45;Swiss Pfandbrief;0.2000;AAA;1.0000000;61010100;CH;001211
2026-01-30;SBR14D;SBI AAA-BBB D;CH0027441929;Duration;CHF;;;;;7.12;1988;;;;134431677;CH1344316778;CH34431677=S;1.75 NESTLE 24-40;330000000;106.0000000;1.1666667;1.289;12.717;353650000;353650000;;2024-06-03;2039-05-31;2025-05-30;2026-05-30;Maturity;2040-05-30;2040-05-30;100.0;100.0;14.41;Domestic Non Government;1.7500;AA;1.0000000;73015100;CH;021262
2026-01-30;SBR14D;SBI AAA-BBB D;CH0027441929;Duration;CHF;;;;;7.12;1988;;;;36153287;CH0361532879;CH36153287=S;0.625 FLUGH 17-29;350000000;100.5500000;0.4270833;0.457;3.280;353419792;353419792;;2017-06-01;2028-05-31;2025-05-24;2026-05-24;Maturity;2029-05-24;2029-05-24;100.0;100.0;3.40;Domestic Non Government;0.6250;A;1.0000000;72020100;CH;011171
2026-01-30;SBR14D;SBI AAA-BBB D;CH0027441929;Duration;CHF;;;;;7.12;1988;;;;56464204;CH0564642046;CH56464204=S;0.125 PB S692 20-40;400000000;88.1200000;0.0565972;1.007;14.405;352706389;352706389;;2020-08-18;2039-08-31;2025-08-17;2026-08-17;Maturity;2040-08-17;2040-08-17;100.0;100.0;14.63;Swiss Pfandbrief;0.1250;AAA;1.0000000;61010100;CH;001205
2026-01-30;SBR14D;SBI AAA-BBB D;CH0027441929;Duration;CHF;;;;;7.12;1988;;;;134861415;CH1348614152;CH34861415=S;2.112 UBSG 24-30;335000000;103.7500000;1.4552778;0.956;3.192;352437681;352437681;;2024-06-03;2028-05-31;2025-05-22;2026-05-22;Next Call;2029-05-22;2030-05-22;100.0;100.0;3.39;Domestic Non Government;2.1125;A;1.0000000;74015100;CH;020306
2026-01-30;SBR14D;SBI AAA-BBB D;CH0027441929;Duration;CHF;;;;;7.12;1988;;;;115152623;CH1151526238;CH15152623=S;0.45 CAF 22-27;350000000;100.1700000;0.4200000;0.290;1.062;352065000;352065000;;2022-03-01;2026-02-27;2025-02-24;2026-02-24;Maturity;2027-02-24;2027-02-24;100.0;100.0;1.15;Foreign Supranational;0.4500;AA;1.0000000;51515100;US;018772
2026-01-30;SBR14D;SBI AAA-BBB D;CH0027441929;Duration;CHF;;;;;7.12;1988;;;;35991540;CH0359915409;CH35991540=S;0.45 ROK 17-29;350000000;100.1500000;0.3837500;0.402;3.120;351868125;351868125;;2017-04-03;2027-12-31;2025-03-23;2026-03-23;Maturity;2028-12-23;2029-03-23;100.0;100.0;2.98;Domestic Non Government;0.4500;AA;1.0000000;73515100;CH;010368
2026-01-30;SBR14D;SBI AAA-BBB D;CH0027441929;Duration;CHF;;;;;7.12;1988;;;;145418577;CH1454185773;CH45418577=S;0.872 ABBLTD 25-32;350000000;100.0000000;0.5259236;0.872;6.218;351840733;351840733;;2025-07-01;2031-03-28;2025-06-23;2026-06-23;Maturity;2032-03-23;2032-06-23;100.0;100.0;6.23;Domestic Non Government;0.8725;A;1.0000000;72010100;CH;010881
2026-01-30;SBR14D;SBI AAA-BBB D;CH0027441929;Duration;CHF;;;;;7.12;1988;;;;36274835;CH0362748359;CH36274835=S;0.375 SCM 17-27;350000000;100.1300000;0.2500000;0.277;1.330;351330000;351330000;;2017-06-01;2026-02-27;2025-05-31;2026-05-31;Maturity;2027-02-26;2027-05-31;100.0;100.0;1.15;Domestic Non Government;0.3750;A;1.0000000;75010100;CH;010711
2026-01-30;SBR14D;SBI AAA-BBB D;CH0027441929;Duration;CHF;;;;;7.12;1988;;;;37347633;CH0373476339;CH37347633=S;0.30 ZKB 18-28;350000000;100.0500000;0.0041667;0.275;1.983;350189583;350189583;;2018-02-01;2027-01-29;2026-01-25;2027-01-25;Maturity;2028-01-25;2028-01-25;100.0;100.0;2.07;Domestic Non Government;0.3000;AAA;1.0000000;52510100;CH;000210
2026-01-30;SBR14D;SBI AAA-BBB D;CH0027441929;Duration;CHF;;;;;7.12;1988;;;;122793771;CH1227937716;CH22793771=S;2.412 BNP 23-28;335000000;103.7000000;0.1139236;0.504;1.930;347776644;347776644;;2023-02-01;2027-01-29;2026-01-13;2027-01-13;Maturity;2028-01-13;2028-01-13;100.0;100.0;2.03;Foreign Corporate;2.4125;A;1.0000000;74010100;FR;011329
2026-01-30;SBR14D;SBI AAA-BBB D;CH0027441929;Duration;CHF;;;;;7.12;1988;;;;47951427;CH0479514272;CH47951427=S;0.10 DEUT BAHN 19-29;350000000;99.0000000;0.0613889;0.398;3.380;346714861;346714861;;2019-08-02;2028-06-30;2025-06-19;2026-06-19;Maturity;2029-06-19;2029-06-19;100.0;100.0;3.47;Foreign Corporate;0.1000;AA;1.0000000;72020100;DE;021252
2026-01-30;SBR14D;SBI AAA-BBB D;CH0027441929;Duration;CHF;;;;;7.12;1988;;;;114872811;CH1148728111;CH14872811=S;0.20 ZKB 22-30;350000000;98.8500000;0.1000000;0.459;4.480;346325000;346325000;;2022-02-01;2029-07-31;2025-07-31;2026-07-31;Maturity;2030-07-31;2030-07-31;100.0;100.0;4.58;Domestic Non Government;0.2000;AAA;1.0000000;52510100;CH;000210
2026-01-30;SBR14D;SBI AAA-BBB D;CH0027441929;Duration;CHF;;;;;7.12;1988;;;;149943721;CH1499437213;CH49943721=S;0.50 PB S778 25-31;345000000;100.2700000;0.0625000;0.448;5.159;346147125;346147125;;2025-12-16;2030-04-30;2025-12-15;2026-04-18;Maturity;2031-04-18;2031-04-18;100.0;100.0;5.30;Swiss Pfandbrief;0.5000;AAA;1.0000000;61010100;CH;001205
2026-01-30;SBR14D;SBI AAA-BBB D;CH0027441929;Duration;CHF;;;;;7.12;1988;;;;52066367;CH0520663672;CH52066367=S;0.20 FLUGH 20-35;365000000;94.1500000;0.1855556;0.874;8.979;344324778;344324778;;2020-03-02;2034-02-28;2025-02-26;2026-02-26;Maturity;2035-02-26;2035-02-26;100.0;100.0;9.15;Domestic Non Government;0.2000;A;1.0000000;72020100;CH;011171
2026-01-30;SBR14D;SBI AAA-BBB D;CH0027441929;Duration;CHF;;;;;7.12;1988;;;;50607117;CH0506071171;CH50607117=S;0.02 PZ S518 20-40;394000000;87.3500000;0.0000000;0.992;13.980;344159000;344159000;;2020-03-02;2039-01-31;2026-01-30;2027-01-30;Maturity;2040-01-30;2040-01-30;100.0;100.0;14.08;Swiss Pfandbrief;0.0200;AAA;1.0000000;61010100;CH;001211
2026-01-30;SBR14D;SBI AAA-BBB D;CH0027441929;Duration;CHF;;;;;7.12;1988;;;;126160889;CH1261608892;CH26160889=S;2.037 BAOMO 23-28;325000000;103.9500000;1.5451042;0.268;2.184;342859089;342859089;;2023-05-02;2027-04-30;2025-04-27;2026-04-27;Maturity;2028-04-27;2028-04-27;100.0;100.0;2.32;Foreign Corporate;2.0375;AAA;1.0000000;61515100;CA;018890
2026-01-30;SBR14D;SBI AAA-BBB D;CH0027441929;Duration;CHF;;;;;7.12;1988;;;;133111347;CH1331113477;CH33111347=S;1.652 THERMO 24-28;330000000;102.2000000;1.4826597;0.458;1.813;342152777;342152777;;2024-04-02;2026-12-30;2025-03-07;2026-03-07;Next Call;2027-12-07;2028-03-07;100.0;100.0;1.93;Foreign Corporate;1.6525;A;1.0000000;73510100;US;020514
2026-01-30;SBR14D;SBI AAA-BBB D;CH0027441929;Duration;CHF;;;;;7.12;1988;;;;124230130;CH1242301302;CH24230130=S;1.735 FEDDQ 23-28;325000000;102.9000000;1.7350000;0.279;1.950;340063750;340063750;;2023-03-01;2027-01-29;2025-01-31;2026-01-31;Maturity;2028-01-31;2028-01-31;100.0;100.0;2.08;Foreign Corporate;1.7350;AAA;1.0000000;61515100;CA;021100
2026-01-30;SBR14D;SBI AAA-BBB D;CH0027441929;Duration;CHF;;;;;7.12;1988;;;;141260252;CH1412602521;CH41260252=S;1.587 DB 25-31;335000000;101.4500000;0.0088194;1.213;3.902;339887045;339887045;;2025-02-03;2029-01-31;2026-01-28;2027-01-28;Next Call;2030-01-28;2031-01-28;100.0;100.0;4.08;Foreign Corporate;1.5875;BBB;1.0000000;74010100;DE;002079
2026-01-30;SBR14D;SBI AAA-BBB D;CH0027441929;Duration;CHF;;;;;7.12;1988;;;;59389395;CH0593893958;CH59389395=S;0.125 PB S698 21-33;350000000;96.7400000;0.1135417;0.596;7.056;338987396;338987396;;2021-03-16;2032-03-31;2025-03-03;2026-03-03;Maturity;2033-03-03;2033-03-03;100.0;100.0;7.17;Swiss Pfandbrief;0.1250;AAA;1.0000000;61010100;CH;001205
2026-01-30;SBR14D;SBI AAA-BBB D;CH0027441929;Duration;CHF;;;;;7.12;1988;;;;14931705;CH0149317056;CH14931705=S;1.50 KT GE 12-32;315000000;106.0000000;1.3541667;0.498;5.806;338165625;338165625;;2012-03-21;2031-03-31;2025-03-05;2026-03-05;Maturity;2032-03-05;2032-03-05;100.0;100.0;6.18;Domestic Non Government;1.5000;AA;1.0000000;52515100;CH;001105
2026-01-30;SBR14D;SBI AAA-BBB D;CH0027441929;Duration;CHF;;;;;7.12;1988;;;;112229021;CH1122290211;CH12229021=S;0.25 PB S705 21-42;380000000;88.4800000;0.1909722;1.024;15.872;336949694;336949694;;2021-08-17;2041-04-30;2025-04-25;2026-04-25;Maturity;2042-04-25;2042-04-25;100.0;100.0;16.32;Swiss Pfandbrief;0.2500;AAA;1.0000000;61010100;CH;001205
2026-01-30;SBR14D;SBI AAA-BBB D;CH0027441929;Duration;CHF;;;;;7.12;1988;;;;127470314;CH1274703144;CH27470314=S;1.60 KBLU 24-44;310000000;107.2500000;1.4311111;1.154;15.747;336911444;336911444;;2024-04-02;2043-03-31;2025-03-08;2026-03-08;Maturity;2044-03-08;2044-03-08;100.0;100.0;18.19;Domestic Non Government;1.6000;AA;1.0000000;52510100;CH;000431
2026-01-30;SBR14D;SBI AAA-BBB D;CH0027441929;Duration;CHF;;;;;7.12;1988;;;;134431669;CH1344316695;CH34431669=S;1.522 SLOVAKIA 24-28;325000000;102.2500000;1.0995833;0.526;2.234;335886146;335886146;;2024-06-03;2027-05-31;2025-05-10;2026-05-10;Maturity;2028-05-10;2028-05-10;100.0;100.0;2.36;Foreign Government;1.5225;A;1.0000000;51010100;SK;011220
2026-01-30;SBR14D;SBI AAA-BBB D;CH0027441929;Duration;CHF;;;;;7.12;1988;;;;140598787;CH1405987871;CH40598787=S;1 PB S767 25-35;325000000;102.3200000;0.9361111;0.734;8.637;335582361;335582361;;2025-02-03;2034-02-28;2025-02-23;2026-02-23;Maturity;2035-02-23;2035-02-23;100.0;100.0;9.14;Swiss Pfandbrief;1.0000;AAA;1.0000000;61010100;CH;001205
2026-01-30;SBR14D;SBI AAA-BBB D;CH0027441929;Duration;CHF;;;;;7.12;1988;;;;141230290;CH1412302908;CH41230290=S;1.382 BANSAN 25-30;330000000;101.6500000;0.0076806;0.959;3.914;335470346;335470346;;2025-02-03;2029-01-31;2026-01-28;2027-01-28;Maturity;2030-01-28;2030-01-28;100.0;100.0;4.08;Foreign Corporate;1.3825;A;1.0000000;74010100;ES;020586
2026-01-30;SBR14D;SBI AAA-BBB D;CH0027441929;Duration;CHF;;;;;7.12;1988;;;;150389275;CH1503892759;CH50389275=S;0.615 FEDDQ 25-32;335000000;100.0000000;0.0734583;0.615;6.271;335246085;335246085;;2026-01-05;2031-06-30;2025-12-17;2026-06-17;Maturity;2032-06-17;2032-06-17;100.0;100.0;6.46;Foreign Corporate;0.6150;AAA;1.0000000;61515100;CA;021100
2026-01-30;SBR14D;SBI AAA-BBB D;CH0027441929;Duration;CHF;;;;;7.12;1988;;;;147485701;CH1474857013;CH47485701=S;0.462 ROK 25-30;335000000;99.8500000;0.1965625;0.498;4.284;335155984;335155984;;2025-09-01;2029-05-31;2025-08-27;2026-05-27;Maturity;2030-05-27;2030-05-27;100.0;100.0;4.41;Domestic Non Government;0.4625;AA;1.0000000;73515100;CH;010368
2026-01-30;SBR14D;SBI AAA-BBB D;CH0027441929;Duration;CHF;;;;;7.12;1988;;;;134431670;CH1344316703;CH34431670=S;1.915 SLOVAKIA 24-34;310000000;106.3000000;1.3830556;1.114;7.656;333817472;333817472;;2024-06-03;2033-05-31;2025-05-10;2026-05-10;Maturity;2034-05-10;2034-05-10;100.0;100.0;8.36;Foreign Government;1.9150;A;1.0000000;51010100;SK;011220
2026-01-30;SBR14D;SBI AAA-BBB D;CH0027441929;Duration;CHF;;;;;7.12;1988;;;;33635275;CH0336352759;CH33635275=S;0.25 PB S636 16-40;367000000;90.3500000;0.1756944;0.976;14.020;332229299;332229299;;2016-09-21;2039-05-31;2025-05-17;2026-05-17;Maturity;2040-05-17;2040-05-17;100.0;100.0;14.38;Swiss Pfandbrief;0.2500;AAA;1.0000000;61010100;CH;001205
2026-01-30;SBR14D;SBI AAA-BBB D;CH0027441929;Duration;CHF;;;;;7.12;1988;;;;135072778;CH1350727785;CH35072778=S;1.65 SCM 24-30;315000000;104.4500000;0.7195833;0.602;4.174;331284187;331284187;;2024-06-03;2029-05-31;2025-08-23;2026-08-23;Next Call;2030-05-23;2030-08-23;100.0;100.0;4.39;Domestic Non Government;1.6500;A;1.0000000;75010100;CH;010711
2026-01-30;SBR14D;SBI AAA-BBB D;CH0027441929;Duration;CHF;;;;;7.12;1988;;;;122654383;CH1226543838;CH22654383=S;2.25 NESTLE 22-29;310000000;106.3000000;0.5125000;0.557;3.647;331118750;331118750;;2022-12-01;2028-11-30;2025-11-08;2026-11-08;Maturity;2029-11-08;2029-11-08;100.0;100.0;3.85;Domestic Non Government;2.2500;AA;1.0000000;73015100;CH;021262
2026-01-30;SBR14D;SBI AAA-BBB D;CH0027441929;Duration;CHF;;;;;7.12;1988;;;;27019100;CH0270191007;CH27019100=S;1.05 NOV 15-35;325000000;101.1000000;0.7554167;0.926;8.829;331030104;331030104;;2015-03-02;2034-05-31;2025-05-11;2026-05-11;Maturity;2035-05-11;2035-05-11;100.0;100.0;9.36;Domestic Non Government;1.0500;AA;1.0000000;73515100;CH;010152
2026-01-30;SBR14D;SBI AAA-BBB D;CH0027441929;Duration;CHF;;;;;7.12;1988;;;;148582734;CH1485827344;CH48582734=S;1.265 DHSF 25-33;325000000;101.3000000;0.3865278;1.088;7.356;330481215;330481215;;2025-11-03;2032-10-29;2025-10-10;2026-10-10;Maturity;2033-10-10;2033-10-10;100.0;100.0;7.78;Foreign Corporate;1.2650;A;1.0000000;73510100;LU;020411
2026-01-30;SBR14D;SBI AAA-BBB D;CH0027441929;Duration;CHF;;;;;7.12;1988;;;;132111345;CH1321113453;CH32111345=S;2.222 BFCM 24-32;310000000;106.4500000;0.0000000;1.106;5.695;329995000;329995000;;2024-02-01;2031-01-31;2026-01-30;2027-01-30;Maturity;2032-01-30;2032-01-30;100.0;100.0;6.08;Foreign Corporate;2.2225;A;1.0000000;74010100;FR;012623
2026-01-30;SBR14D;SBI AAA-BBB D;CH0027441929;Duration;CHF;;;;;7.12;1988;;;;127926116;CH1279261163;CH27926116=S;1.70 ZH 23-44;300000000;109.0500000;0.8688889;1.154;16.021;329756667;329756667;;2023-08-02;2043-07-31;2025-07-26;2026-07-26;Maturity;2044-07-26;2044-07-26;100.0;100.0;18.57;Domestic Non Government;1.7000;AAA;1.0000000;53015100;CH;001146
2026-01-30;SBR14D;SBI AAA-BBB D;CH0027441929;Duration;CHF;;;;;7.12;1988;;;;129022241;CH1290222418;CH29022241=S;1.75 ZH 23-41;300000000;109.3000000;0.4715278;1.103;13.926;329314583;329314583;;2023-11-01;2040-10-31;2025-10-23;2026-10-23;Maturity;2041-10-23;2041-10-23;100.0;100.0;15.81;Domestic Non Government;1.7500;AAA;1.0000000;53015100;CH;001146
2026-01-30;SBR14D;SBI AAA-BBB D;CH0027441929;Duration;CHF;;;;;7.12;1988;;;;52215903;CH0522159034;CH52215903=S;1.70 BL KB 22-42;300000000;108.5000000;1.2136111;1.126;14.298;329140833;329140833;;2022-06-01;2041-05-31;2025-05-13;2026-05-13;Maturity;2042-05-13;2042-05-13;100.0;100.0;16.37;Domestic Non Government;1.7000;AA;1.0000000;52510100;CH;000414
2026-01-30;SBR14D;SBI AAA-BBB D;CH0027441929;Duration;CHF;;;;;7.12;1988;;;;146223004;CH1462230041;CH46223004=S;0.75 PB S773 25-33;325000000;100.8100000;0.2208333;0.642;7.501;328350208;328350208;;2025-08-19;2032-10-29;2025-10-14;2026-10-14;Maturity;2033-10-14;2033-10-14;100.0;100.0;7.79;Swiss Pfandbrief;0.7500;AAA;1.0000000;61010100;CH;001205
2026-01-30;SBR14D;SBI AAA-BBB D;CH0027441929;Duration;CHF;;;;;7.12;1988;;;;148582733;CH1485827336;CH48582733=S;0.887 DHSF 25-29;325000000;100.7500000;0.2711806;0.681;3.642;328318837;328318837;;2025-11-03;2028-10-31;2025-10-10;2026-10-10;Maturity;2029-10-10;2029-10-10;100.0;100.0;3.77;Foreign Corporate;0.8875;A;1.0000000;73510100;LU;020411
2026-01-30;SBR14D;SBI AAA-BBB D;CH0027441929;Duration;CHF;;;;;7.12;1988;;;;134674294;CH1346742948;CH34674294=S;2.15 PARTNERS 24-34;300000000;107.6000000;1.3915278;1.188;7.665;326974583;326974583;;2024-07-01;2033-06-30;2025-06-07;2026-06-07;Maturity;2034-06-07;2034-06-07;100.0;100.0;8.43;Domestic Non Government;2.1500;A;1.0000000;74015100;CH;014428
2026-01-30;SBR14D;SBI AAA-BBB D;CH0027441929;Duration;CHF;;;;;7.12;1988;;;;120425981;CH1204259811;CH20425981=S;1.95 DEUT BAHN 22-32;300000000;108.2500000;0.6987500;0.675;6.272;326846250;326846250;;2022-10-03;2031-09-30;2025-09-21;2026-09-21;Maturity;2032-09-21;2032-09-21;100.0;100.0;6.72;Foreign Corporate;1.9500;AA;1.0000000;72020100;DE;021252
2026-01-30;SBR14D;SBI AAA-BBB D;CH0027441929;Duration;CHF;;;;;7.12;1988;;;;123109435;CH1231094355;CH23109435=S;2.125 KBLU 23-32;300000000;108.7500000;0.0000000;0.634;5.711;326250000;326250000;;2023-02-01;2031-01-31;2026-01-30;2027-01-30;Maturity;2032-01-30;2032-01-30;100.0;100.0;6.08;Domestic Non Government;2.1250;AA;1.0000000;52510100;CH;000431
2026-01-30;SBR14D;SBI AAA-BBB D;CH0027441929;Duration;CHF;;;;;7.12;1988;;;;45720682;CH0457206826;CH45720682=S;0.375 ALBERT 19-29;325000000;99.7500000;0.3677083;0.459;2.997;325382552;325382552;;2019-03-01;2028-02-29;2025-02-07;2026-02-07;Maturity;2029-02-07;2029-02-07;100.0;100.0;3.10;Foreign Government;0.3750;AA;1.0000000;52515100;CA;002510
2026-01-30;SBR14D;SBI AAA-BBB D;CH0027441929;Duration;CHF;;;;;7.12;1988;;;;50392441;CH0503924414;CH50392441=S;0.50 CG 19-28;325000000;99.9500000;0.1236111;0.518;2.738;325239236;325239236;;2019-12-02;2026-11-30;2025-11-01;2026-11-01;Maturity;2027-11-01;2028-11-01;100.0;100.0;1.83;Foreign Corporate;0.5000;A;1.0000000;74010100;US;011372
2026-01-30;SBR14D;SBI AAA-BBB D;CH0027441929;Duration;CHF;;;;;7.12;1988;;;;11784374;CH0117843745;CH11784374=S;2.50 BKW 10-30;300000000;107.6500000;0.7291667;0.836;4.481;325137500;325137500;;2010-11-01;2029-10-31;2025-10-15;2026-10-15;Maturity;2030-10-15;2030-10-15;100.0;100.0;4.79;Domestic Non Government;2.5000;A;1.0000000;75510100;CH;019547
2026-01-30;SBR14D;SBI AAA-BBB D;CH0027441929;Duration;CHF;;;;;7.12;1988;;;;33014318;CH0330143188;CH33014318=S;0.02 ZKB 16-27;325000000;99.6500000;0.0091111;0.247;1.544;323892111;323892111;;2016-09-01;2026-08-31;2025-08-16;2026-08-16;Maturity;2027-08-16;2027-08-16;100.0;100.0;1.62;Domestic Non Government;0.0200;AAA;1.0000000;52510100;CH;000210
2026-01-30;SBR14D;SBI AAA-BBB D;CH0027441929;Duration;CHF;;;;;7.12;1988;;;;132249962;CH1322499620;CH32249962=S;2.492 VWFIS 24-30;300000000;105.4000000;2.4094167;1.116;3.805;323428250;323428250;;2024-03-01;2029-02-28;2025-02-12;2026-02-12;Maturity;2030-02-12;2030-02-12;100.0;100.0;4.11;Foreign Corporate;2.4925;BBB;1.0000000;72510100;NL;021162
2026-01-30;SBR14D;SBI AAA-BBB D;CH0027441929;Duration;CHF;;;;;7.12;1988;;;;142303677;CH1423036776;CH42303677=S;1.125 THERMO 25-29;315000000;101.4500000;1.0093750;0.611;2.795;322747031;322747031;;2025-04-01;2027-12-31;2025-03-07;2026-03-07;Next Call;2028-12-07;2029-03-07;100.0;100.0;2.93;Foreign Corporate;1.1250;A;1.0000000;73510100;US;020514
2026-01-30;SBR14D;SBI AAA-BBB D;CH0027441929;Duration;CHF;;;;;7.12;1988;;;;127347538;CH1273475389;CH27347538=S;1.94 CWBA 23-30;300000000;106.3500000;1.1532222;0.480;4.226;322509667;322509667;;2023-07-03;2029-06-29;2025-06-26;2026-06-26;Maturity;2030-06-26;2030-06-26;100.0;100.0;4.49;Foreign Corporate;1.9400;AAA;1.0000000;61515100;AU;011046
2026-01-30;SBR14D;SBI AAA-BBB D;CH0027441929;Duration;CHF;;;;;7.12;1988;;;;46123904;CH0461239045;CH46123904=S;0.05 ZKB 20-31;330000000;97.6500000;0.0493056;0.526;5.006;322407708;322407708;;2020-03-02;2030-02-28;2025-02-05;2026-02-05;Maturity;2031-02-05;2031-02-05;100.0;100.0;5.09;Domestic Non Government;0.0500;AAA;1.0000000;52510100;CH;000210
2026-01-30;SBR14D;SBI AAA-BBB D;CH0027441929;Duration;CHF;;;;;7.12;1988;;;;110567266;CH1105672666;CH10567266=S;0.555 VERIZON 21-31;325000000;98.6000000;0.4717500;0.834;5.067;321983188;321983188;;2021-04-01;2030-03-29;2025-03-24;2026-03-24;Maturity;2031-03-24;2031-03-24;100.0;100.0;5.23;Foreign Corporate;0.5550;BBB;1.0000000;75010100;US;011299
2026-01-30;SBR14D;SBI AAA-BBB D;CH0027441929;Duration;CHF;;;;;7.12;1988;;;;144645228;CH1446452281;CH44645228=S;1 PZ S608 25-45;325000000;98.5000000;0.4333333;1.085;17.775;321533333;321533333;;2025-05-20;2044-08-31;2025-08-24;2026-08-24;Maturity;2045-08-24;2045-08-24;100.0;100.0;19.65;Swiss Pfandbrief;1.0000;AAA;1.0000000;61010100;CH;001211
2026-01-30;SBR14D;SBI AAA-BBB D;CH0027441929;Duration;CHF;;;;;7.12;1988;;;;132580787;CH1325807878;CH32580787=S;1.494 SANDER 24-28;310000000;103.1000000;0.3237433;0.372;2.740;320613604;320613604;;2024-03-01;2027-11-30;2025-11-12;2026-11-12;Maturity;2028-11-12;2028-11-12;100.0;100.0;2.86;Foreign Corporate;1.4942;AAA;1.0000000;61515100;GB;021138
2026-01-30;SBR14D;SBI AAA-BBB D;CH0027441929;Duration;CHF;;;;;7.12;1988;;;;145418579;CH1454185799;CH45418579=S;0.97 TRECV 25-40;325000000;98.0000000;0.5954722;1.121;13.405;320435285;320435285;;2025-07-01;2039-06-30;2025-06-19;2026-06-19;Maturity;2040-06-19;2040-06-19;100.0;100.0;14.47;Foreign Government;0.9700;AA;1.0000000;52515100;AU;003229
2026-01-30;SBR14D;SBI AAA-BBB D;CH0027441929;Duration;CHF;;;;;7.12;1988;;;;111848374;CH1118483747;CH11848374=S;0.395 MACGLI 21-28;320000000;99.6000000;0.2084722;0.558;2.460;319387111;319387111;;2021-08-02;2027-07-30;2025-07-20;2026-07-20;Maturity;2028-07-20;2028-07-20;100.0;100.0;2.55;Foreign Corporate;0.3950;A;1.0000000;74015100;AU;020966
2026-01-30;SBR14D;SBI AAA-BBB D;CH0027441929;Duration;CHF;;;;;7.12;1988;;;;134674307;CH1346743078;CH34674307=S;1.85 COOP 24-32;300000000;105.3000000;0.9969444;0.999;6.103;318890833;318890833;;2024-08-02;2031-07-31;2025-07-16;2026-07-16;Maturity;2032-07-16;2032-07-16;100.0;100.0;6.54;Domestic Non Government;1.8500;BBB;1.0000000;73010100;CH;019998
2026-01-30;SBR14D;SBI AAA-BBB D;CH0027441929;Duration;CHF;;;;;7.12;1988;;;;134674305;CH1346743052;CH34674305=S;1.30 KT ZH 24-37;300000000;105.5000000;0.7800000;0.793;10.616;318840000;318840000;;2024-07-01;2036-06-30;2025-06-24;2026-06-24;Maturity;2037-06-24;2037-06-24;100.0;100.0;11.48;Domestic Non Government;1.3000;AAA;1.0000000;52515100;CH;001116
2026-01-30;SBR14D;SBI AAA-BBB D;CH0027441929;Duration;CHF;;;;;7.12;1988;;;;127136062;CH1271360625;CH27136062=S;2.875 EQINIX 23-28;300000000;105.0500000;1.1020833;0.715;2.299;318456250;318456250;;2023-10-02;2027-06-30;2025-09-12;2026-09-12;Next Call;2028-06-12;2028-09-12;100.0;100.0;2.45;Foreign Corporate;2.8750;BBB;1.0000000;74515100;US;021135
2026-01-30;SBR14D;SBI AAA-BBB D;CH0027441929;Duration;CHF;;;;;7.12;1988;;;;126482351;CH1264823514;CH26482351=S;2.49 NORDEA 23-28;300000000;104.2500000;1.6876667;0.640;2.252;317813000;317813000;;2023-06-01;2027-05-31;2025-05-26;2026-05-26;Maturity;2028-05-26;2028-05-26;100.0;100.0;2.40;Foreign Corporate;2.4900;A;1.0000000;74010100;FI;020756
2026-01-30;SBR14D;SBI AAA-BBB D;CH0027441929;Duration;CHF;;;;;7.12;1988;;;;130591681;CH1305916814;CH30591681=S;1.45 ZH 23-42;300000000;104.9000000;0.9143056;1.121;14.612;317442917;317442917;;2023-12-19;2041-06-28;2025-06-13;2026-06-13;Maturity;2042-06-13;2042-06-13;100.0;100.0;16.45;Domestic Non Government;1.4500;AAA;1.0000000;53015100;CH;001146
2026-01-30;SBR14D;SBI AAA-BBB D;CH0027441929;Duration;CHF;;;;;7.12;1988;;;;142864828;CH1428648286;CH42864828=S;1.187 RAI 25-32;310000000;101.5500000;0.8444444;0.932;6.050;317422778;317422778;;2025-06-02;2031-05-30;2025-05-14;2026-05-14;Maturity;2032-05-14;2032-05-14;100.0;100.0;6.37;Domestic Non Government;1.1875;AA;1.0000000;74010100;CH;017757
2026-01-30;SBR14D;SBI AAA-BBB D;CH0027441929;Duration;CHF;;;;;7.12;1988;;;;20004478;CH0200044789;CH20004478=S;2.375 NANTDRA 13-28;300000000;103.5000000;2.2760417;0.644;1.974;317328125;317328125;;2013-03-01;2027-02-26;2025-02-15;2026-02-15;Maturity;2028-02-15;2028-02-15;100.0;100.0;2.12;Domestic Non Government;2.3750;A;1.0000000;75510100;CH;019877
2026-01-30;SBR14D;SBI AAA-BBB D;CH0027441929;Duration;CHF;;;;;7.12;1988;;;;127347539;CH1273475397;CH27347539=S;1.875 NESTLE 23-29;300000000;104.5000000;1.1041667;0.540;3.305;316812500;316812500;;2023-07-03;2028-06-30;2025-06-28;2026-06-28;Maturity;2029-06-28;2029-06-28;100.0;100.0;3.49;Domestic Non Government;1.8750;AA;1.0000000;73015100;CH;021262
2026-01-30;SBR14D;SBI AAA-BBB D;CH0027441929;Duration;CHF;;;;;7.12;1988;;;;44415379;CH0444153792;CH444153792=S;0.50 AKB 18-27;315000000;100.4500000;0.1041667;0.248;1.787;316745625;316745625;;2018-12-03;2026-11-30;2025-11-15;2026-11-15;Maturity;2027-11-15;2027-11-15;100.0;100.0;1.87;Domestic Non Government;0.5000;AAA;1.0000000;52510100;CH;000123
2026-01-30;SBR14D;SBI AAA-BBB D;CH0027441929;Duration;CHF;;;;;7.12;1988;;;;24775438;CH0247754382;CH24775438=S;1.625 KT GE 14-29;300000000;104.7000000;0.8125000;0.274;3.408;316537500;316537500;;2014-08-04;2028-07-31;2025-07-30;2026-07-30;Maturity;2029-07-30;2029-07-30;100.0;100.0;3.58;Domestic Non Government;1.6250;AA;1.0000000;52515100;CH;001105
2026-01-30;SBR14D;SBI AAA-BBB D;CH0027441929;Duration;CHF;;;;;7.12;1988;;;;132580788;CH1325807886;CH32580788=S;2.175 CAIXABANK 24-30;300000000;103.5000000;1.8789583;1.035;3.013;316136875;316136875;;2024-04-02;2028-03-30;2025-03-19;2026-03-19;Next Call;2029-03-19;2030-03-19;100.0;100.0;3.22;Foreign Corporate;2.1750;A;1.0000000;74010100;ES;020092
2026-01-30;SBR14D;SBI AAA-BBB D;CH0027441929;Duration;CHF;;;;;7.12;1988;;;;115152621;CH1151526212;CH15152621=S;0.282 CIBC 22-27;315000000;100.0800000;0.2801458;0.203;1.006;316134459;316134459;;2022-03-01;2026-02-27;2025-02-03;2026-02-03;Maturity;2027-02-03;2027-02-03;100.0;100.0;1.09;Foreign Corporate;0.2825;A;1.0000000;74010100;CA;002681
2026-01-30;SBR14D;SBI AAA-BBB D;CH0027441929;Duration;CHF;;;;;7.12;1988;;;;127926112;CH1279261122;CH27926112=S;1.91 CIBC 23-28;300000000;103.9500000;1.0398889;0.293;2.401;314969667;314969667;;2023-08-02;2027-07-30;2025-07-14;2026-07-14;Maturity;2028-07-14;2028-07-14;100.0;100.0;2.54;Foreign Corporate;1.9100;AAA;1.0000000;61515100;CA;002681
2026-01-30;SBR14D;SBI AAA-BBB D;CH0027441929;Duration;CHF;;;;;7.12;1988;;;;122654387;CH1226543879;CH22654387=S;2.35 SIKA 22-28;300000000;104.5500000;0.4047222;0.567;2.522;314864167;314864167;;2022-12-01;2027-08-31;2025-11-28;2026-11-28;Next Call;2028-08-28;2028-11-28;100.0;100.0;2.66;Domestic Non Government;2.3500;A;1.0000000;71510100;CH;001287
2026-01-30;SBR14D;SBI AAA-BBB D;CH0027441929;Duration;CHF;;;;;7.12;1988;;;;131996844;CH1319968447;CH31996844=S;1.20 KT ZH 24-30;300000000;103.7000000;1.0766667;0.291;3.989;314330000;314330000;;2024-03-19;2029-03-30;2025-03-07;2026-03-07;Maturity;2030-03-07;2030-03-07;100.0;100.0;4.18;Domestic Non Government;1.2000;AAA;1.0000000;52515100;CH;001116
2026-01-30;SBR14D;SBI AAA-BBB D;CH0027441929;Duration;CHF;;;;;7.12;1988;;;;38412508;CH0384125081;CH38412508=S;0.75 PB S656 17-38;320000000;98.0000000;0.2125000;0.917;12.144;314280000;314280000;;2017-10-18;2037-10-30;2025-10-18;2026-10-18;Maturity;2038-10-18;2038-10-18;100.0;100.0;12.80;Swiss Pfandbrief;0.7500;AAA;1.0000000;61010100;CH;001205
2026-01-30;SBR14D;SBI AAA-BBB D;CH0027441929;Duration;CHF;;;;;7.12;1988;;;;120636767;CH1206367679;CH20636767=S;1.45 KT ZH 22-29;300000000;104.5500000;0.1852778;0.267;3.789;314205833;314205833;;2022-12-20;2028-12-29;2025-12-14;2026-12-14;Maturity;2029-12-14;2029-12-14;100.0;100.0;3.95;Domestic Non Government;1.4500;AAA;1.0000000;52515100;CH;001116
2026-01-30;SBR14D;SBI AAA-BBB D;CH0027441929;Duration;CHF;;;;;7.12;1988;;;;137390448;CH1373904486;CH37390448=S;0.85 KT ZH 24-36;310000000;101.0500000;0.2975000;0.747;10.201;314177250;314177250;;2024-10-01;2035-09-28;2025-09-24;2026-09-24;Maturity;2036-09-24;2036-09-24;100.0;100.0;10.73;Domestic Non Government;0.8500;AAA;1.0000000;52515100;CH;001116
2026-01-30;SBR14D;SBI AAA-BBB D;CH0027441929;Duration;CHF;;;;;7.12;1988;;;;125636720;CH1256367207;CH25636720=S;2.507 CAL 23-27;300000000;102.5100000;1.9015208;0.474;1.218;313234562;313234562;;2023-05-02;2026-04-30;2025-04-27;2026-04-27;Maturity;2027-04-27;2027-04-27;100.0;100.0;1.32;Foreign Corporate;2.5075;A;1.0000000;74010100;GB;012444
2026-01-30;SBR14D;SBI AAA-BBB D;CH0027441929;Duration;CHF;;;;;7.12;1988;;;;127136038;CH1271360385;CH27136038=S;2.012 WBC 23-30;290000000;106.7000000;1.2689931;0.460;4.184;313110080;313110080;;2023-07-03;2029-06-29;2025-06-13;2026-06-13;Maturity;2030-06-13;2030-06-13;100.0;100.0;4.45;Foreign Corporate;2.0125;AAA;1.0000000;61515100;AU;010386
2026-01-30;SBR14D;SBI AAA-BBB D;CH0027441929;Duration;CHF;;;;;7.12;1988;;;;52215888;CH0522158887;CH52215888=S;0.20 DEUT BAHN 21-33;325000000;96.2000000;0.1388889;0.736;7.248;313101389;313101389;;2021-06-01;2032-05-31;2025-05-20;2026-05-20;Maturity;2033-05-20;2033-05-20;100.0;100.0;7.39;Foreign Corporate;0.2000;AA;1.0000000;72020100;DE;021252
2026-01-30;SBR14D;SBI AAA-BBB D;CH0027441929;Duration;CHF;;;;;7.12;1988;;;;33635274;CH0336352742;CH33635274=S;0.125 PB S635 16-31;318000000;98.1000000;0.0677083;0.478;5.439;312173312;312173312;;2016-09-21;2030-07-31;2025-07-15;2026-07-15;Maturity;2031-07-15;2031-07-15;100.0;100.0;5.54;Swiss Pfandbrief;0.1250;AAA;1.0000000;61010100;CH;001205
2026-01-30;SBR14D;SBI AAA-BBB D;CH0027441929;Duration;CHF;;;;;7.12;1988;;;;132249961;CH1322499612;CH32249961=S;2.207 VWFIS 24-27;300000000;101.8600000;2.1339167;0.400;1.012;311981750;311981750;;2024-03-01;2026-02-27;2025-02-12;2026-02-12;Maturity;2027-02-12;2027-02-12;100.0;100.0;1.11;Foreign Corporate;2.2075;BBB;1.0000000;72510100;NL;021162
2026-01-30;SBR14D;SBI AAA-BBB D;CH0027441929;Duration;CHF;;;;;7.12;1988;;;;13827685;CH0138276859;CH13827685=S;2.125 LU KB 11-41;272000000;113.7000000;0.6847222;1.164;13.580;311126444;311126444;;2011-11-01;2040-10-31;2025-10-04;2026-10-04;Maturity;2041-10-04;2041-10-04;100.0;100.0;15.76;Domestic Non Government;2.1250;AA;1.0000000;52510100;CH;000431
2026-01-30;SBR14D;SBI AAA-BBB D;CH0027441929;Duration;CHF;;;;;7.12;1988;;;;53689274;CH0536892745;CH53689274=S;0.10 KT ZH 20-45;370000000;84.0000000;0.0602778;1.013;19.185;311023028;311023028;;2020-07-01;2044-06-30;2025-06-23;2026-06-23;Maturity;2045-06-23;2045-06-23;100.0;100.0;19.48;Domestic Non Government;0.1000;AAA;1.0000000;52515100;CH;001116
2026-01-30;SBR14D;SBI AAA-BBB D;CH0027441929;Duration;CHF;;;;;7.12;1988;;;;27552788;CH0275527882;CH27552788=S;0.625 AKB 15-28;307000000;100.6500000;0.4982639;0.328;2.184;310525170;310525170;;2015-05-04;2027-04-30;2025-04-13;2026-04-13;Maturity;2028-04-13;2028-04-13;100.0;100.0;2.28;Domestic Non Government;0.6250;AAA;1.0000000;52510100;CH;000123
2026-01-30;SBR14D;SBI AAA-BBB D;CH0027441929;Duration;CHF;;;;;7.12;1988;;;;121479720;CH1214797206;CH21479720=S;2.377 ADECCO 22-27;300000000;102.9500000;0.4821042;0.460;1.530;310296313;310296313;;2022-12-01;2026-08-31;2025-11-17;2026-11-17;Next Call;2027-08-17;2027-11-17;100.0;100.0;1.63;Domestic Non Government;2.3775;BBB;1.0000000;72015100;CH;001432
2026-01-30;SBR14D;SBI AAA-BBB D;CH0027441929;Duration;CHF;;;;;7.12;1988;;;;117056576;CH1170565761;CH17056576=S;1.55 BELL 22-29;300000000;102.2500000;1.0936111;0.854;3.205;310030833;310030833;;2022-06-01;2028-05-31;2025-05-16;2026-05-16;Maturity;2029-05-16;2029-05-16;100.0;100.0;3.38;Domestic Non Government;1.5500;BBB;1.0000000;73015100;CH;010791
2026-01-30;SBR14D;SBI AAA-BBB D;CH0027441929;Duration;CHF;;;;;7.12;1988;;;;124941602;CH1249416020;CH24941602=S;1.992 AKAH 23-33;280000000;108.6000000;1.7489722;0.748;6.625;308977122;308977122;;2023-04-03;2032-03-31;2025-03-14;2026-03-14;Maturity;2033-03-14;2033-03-14;100.0;100.0;7.20;Foreign Government;1.9925;AA;1.0000000;52015100;SE;011244
2026-01-30;SBR14D;SBI AAA-BBB D;CH0027441929;Duration;CHF;;;;;7.12;1988;;;;148461144;CH1484611442;CH48461144=S;0.682 RENTEN 25-35;310000000;99.4000000;0.2237083;0.747;9.371;308833496;308833496;;2025-11-03;2034-10-31;2025-10-02;2026-10-02;Maturity;2035-10-02;2035-10-02;100.0;100.0;9.75;Foreign Government;0.6825;AAA;1.0000000;52010100;DE;010012
2026-01-30;SBR14D;SBI AAA-BBB D;CH0027441929;Duration;CHF;;;;;7.12;1988;;;;118921789;CH1189217891;CH18921789=S;1.45 PZ S556 22-30;292000000;104.5600000;1.0875000;0.367;4.113;308490700;308490700;;2022-07-19;2029-04-30;2025-04-30;2026-04-30;Maturity;2030-04-30;2030-04-30;100.0;100.0;4.33;Swiss Pfandbrief;1.4500;AAA;1.0000000;61010100;CH;001211
2026-01-30;SBR14D;SBI AAA-BBB D;CH0027441929;Duration;CHF;;;;;7.12;1988;;;;140006452;CH1400064528;CH40006452=S;1.235 TORD 25-32;305000000;101.1000000;0.0274444;1.044;5.799;308438706;308438706;;2025-02-03;2031-01-31;2026-01-22;2027-01-22;Maturity;2032-01-22;2032-01-22;100.0;100.0;6.06;Foreign Corporate;1.2350;A;1.0000000;74010100;CA;002851
2026-01-30;SBR14D;SBI AAA-BBB D;CH0027441929;Duration;CHF;;;;;7.12;1988;;;;135325783;CH1353257830;CH35325783=S;1.85 NOV 24-40;280000000;109.0000000;1.1408333;1.166;12.712;308394333;308394333;;2024-07-01;2039-06-30;2025-06-18;2026-06-18;Maturity;2040-06-18;2040-06-18;100.0;100.0;14.46;Domestic Non Government;1.8500;AA;1.0000000;73515100;CH;010152
2026-01-30;SBR14D;SBI AAA-BBB D;CH0027441929;Duration;CHF;;;;;7.12;1988;;;;131996869;CH1319968694;CH31996869=S;1.45 PZ S593 24-39;288000000;106.2800000;0.5759722;0.955;12.420;307745200;307745200;;2024-05-14;2038-09-30;2025-09-07;2026-09-07;Maturity;2039-09-07;2039-09-07;100.0;100.0;13.68;Swiss Pfandbrief;1.4500;AAA;1.0000000;61010100;CH;001211
2026-01-30;SBR14D;SBI AAA-BBB D;CH0027441929;Duration;CHF;;;;;7.12;1988;;;;52215882;CH0522158820;CH52215882=S;0.40 KBLU 21-38;330000000;92.7500000;0.3500000;1.039;11.803;307230000;307230000;;2021-04-01;2037-03-31;2025-03-15;2026-03-15;Maturity;2038-03-15;2038-03-15;100.0;100.0;12.21;Domestic Non Government;0.4000;AA;1.0000000;52510100;CH;000431
2026-01-30;SBR14D;SBI AAA-BBB D;CH0027441929;Duration;CHF;;;;;7.12;1988;;;;134276406;CH1342764060;CH34276406=S;1.367 QUE 24-34;290000000;104.6500000;1.0408194;0.782;7.782;306503376;306503376;;2024-05-02;2033-04-29;2025-04-26;2026-04-26;Maturity;2034-04-26;2034-04-26;100.0;100.0;8.32;Foreign Government;1.3675;AA;1.0000000;52515100;CA;010609
2026-01-30;SBR14D;SBI AAA-BBB D;CH0027441929;Duration;CHF;;;;;7.12;1988;;;;2900880;CH0029008809;CH2900880=S;2.75 KFW 07-37;250000000;119.9500000;2.6277778;0.850;9.605;306444444;306444444;;2007-03-01;2036-02-29;2025-02-16;2026-02-16;Maturity;2037-02-16;2037-02-16;100.0;100.0;11.12;Foreign Government;2.7500;AAA;1.0000000;52015100;DE;011457
2026-01-30;SBR14D;SBI AAA-BBB D;CH0027441929;Duration;CHF;;;;;7.12;1988;;;;52215897;CH0522158978;CH52215897=S;0.35 SG KB 22-31;310000000;98.6000000;0.1750000;0.610;5.447;306202500;306202500;;2022-02-01;2030-07-31;2025-07-31;2026-07-31;Maturity;2031-07-31;2031-07-31;100.0;100.0;5.58;Domestic Non Government;0.3500;AAA;1.0000000;52510100;CH;000371
2026-01-30;SBR14D;SBI AAA-BBB D;CH0027441929;Duration;CHF;;;;;7.12;1988;;;;137693153;CH1376931536;CH37693153=S;1.20 BMWIBV 24-28;300000000;101.6000000;0.3700000;0.599;2.657;305910000;305910000;;2024-11-01;2027-10-29;2025-10-09;2026-10-09;Maturity;2028-10-09;2028-10-09;100.0;100.0;2.77;Foreign Corporate;1.2000;A;1.0000000;72510100;NL;020781
2026-01-30;SBR14D;SBI AAA-BBB D;CH0027441929;Duration;CHF;;;;;7.12;1988;;;;25290372;CH0252903726;CH25290372=S;1 KT BL 14-27;300000000;101.0200000;0.8333333;0.124;1.157;305560000;305560000;;2014-10-01;2026-03-31;2025-03-30;2026-03-30;Maturity;2027-03-30;2027-03-30;100.0;100.0;1.25;Domestic Non Government;1.0000;AAA;1.0000000;52515100;CH;001096
2026-01-30;SBR14D;SBI AAA-BBB D;CH0027441929;Duration;CHF;;;;;7.12;1988;;;;27215417;CH0272154177;CH27215417=S;1 KT BL 15-40;300000000;100.9000000;0.9027778;0.932;13.107;305408333;305408333;;2015-03-18;2039-03-31;2025-03-05;2026-03-05;Maturity;2040-03-05;2040-03-05;100.0;100.0;14.18;Domestic Non Government;1.0000;AAA;1.0000000;52515100;CH;001096
2026-01-30;SBR14D;SBI AAA-BBB D;CH0027441929;Duration;CHF;;;;;7.12;1988;;;;137693156;CH1376931569;CH37693156=S;1.05 MC DON 24-28;300000000;101.4000000;0.1837500;0.501;2.549;304751250;304751250;;2024-12-02;2027-08-31;2025-11-27;2026-11-27;Next Call;2028-08-27;2028-11-27;100.0;100.0;2.66;Foreign Corporate;1.0500;BBB;1.0000000;72520100;US;002878
2026-01-30;SBR14D;SBI AAA-BBB D;CH0027441929;Duration;CHF;;;;;7.12;1988;;;;35241961;CH0352419615;CH35241961=S;0.625 SG KB 17-32;305000000;99.9000000;0.0121528;0.642;5.888;304732066;304732066;;2017-02-01;2031-01-31;2026-01-23;2027-01-23;Maturity;2032-01-23;2032-01-23;100.0;100.0;6.06;Domestic Non Government;0.6250;AAA;1.0000000;52510100;CH;000371
2026-01-30;SBR14D;SBI AAA-BBB D;CH0027441929;Duration;CHF;;;;;7.12;1988;;;;139632980;CH1396329802;CH39632980=S;1.25 FISCHER 24-27;300000000;101.4000000;0.1736111;0.492;1.849;304720833;304720833;;2025-01-03;2026-12-30;2025-12-10;2026-12-10;Maturity;2027-12-10;2027-12-10;100.0;100.0;1.94;Domestic Non Government;1.2500;BBB;1.0000000;72010100;CH;001386
2026-01-30;SBR14D;SBI AAA-BBB D;CH0027441929;Duration;CHF;;;;;7.12;1988;;;;145599010;CH1455990106;CH45599010=S;1.20 PZ S613 25-45;297000000;102.0300000;0.3133333;1.085;17.665;303959700;303959700;;2025-08-04;2044-10-31;2025-10-26;2026-10-26;Maturity;2045-10-26;2045-10-26;100.0;100.0;19.82;Swiss Pfandbrief;1.2000;AAA;1.0000000;61010100;CH;001211
2026-01-30;SBR14D;SBI AAA-BBB D;CH0027441929;Duration;CHF;;;;;7.12;1988;;;;56192383;CH0561923837;CH56192383=S;0.25 MHB 20-28;305000000;99.5000000;0.0916667;0.441;2.626;303754583;303754583;;2020-10-01;2027-09-30;2025-09-18;2026-09-18;Maturity;2028-09-18;2028-09-18;100.0;100.0;2.71;Foreign Corporate;0.2500;AA;1.0000000;74015100;DE;010705
2026-01-30;SBR14D;SBI AAA-BBB D;CH0027441929;Duration;CHF;;;;;7.12;1988;;;;116018834;CH1160188343;CH16018834=S;0.625 AXPO 22-27;300000000;100.5600000;0.6180556;0.071;1.005;303534167;303534167;;2022-03-01;2026-02-27;2025-02-04;2026-02-04;Maturity;2027-02-04;2027-02-04;100.0;100.0;1.09;Domestic Non Government;0.6250;A;1.0000000;75510100;CH;019086
2026-01-30;SBR14D;SBI AAA-BBB D;CH0027441929;Duration;CHF;;;;;7.12;1988;;;;121674066;CH1216740667;CH21674066=S;2.125 BL KB 22-52;250000000;120.5000000;0.6847222;1.220;21.144;302961806;302961806;;2022-11-01;2051-10-31;2025-10-04;2026-10-04;Maturity;2052-10-04;2052-10-04;100.0;100.0;26.76;Domestic Non Government;2.1250;AA;1.0000000;52510100;CH;000414
2026-01-30;SBR14D;SBI AAA-BBB D;CH0027441929;Duration;CHF;;;;;7.12;1988;;;;41904072;CH0419040727;CH41904072=S;0.20 VA BK SB19 19-27;303000000;99.9500000;0.0005556;0.250;0.997;302850183;302850183;;2019-02-01;2026-01-30;2026-01-29;2027-01-29;Maturity;2027-01-29;2027-01-29;100.0;100.0;1.08;Domestic Non Government;0.2000;AAA;1.0000000;61515100;CH;012553
2026-01-30;SBR14D;SBI AAA-BBB D;CH0027441929;Duration;CHF;;;;;7.12;1988;;;;127708050;CH1277080508;CH27708050=S;1.885 DEUT BAHN 23-35;275000000;109.4000000;0.7173472;0.862;8.870;302822705;302822705;;2023-10-02;2034-09-29;2025-09-13;2026-09-13;Maturity;2035-09-13;2035-09-13;100.0;100.0;9.70;Foreign Corporate;1.8850;AA;1.0000000;72020100;DE;021252
2026-01-30;SBR14D;SBI AAA-BBB D;CH0027441929;Duration;CHF;;;;;7.12;1988;;;;116615191;CH1166151915;CH16615191=S;1 ROK 22-37;300000000;100.0000000;0.9305556;1.000;10.437;302791667;302791667;;2022-03-01;2036-02-29;2025-02-25;2026-02-25;Maturity;2037-02-25;2037-02-25;100.0;100.0;11.15;Domestic Non Government;1.0000;AA;1.0000000;73515100;CH;010368
2026-01-30;SBR14D;SBI AAA-BBB D;CH0027441929;Duration;CHF;;;;;7.12;1988;;;;147140388;CH1471403886;CH47140388=S;1.30 SIEGFRIED 25-31;300000000;100.5000000;0.4044444;1.204;5.266;302713333;302713333;;2025-11-03;2030-07-31;2025-10-08;2026-10-08;Next Call;2031-07-08;2031-10-08;100.0;100.0;5.52;Domestic Non Government;1.3000;BBB;1.0000000;73515100;CH;001416
2026-01-30;SBR14D;SBI AAA-BBB D;CH0027441929;Duration;CHF;;;;;7.12;1988;;;;54724327;CH0547243276;CH54724327=S;0.75 SONOVA 20-28;300000000;100.6000000;0.2375000;0.524;2.661;302512500;302512500;;2020-07-01;2027-10-29;2025-10-06;2026-10-06;Maturity;2028-10-06;2028-10-06;100.0;100.0;2.76;Domestic Non Government;0.7500;A;1.0000000;73510100;CH;018470
2026-01-30;SBR14D;SBI AAA-BBB D;CH0027441929;Duration;CHF;;;;;7.12;1988;;;;27037380;CH0270373803;CH27037380=S;1 KT SO 15-45;300000000;99.7000000;0.9444444;1.017;17.278;301933333;301933333;;2015-03-02;2044-02-29;2025-02-20;2026-02-20;Maturity;2045-02-20;2045-02-20;100.0;100.0;19.14;Domestic Non Government;1.0000;AAA;1.0000000;52515100;CH;001110
2026-01-30;SBR14D;SBI AAA-BBB D;CH0027441929;Duration;CHF;;;;;7.12;1988;;;;52066359;CH0520663599;CH52066359=S;0 UBSWITZ 20-30;310000000;97.3500000;0.0000000;0.567;4.750;301785000;301785000;;2020-03-02;2029-10-31;2020-01-31;2020-10-31;Maturity;2030-10-31;2030-10-31;100.0;100.0;4.83;Domestic Non Government;0.0000;AAA;1.0000000;61515100;CH;021142
2026-01-30;SBR14D;SBI AAA-BBB D;CH0027441929;Duration;CHF;;;;;7.12;1988;;;;20832345;CH0208323458;CH20832345=S;1.75 KT GE 13-33;275000000;108.2000000;1.4972222;0.575;6.703;301667361;301667361;;2013-04-02;2032-03-31;2025-03-22;2026-03-22;Maturity;2033-03-22;2033-03-22;100.0;100.0;7.22;Domestic Non Government;1.7500;AA;1.0000000;52515100;CH;001105
2026-01-30;SBR14D;SBI AAA-BBB D;CH0027441929;Duration;CHF;;;;;7.12;1988;;;;26898818;CH0268988182;CH26898818=S;1 SCM 15-35;300000000;99.7000000;0.7861111;1.034;8.779;301458333;301458333;;2015-05-04;2034-04-28;2025-04-17;2026-04-17;Maturity;2035-04-17;2035-04-17;100.0;100.0;9.29;Domestic Non Government;1.0000;A;1.0000000;75010100;CH;010711
2026-01-30;SBR14D;SBI AAA-BBB D;CH0027441929;Duration;CHF;;;;;7.12;1988;;;;52888120;CH0528881201;CH52888120=S;0.25 KT GE 20-28;300000000;100.1500000;0.2395833;0.176;2.034;301168750;301168750;;2020-04-14;2027-02-26;2025-02-15;2026-02-15;Maturity;2028-02-15;2028-02-15;100.0;100.0;2.12;Domestic Non Government;0.2500;AA;1.0000000;52515100;CH;001105
2026-01-30;SBR14D;SBI AAA-BBB D;CH0027441929;Duration;CHF;;;;;7.12;1988;;;;142671724;CH1426717240;CH42671724=S;1.125 SG KB 25-46;300000000;99.2500000;0.9656250;1.167;17.951;300646875;300646875;;2025-04-01;2045-03-31;2025-03-21;2026-03-21;Maturity;2046-03-21;2046-03-21;100.0;100.0;20.22;Domestic Non Government;1.1250;AAA;1.0000000;52510100;CH;000371
2026-01-30;SBR14D;SBI AAA-BBB D;CH0027441929;Duration;CHF;;;;;7.12;1988;;;;129323799;CH1293237991;CH29323799=S;2.112 ABBLTD 23-33;275000000;108.5500000;0.7511111;0.947;7.117;300578056;300578056;;2023-10-02;2032-09-30;2025-09-22;2026-09-22;Maturity;2033-09-22;2033-09-22;100.0;100.0;7.72;Domestic Non Government;2.1125;A;1.0000000;72010100;CH;010881
2026-01-30;SBR14D;SBI AAA-BBB D;CH0027441929;Duration;CHF;;;;;7.12;1988;;;;41904078;CH0419040784;CH41904078=S;0.25 BL KB 19-27;300000000;100.0500000;0.1222222;0.217;1.509;300516667;300516667;;2019-03-01;2026-08-31;2025-08-04;2026-08-04;Maturity;2027-08-04;2027-08-04;100.0;100.0;1.59;Domestic Non Government;0.2500;AA;1.0000000;52510100;CH;000414
2026-01-30;SBR14D;SBI AAA-BBB D;CH0027441929;Duration;CHF;;;;;7.12;1988;;;;125345610;CH1253456102;CH25345610=S;2.085 RY 23-28;285000000;103.7000000;1.7375000;0.367;2.107;300496875;300496875;;2023-04-03;2027-03-31;2025-03-31;2026-03-31;Maturity;2028-03-31;2028-03-31;100.0;100.0;2.25;Foreign Corporate;2.0850;AAA;1.0000000;61515100;CA;003105
2026-01-30;SBR14D;SBI AAA-BBB D;CH0027441929;Duration;CHF;;;;;7.12;1988;;;;39745072;CH0397450724;CH39745072=S;0.25 BL KB 18-27 /Z;300000000;100.1600000;0.0034722;0.088;0.986;300490417;300490417;;2018-02-01;2026-01-30;2026-01-25;2027-01-25;Maturity;2027-01-25;2027-01-25;100.0;100.0;1.07;Domestic Non Government;0.2500;AA;1.0000000;52510100;CH;000414
2026-01-30;SBR14D;SBI AAA-BBB D;CH0027441929;Duration;CHF;;;;;7.12;1988;;;;145081019;CH1450810192;CH45081019=S;1.355 BNP 25-35;300000000;99.5500000;0.5758750;1.405;8.993;300377625;300377625;;2025-09-01;2029-08-31;2025-08-27;2026-08-27;Maturity;2030-08-27;2035-08-27;100.0;100.0;4.66;Foreign Corporate;1.3550;BBB;1.0000000;74010200;FR;011329
2026-01-30;SBR14D;SBI AAA-BBB D;CH0027441929;Duration;CHF;;;;;7.12;1988;;;;122654384;CH1226543846;CH22654384=S;2.625 NESTLE 22-35;260000000;114.7500000;0.5979167;1.030;8.783;299904583;299904583;;2022-12-01;2034-11-30;2025-11-08;2026-11-08;Maturity;2035-11-08;2035-11-08;100.0;100.0;9.85;Domestic Non Government;2.6250;AA;1.0000000;73015100;CH;021262
2026-01-30;SBR14D;SBI AAA-BBB D;CH0027441929;Duration;CHF;;;;;7.12;1988;;;;58194781;CH0581947816;CH58194781=S;0.375 SWPIFI 21-28;300000000;99.5000000;0.3635417;0.624;2.019;299590625;299590625;;2021-03-01;2027-02-26;2025-02-11;2026-02-11;Maturity;2028-02-11;2028-02-11;100.0;100.0;2.11;Domestic Non Government;0.3750;A;1.0000000;76015100;CH;020888
2026-01-30;SBR14D;SBI AAA-BBB D;CH0027441929;Duration;CHF;;;;;7.12;1988;;;;38599710;CH0385997108;CH38599710=S;0.45 DEUT BAHN 17-30;300000000;99.7000000;0.1025000;0.514;4.728;299407500;299407500;;2017-12-01;2029-11-30;2025-11-08;2026-11-08;Maturity;2030-11-08;2030-11-08;100.0;100.0;4.85;Foreign Corporate;0.4500;AA;1.0000000;72020100;DE;021252
2026-01-30;SBR14D;SBI AAA-BBB D;CH0027441929;Duration;CHF;;;;;7.12;1988;;;;58194773;CH0581947733;CH581947733=S;0.65 SWPIFI 20-29;300000000;99.6500000;0.0758333;0.742;3.845;299177500;299177500;;2021-01-04;2028-12-29;2025-12-18;2026-12-18;Maturity;2029-12-18;2029-12-18;100.0;100.0;3.96;Domestic Non Government;0.6500;A;1.0000000;76015100;CH;020888
2026-01-30;SBR14D;SBI AAA-BBB D;CH0027441929;Duration;CHF;;;;;7.12;1988;;;;136651710;CH1366517105;CH36651710=S;1.130 TG KB 24-44;300000000;99.2500000;0.4739722;1.175;16.777;299171917;299171917;;2024-09-02;2043-08-31;2025-08-29;2026-08-29;Maturity;2044-08-29;2044-08-29;100.0;100.0;18.66;Domestic Non Government;1.1300;AA;1.0000000;52510100;CH;000108
2026-01-30;SBR14D;SBI AAA-BBB D;CH0027441929;Duration;CHF;;;;;7.12;1988;;;;59197961;CH0591979619;CH59197961=S;0 PB S697 21-41;350000000;85.4100000;0.0000000;1.036;15.306;298935000;298935000;;2021-02-01;2040-05-31;2021-01-27;2021-05-20;Maturity;2041-05-20;2041-05-20;100.0;100.0;15.39;Swiss Pfandbrief;0.0000;AAA;1.0000000;61010100;CH;001205
2026-01-30;SBR14D;SBI AAA-BBB D;CH0027441929;Duration;CHF;;;;;7.12;1988;;;;34755687;CH0347556877;CH34755687=S;0.25 NBRNS 17-29;300000000;99.5500000;0.0076389;0.403;2.962;298672917;298672917;;2017-02-01;2028-01-31;2026-01-19;2027-01-19;Maturity;2029-01-19;2029-01-19;100.0;100.0;3.05;Foreign Government;0.2500;A;1.0000000;52515100;CA;001482
2026-01-30;SBR14D;SBI AAA-BBB D;CH0027441929;Duration;CHF;;;;;7.12;1988;;;;142394852;CH1423948525;CH42394852=S;0.425 INDEAS 25-32;300000000;99.1000000;0.2302083;0.567;6.370;297990625;297990625;;2025-08-04;2031-07-31;2025-07-15;2026-07-15;Maturity;2032-07-15;2032-07-15;100.0;100.0;6.54;Foreign Supranational;0.4250;AAA;1.0000000;51515100;US;020783
2026-01-30;SBR14D;SBI AAA-BBB D;CH0027441929;Duration;CHF;;;;;7.12;1988;;;;46123909;CH0461239094;CH46123909=S;0.111 BNZ 20-28;300000000;99.2500000;0.0573500;0.415;2.480;297922050;297922050;;2020-02-03;2027-07-30;2025-07-24;2026-07-24;Maturity;2028-07-24;2028-07-24;100.0;100.0;2.56;Foreign Corporate;0.1110;A;1.0000000;74010100;NZ;019084
2026-01-30;SBR14D;SBI AAA-BBB D;CH0027441929;Duration;CHF;;;;;7.12;1988;;;;127702844;CH1277028440;CH27702844=S;1.985 SNCFM 23-33;275000000;107.1000000;1.1689444;0.986;6.910;297739597;297739597;;2023-07-03;2032-06-30;2025-06-28;2026-06-28;Maturity;2033-06-28;2033-06-28;100.0;100.0;7.49;Foreign Corporate;1.9850;A;1.0000000;52010100;FR;020316
2026-01-30;SBR14D;SBI AAA-BBB D;CH0027441929;Duration;CHF;;;;;7.12;1988;;;;52133365;CH0521333655;CH52133365=S;0.435 DT TELE 20-32;300000000;98.7000000;0.4277500;0.656;5.926;297383250;297383250;;2020-03-02;2031-02-28;2025-02-06;2026-02-06;Maturity;2032-02-06;2032-02-06;100.0;100.0;6.10;Foreign Corporate;0.4350;BBB;1.0000000;75010100;DE;012650
2026-01-30;SBR14D;SBI AAA-BBB D;CH0027441929;Duration;CHF;;;;;7.12;1988;;;;113712283;CH1137122839;CH13712283=S;0.25 PACIFIC 21-28;300000000;98.8500000;0.0652778;0.675;2.731;296745833;296745833;;2021-11-01;2027-10-29;2025-10-26;2026-10-26;Maturity;2028-10-26;2028-10-26;100.0;100.0;2.82;Foreign Corporate;0.2500;AA;1.0000000;62510100;US;020984
2026-01-30;SBR14D;SBI AAA-BBB D;CH0027441929;Duration;CHF;;;;;7.12;1988;;;;145599009;CH1455990098;CH45599009=S;1.15 PZ S612 25-40;288000000;102.2200000;0.5813889;0.984;13.338;296068000;296068000;;2025-08-04;2039-07-29;2025-07-28;2026-07-13;Maturity;2040-07-13;2040-07-13;100.0;100.0;14.53;Swiss Pfandbrief;1.1500;AAA;1.0000000;61010100;CH;001211
2026-01-30;SBR14D;SBI AAA-BBB D;CH0027441929;Duration;CHF;;;;;7.12;1988;;;;12073685;CH0120736852;CH12073685=S;2 LU KB 10-39;265000000;111.3500000;0.1833333;1.114;12.362;295563333;295563333;;2011-04-01;2038-12-31;2025-12-27;2026-12-27;Maturity;2039-12-27;2039-12-27;100.0;100.0;13.99;Domestic Non Government;2.0000;AA;1.0000000;52510100;CH;000431
2026-01-30;SBR14D;SBI AAA-BBB D;CH0027441929;Duration;CHF;;;;;7.12;1988;;;;56923765;CH0569237651;CH56923765=S;0.03 KT GE 20-30;300000000;98.5000000;0.0176667;0.373;4.408;295553000;295553000;;2020-10-01;2029-06-29;2025-06-28;2026-06-28;Maturity;2030-06-28;2030-06-28;100.0;100.0;4.49;Domestic Non Government;0.0300;AA;1.0000000;52515100;CH;001105
2026-01-30;SBR14D;SBI AAA-BBB D;CH0027441929;Duration;CHF;;;;;7.12;1988;;;;135657033;CH1356570338;CH35657033=S;1.535 BPCM 24-31;285000000;103.1000000;0.5116667;0.970;5.449;295293250;295293250;;2024-11-01;2030-09-30;2025-09-30;2026-09-30;Maturity;2031-09-30;2031-09-30;100.0;100.0;5.75;Foreign Corporate;1.5350;A;1.0000000;71010100;GB;014201
2026-01-30;SBR14D;SBI AAA-BBB D;CH0027441929;Duration;CHF;;;;;7.12;1988;;;;51782526;CH0517825268;CH51782526=S;0.125 JNLGF 20-28;300000000;98.3500000;0.0680556;0.806;2.452;295254167;295254167;;2020-02-03;2027-07-30;2025-07-14;2026-07-14;Maturity;2028-07-14;2028-07-14;100.0;100.0;2.54;Foreign Corporate;0.1250;A;1.0000000;62510100;US;020602
2026-01-30;SBR14D;SBI AAA-BBB D;CH0027441929;Duration;CHF;;;;;7.12;1988;;;;117056562;CH1170565621;CH17056562=S;0.25 ZKB 22-28;295000000;99.8500000;0.2097222;0.320;2.154;295176181;295176181;;2022-04-01;2027-03-31;2025-03-28;2026-03-28;Maturity;2028-03-28;2028-03-28;100.0;100.0;2.24;Domestic Non Government;0.2500;AAA;1.0000000;52510100;CH;000210
2026-01-30;SBR14D;SBI AAA-BBB D;CH0027441929;Duration;CHF;;;;;7.12;1988;;;;55041334;CH0550413345;CH55041334=S;0.227 SNCFM 20-30;300000000;98.0000000;0.1399833;0.692;4.360;294419950;294419950;;2020-07-01;2029-06-29;2025-06-18;2026-06-18;Maturity;2030-06-18;2030-06-18;100.0;100.0;4.46;Foreign Corporate;0.2270;A;1.0000000;52010100;FR;020316
2026-01-30;SBR14D;SBI AAA-BBB D;CH0027441929;Duration;CHF;;;;;7.12;1988;;;;113712279;CH1137122797;CH13712279=S;0.25 DEUT BAHN 21-31;300000000;98.0000000;0.0645833;0.605;5.704;294193750;294193750;;2021-11-01;2030-10-31;2025-10-27;2026-10-27;Maturity;2031-10-27;2031-10-27;100.0;100.0;5.82;Foreign Corporate;0.2500;AA;1.0000000;72020100;DE;021252
2026-01-30;SBR14D;SBI AAA-BBB D;CH0027441929;Duration;CHF;;;;;7.12;1988;;;;33635277;CH0336352775;CH33635277=S;0.125 SCM 16-32;300000000;97.7000000;0.0468750;0.479;6.598;293240625;293240625;;2016-10-03;2031-09-30;2025-09-15;2026-09-15;Maturity;2032-09-15;2032-09-15;100.0;100.0;6.71;Domestic Non Government;0.1250;A;1.0000000;75010100;CH;010711
2026-01-30;SBR14D;SBI AAA-BBB D;CH0027441929;Duration;CHF;;;;;7.12;1988;;;;110109646;CH1101096464;CH10109646=S;0.10 ZKB 21-31;300000000;97.6500000;0.0833333;0.563;5.151;293200000;293200000;;2021-04-01;2030-03-29;2025-03-31;2026-03-31;Maturity;2031-03-31;2031-03-31;100.0;100.0;5.25;Domestic Non Government;0.1000;AAA;1.0000000;52510100;CH;000210
2026-01-30;SBR14D;SBI AAA-BBB D;CH0027441929;Duration;CHF;;;;;7.12;1988;;;;126892218;CH1268922189;CH26892218=S;1.825 CAHL 23-28;280000000;103.3500000;1.2369444;0.373;2.270;292843444;292843444;;2023-06-01;2027-05-31;2025-05-26;2026-05-26;Maturity;2028-05-26;2028-05-26;100.0;100.0;2.40;Foreign Corporate;1.8250;AAA;1.0000000;61515100;FR;019224
2026-01-30;SBR14D;SBI AAA-BBB D;CH0027441929;Duration;CHF;;;;;7.12;1988;;;;129866598;CH1298665980;CH29866598=S;2.96 FRESENIUS 23-28;275000000;105.6000000;0.8386667;0.664;2.398;292706333;292706333;;2023-11-01;2027-07-30;2025-10-18;2026-10-18;Next Call;2028-07-18;2028-10-18;100.0;100.0;2.55;Foreign Corporate;2.9600;BBB;1.0000000;73510100;DE;020220
2026-01-30;SBR14D;SBI AAA-BBB D;CH0027441929;Duration;CHF;;;;;7.12;1988;;;;110109664;CH1101096647;CH10109664=S;0.10 GR KB 21-31;300000000;97.4500000;0.0730556;0.593;5.254;292569167;292569167;;2021-06-01;2030-05-31;2025-05-07;2026-05-07;Maturity;2031-05-07;2031-05-07;100.0;100.0;5.35;Domestic Non Government;0.1000;AA;1.0000000;52510100;CH;000346
2026-01-30;SBR14D;SBI AAA-BBB D;CH0027441929;Duration;CHF;;;;;7.12;1988;;;;133111352;CH1331113527;CH33111352=S;2.287 BPCE 24-29;275000000;104.3000000;2.0015625;0.886;2.997;292329297;292329297;;2024-04-02;2028-03-31;2025-03-15;2026-03-15;Maturity;2029-03-15;2029-03-15;100.0;100.0;3.21;Foreign Corporate;2.2875;BBB;1.0000000;74010100;FR;020228
2026-01-30;SBR14D;SBI AAA-BBB D;CH0027441929;Duration;CHF;;;;;7.12;1988;;;;46123902;CH0461239029;CH46123902=S;0.125 VA BK 19-34;310000000;94.2000000;0.0194444;0.807;8.798;292080278;292080278;;2020-01-03;2033-12-30;2025-12-04;2026-12-04;Maturity;2034-12-04;2034-12-04;100.0;100.0;8.93;Domestic Non Government;0.1250;AAA;1.0000000;61515100;CH;012553
2026-01-30;SBR14D;SBI AAA-BBB D;CH0027441929;Duration;CHF;;;;;7.12;1988;;;;120636749;CH1206367497;CH20636749=S;3.75 DORMFI 22-27;275000000;105.0000000;1.1041667;0.785;1.670;291786458;291786458;;2022-11-01;2026-10-30;2025-10-14;2026-10-14;Maturity;2027-10-14;2027-10-14;100.0;100.0;1.79;Domestic Non Government;3.7500;BBB;1.0000000;72010100;CH;020622
2026-01-30;SBR14D;SBI AAA-BBB D;CH0027441929;Duration;CHF;;;;;7.12;1988;;;;2582694;CH0025826949;CH2582694=S;3.25 RFF 06-32;250000000;114.6000000;1.8958333;0.898;5.842;291239583;291239583;;2006-07-03;2031-06-30;2025-06-30;2026-06-30;Maturity;2032-06-30;2032-06-30;100.0;100.0;6.50;Foreign Corporate;3.2500;A;1.0000000;52010100;FR;020322
2026-01-30;SBR14D;SBI AAA-BBB D;CH0027441929;Duration;CHF;;;;;7.12;1988;;;;22867493;CH0228674930;CH22867493=S;2.25 KT GE 13-38;250000000;115.9000000;0.3375000;0.931;11.402;290593750;290593750;;2013-12-18;2037-12-31;2025-12-06;2026-12-06;Maturity;2038-12-06;2038-12-06;100.0;100.0;12.93;Domestic Non Government;2.2500;AA;1.0000000;52515100;CH;001105
2026-01-30;SBR14D;SBI AAA-BBB D;CH0027441929;Duration;CHF;;;;;7.12;1988;;;;122115048;CH1221150480;CH22115048=S;1.9575 NATCAN 22-27;280000000;103.0000000;0.4730625;0.245;1.739;289724575;289724575;;2022-12-01;2026-11-30;2025-11-03;2026-11-03;Maturity;2027-11-03;2027-11-03;100.0;100.0;1.84;Foreign Corporate;1.9575;AAA;1.0000000;61515100;CA;021052
2026-01-30;SBR14D;SBI AAA-BBB D;CH0027441929;Duration;CHF;;;;;7.12;1988;;;;20527672;CH0205276725;CH20527672=S;1.50 KT BE 13-29;275000000;104.0500000;1.0625000;0.263;3.206;289059375;289059375;;2013-05-15;2028-05-31;2025-05-15;2026-05-15;Maturity;2029-05-15;2029-05-15;100.0;100.0;3.37;Domestic Non Government;1.5000;AA;1.0000000;52515100;CH;001103
2026-01-30;SBR14D;SBI AAA-BBB D;CH0027441929;Duration;CHF;;;;;7.12;1988;;;;134103501;CH1341035017;CH34103501=S;1.657 SLH 24-33;275000000;103.8000000;1.2615417;1.090;6.584;288919240;288919240;;2024-05-02;2032-01-30;2025-04-26;2026-04-26;Next Call;2033-01-26;2033-04-26;100.0;100.0;7.07;Domestic Non Government;1.6575;A;1.0000000;74020100;CH;011974
2026-01-30;SBR14D;SBI AAA-BBB D;CH0027441929;Duration;CHF;;;;;7.12;1988;;;;50607133;CH0506071338;CH50607133=S;0.125 KBLU 20-32;300000000;96.2500000;0.0225694;0.690;6.793;288817708;288817708;;2020-12-01;2031-11-28;2025-11-25;2026-11-25;Maturity;2032-11-25;2032-11-25;100.0;100.0;6.90;Domestic Non Government;0.1250;AA;1.0000000;52510100;CH;000431
2026-01-30;SBR14D;SBI AAA-BBB D;CH0027441929;Duration;CHF;;;;;7.12;1988;;;;132148147;CH1321481470;CH32148147=S;1.715 UBSWITZ S241 24-34;270000000;106.8500000;0.0285833;0.825;7.545;288572175;288572175;;2024-02-01;2033-01-31;2026-01-24;2027-01-24;Maturity;2034-01-24;2034-01-24;100.0;100.0;8.06;Domestic Non Government;1.7150;AAA;1.0000000;61515100;CH;021142
2026-01-30;SBR14D;SBI AAA-BBB D;CH0027441929;Duration;CHF;;;;;7.12;1988;;;;141609353;CH1416093537;CH41609353=S;1.23 LGT 25-35;280000000;101.0000000;1.1650833;1.113;8.527;286062233;286062233;;2025-03-03;2034-02-28;2025-02-19;2026-02-19;Maturity;2035-02-19;2035-02-19;100.0;100.0;9.13;Domestic Non Government;1.2300;A;1.0000000;74010100;LI;019844
2026-01-30;SBR14D;SBI AAA-BBB D;CH0027441929;Duration;CHF;;;;;7.12;1988;;;;138001130;CH1380011309;CH38001130=S;1.600 EMMI 24-34;275000000;103.5000000;0.4000000;1.165;7.994;285725000;285725000;;2024-11-01;2033-07-29;2025-10-30;2026-10-30;Next Call;2034-07-30;2034-10-30;100.0;100.0;8.58;Domestic Non Government;1.6000;A;1.0000000;73015100;CH;019454
2026-01-30;SBR14D;SBI AAA-BBB D;CH0027441929;Duration;CHF;;;;;7.12;1988;;;;135619710;CH1356197108;CH35619710=S;2.15 TRATON 24-27;275000000;102.1200000;1.3258333;0.509;1.281;284476042;284476042;;2024-07-01;2026-05-29;2025-06-18;2026-06-18;Next Call;2027-05-18;2027-06-18;100.0;100.0;1.38;Foreign Corporate;2.1500;BBB;1.0000000;72010100;LU;021180
2026-01-30;SBR14D;SBI AAA-BBB D;CH0027441929;Duration;CHF;;;;;7.12;1988;;;;52215884;CH0522158846;CH52215884=S;0.25 SG KB 21-35;300000000;94.5500000;0.1875000;0.866;9.134;284212500;284212500;;2021-05-03;2034-04-28;2025-04-30;2026-04-30;Maturity;2035-04-30;2035-04-30;100.0;100.0;9.33;Domestic Non Government;0.2500;AAA;1.0000000;52510100;CH;000371
2026-01-30;SBR14D;SBI AAA-BBB D;CH0027441929;Duration;CHF;;;;;7.12;1988;;;;124866695;CH1248666955;CH24866695=S;2.617 SOGE 23-30;260000000;106.7500000;2.4211875;0.922;3.838;283845088;283845088;;2023-03-01;2029-02-28;2025-02-27;2026-02-27;Maturity;2030-02-27;2030-02-27;100.0;100.0;4.16;Foreign Corporate;2.6175;A;1.0000000;74010100;FR;012823
2026-01-30;SBR14D;SBI AAA-BBB D;CH0027441929;Duration;CHF;;;;;7.12;1988;;;;140547207;CH1405472072;CH40547207=S;0.80 KT ZH 25-35;280000000;101.1500000;0.0022222;0.668;8.719;283226222;283226222;;2025-02-03;2034-01-31;2026-01-29;2027-01-29;Maturity;2035-01-29;2035-01-29;100.0;100.0;9.08;Domestic Non Government;0.8000;AAA;1.0000000;52515100;CH;001116
2026-01-30;SBR14D;SBI AAA-BBB D;CH0027441929;Duration;CHF;;;;;7.12;1988;;;;134861405;CH1348614053;CH34861405=S;2.05 BARRY 24-30;270000000;103.3500000;1.4406944;1.244;4.105;282934875;282934875;;2024-06-03;2029-05-31;2025-05-17;2026-05-17;Maturity;2030-05-17;2030-05-17;100.0;100.0;4.38;Domestic Non Government;2.0500;BBB;1.0000000;73015100;CH;010480
2026-01-30;SBR14D;SBI AAA-BBB D;CH0027441929;Duration;CHF;;;;;7.12;1988;;;;39863392;CH0398633922;CH39863392=S;0.375 GR KB 19-32;287000000;98.1000000;0.2520833;0.683;6.249;282270479;282270479;;2019-06-03;2031-05-30;2025-05-28;2026-05-28;Maturity;2032-05-28;2032-05-28;100.0;100.0;6.41;Domestic Non Government;0.3750;AA;1.0000000;52510100;CH;000346
2026-01-30;SBR14D;SBI AAA-BBB D;CH0027441929;Duration;CHF;;;;;7.12;1988;;;;124365192;CH1243651929;CH24365192=S;2.50 LGT 23-33;250000000;110.1500000;2.3055556;1.007;6.468;281138889;281138889;;2023-03-01;2032-02-27;2025-02-28;2026-02-28;Maturity;2033-02-28;2033-02-28;100.0;100.0;7.16;Domestic Non Government;2.5000;A;1.0000000;74010100;LI;019844
2026-01-30;SBR14D;SBI AAA-BBB D;CH0027441929;Duration;CHF;;;;;7.12;1988;;;;129022256;CH1290222566;CH29022256=S;2.30 SGS 23-31;260000000;107.5000000;0.4663889;0.908;5.260;280712611;280712611;;2023-12-01;2030-08-30;2025-11-17;2026-11-17;Next Call;2031-08-17;2031-11-17;100.0;100.0;5.63;Domestic Non Government;2.3000;A;1.0000000;72015100;CH;001289
2026-01-30;SBR14D;SBI AAA-BBB D;CH0027441929;Duration;CHF;;;;;7.12;1988;;;;147140391;CH1471403910;CH47140391=S;1 PZ S617 25-45;284000000;98.4400000;0.1750000;1.088;18.033;280066600;280066600;;2025-10-01;2044-11-30;2025-11-27;2026-11-27;Maturity;2045-11-27;2045-11-27;100.0;100.0;19.91;Swiss Pfandbrief;1.0000;AAA;1.0000000;61010100;CH;001211
2026-01-30;SBR14D;SBI AAA-BBB D;CH0027441929;Duration;CHF;;;;;7.12;1988;;;;144958374;CH1449583744;CH44958374=S;1.0629 LINDEP 25-33;275000000;101.0000000;0.6938375;0.921;7.066;279658053;279658053;;2025-07-01;2032-03-30;2025-06-05;2026-06-07;Maturity;2033-03-07;2033-06-07;100.0;100.0;7.18;Foreign Corporate;1.0629;A;1.0000000;71010100;IE;021245
2026-01-30;SBR14D;SBI AAA-BBB D;CH0027441929;Duration;CHF;;;;;7.12;1988;;;;137744385;CH1377443853;CH37744385=S;1.67 CAL 24-29;270000000;102.9000000;0.5752222;0.860;3.560;279383100;279383100;;2024-10-01;2028-09-29;2025-09-26;2026-09-26;Maturity;2029-09-26;2029-09-26;100.0;100.0;3.74;Foreign Corporate;1.6700;A;1.0000000;74010100;FR;012788
2026-01-30;SBR14D;SBI AAA-BBB D;CH0027441929;Duration;CHF;;;;;7.12;1988;;;;124431945;CH1244319450;CH24431945=S;3.645 DB 23-29;265000000;105.2500000;0.0303750;0.971;1.957;278992994;278992994;;2023-02-01;2027-01-29;2026-01-27;2027-01-27;Next Call;2028-01-27;2029-01-27;100.0;100.0;2.07;Foreign Corporate;3.6450;BBB;1.0000000;74010100;DE;002079
2026-01-30;SBR14D;SBI AAA-BBB D;CH0027441929;Duration;CHF;;;;;7.12;1988;;;;50501192;CH0505011921;CH50501192=S;0.125 KT GE 19-32;285000000;97.7000000;0.0840278;0.495;6.301;278684479;278684479;;2019-12-02;2031-05-30;2025-05-28;2026-05-28;Maturity;2032-05-28;2032-05-28;100.0;100.0;6.41;Domestic Non Government;0.1250;AA;1.0000000;52515100;CH;001105
2026-01-30;SBR14D;SBI AAA-BBB D;CH0027441929;Duration;CHF;;;;;7.12;1988;;;;147485698;CH1474856981;CH147485698=S;0.935 UBSWITZ 25-35;275000000;100.5500000;0.4337361;0.875;9.131;277705274;277705274;;2025-09-01;2034-08-31;2025-08-13;2026-08-13;Maturity;2035-08-13;2035-08-13;100.0;100.0;9.62;Domestic Non Government;0.9350;AAA;1.0000000;61515100;CH;021142
2026-01-30;SBR14D;SBI AAA-BBB D;CH0027441929;Duration;CHF;;;;;7.12;1988;;;;119321314;CH1193213142;CH19321314=S;2.10 BKB 23-33;250000000;109.5000000;1.5575000;0.750;6.738;277643750;277643750;;2023-06-01;2032-05-31;2025-05-03;2026-05-03;Maturity;2033-05-03;2033-05-03;100.0;100.0;7.34;Domestic Non Government;2.1000;AA;1.0000000;52510100;CH;002929
2026-01-30;SBR14D;SBI AAA-BBB D;CH0027441929;Duration;CHF;;;;;7.12;1988;;;;137173682;CH1371736823;CH37173682=S;1.17 ROK 24-39;275000000;100.4000000;0.4680000;1.138;12.597;277387000;277387000;;2024-09-17;2038-09-30;2025-09-06;2026-09-06;Maturity;2039-09-06;2039-09-06;100.0;100.0;13.68;Domestic Non Government;1.1700;AA;1.0000000;73515100;CH;010368
2026-01-30;SBR14D;SBI AAA-BBB D;CH0027441929;Duration;CHF;;;;;7.12;1988;;;;36067728;CH0360677287;CH36067728=S;0.50 LGT 17-27;275000000;100.2700000;0.3583333;0.289;1.278;276727917;276727917;;2017-06-01;2026-05-29;2025-05-12;2026-05-12;Maturity;2027-05-12;2027-05-12;100.0;100.0;1.36;Domestic Non Government;0.5000;A;1.0000000;74010100;LI;019844
2026-01-30;SBR14D;SBI AAA-BBB D;CH0027441929;Duration;CHF;;;;;7.12;1988;;;;30279014;CH0302790149;CH30279014=S;0.50 KT GE 15-30;275000000;100.5000000;0.0875000;0.395;4.776;276615625;276615625;;2015-12-01;2029-11-30;2025-11-27;2026-11-27;Maturity;2030-11-27;2030-11-27;100.0;100.0;4.91;Domestic Non Government;0.5000;AA;1.0000000;52515100;CH;001105
2026-01-30;SBR14D;SBI AAA-BBB D;CH0027441929;Duration;CHF;;;;;7.12;1988;;;;48436038;CH0484360380;CH48436038=S;0.25 KT ZH 19-39;300000000;92.0000000;0.1375000;0.883;13.212;276412500;276412500;;2019-07-16;2038-07-30;2025-07-12;2026-07-12;Maturity;2039-07-12;2039-07-12;100.0;100.0;13.53;Domestic Non Government;0.2500;AAA;1.0000000;52515100;CH;001116
2026-01-30;SBR14D;SBI AAA-BBB D;CH0027441929;Duration;CHF;;;;;7.12;1988;;;;132580790;CH1325807902;CH32580790=S;2.05 CAL 24-34;255000000;106.5500000;1.8393056;1.197;7.441;276392729;276392729;;2024-04-02;2033-03-31;2025-03-07;2026-03-07;Maturity;2034-03-07;2034-03-07;100.0;100.0;8.18;Foreign Corporate;2.0500;A;1.0000000;74010100;FR;012788
2026-01-30;SBR14D;SBI AAA-BBB D;CH0027441929;Duration;CHF;;;;;7.12;1988;;;;139632975;CH1396329752;CH39632975=S;1.1225 TOMOFI 24-30;270000000;101.5500000;0.7732778;0.756;4.202;276272850;276272850;;2024-12-02;2029-05-31;2025-05-22;2026-05-22;Maturity;2030-05-22;2030-05-22;100.0;100.0;4.39;Foreign Corporate;1.1225;A;1.0000000;72510100;NL;021127
2026-01-30;SBR14D;SBI AAA-BBB D;CH0027441929;Duration;CHF;;;;;7.12;1988;;;;114509615;CH1145096157;CH14509615=S;0.812 HSBCEN 21-31;275000000;100.0500000;0.1963542;0.803;5.639;275677474;275677474;;2021-12-01;2029-11-30;2025-11-03;2026-11-03;Maturity;2030-11-04;2031-11-03;100.0;100.0;4.84;Foreign Corporate;0.8125;A;1.0000000;74010100;GB;017950
2026-01-30;SBR14D;SBI AAA-BBB D;CH0027441929;Duration;CHF;;;;;7.12;1988;;;;45772354;CH0457723549;CH45772354=S;0.35 SG KB 19-28;275000000;100.1000000;0.0058333;0.299;1.980;275291042;275291042;;2019-02-01;2027-01-29;2026-01-24;2027-01-24;Maturity;2028-01-24;2028-01-24;100.0;100.0;2.06;Domestic Non Government;0.3500;AA;1.0000000;52510100;CH;000371
2026-01-30;SBR14D;SBI AAA-BBB D;CH0027441929;Duration;CHF;;;;;7.12;1988;;;;41904097;CH0419040974;CH41904097=S;0.85 KBLU 19-42;285000000;95.7500000;0.7508333;1.140;14.985;275027375;275027375;;2019-04-01;2041-03-29;2025-03-12;2026-03-12;Maturity;2042-03-12;2042-03-12;100.0;100.0;16.20;Domestic Non Government;0.8500;AA;1.0000000;52510100;CH;000431
2026-01-30;SBR14D;SBI AAA-BBB D;CH0027441929;Duration;CHF;;;;;7.12;1988;;;;130591673;CH1305916731;CH30591673=S;2.375 GIV 23-31;250000000;108.2000000;1.6295139;0.793;4.994;274573785;274573785;;2023-12-01;2030-05-31;2025-05-23;2026-05-23;Maturity;2031-05-23;2031-05-23;100.0;100.0;5.39;Domestic Non Government;2.3750;BBB;1.0000000;71510100;CH;011181
2026-01-30;SBR14D;SBI AAA-BBB D;CH0027441929;Duration;CHF;;;;;7.12;1988;;;;127626973;CH1276269730;CH27626973=S;2.73 BFCM 23-30;250000000;108.1500000;1.5090833;0.854;4.201;274147708;274147708;;2023-08-02;2029-07-31;2025-07-11;2026-07-11;Maturity;2030-07-11;2030-07-11;100.0;100.0;4.53;Foreign Corporate;2.7300;A;1.0000000;74010100;FR;012623
2026-01-30;SBR14D;SBI AAA-BBB D;CH0027441929;Duration;CHF;;;;;7.12;1988;;;;132148145;CH1321481454;CH32148145=S;1.482  24-29;265000000;103.3500000;0.0000000;0.358;2.957;273877500;273877500;;2024-02-01;2028-01-31;2026-01-30;2027-01-30;Maturity;2029-01-30;2029-01-30;100.0;100.0;3.08;Foreign Corporate;1.4825;AAA;1.0000000;61515100;CA;002851
2026-01-30;SBR14D;SBI AAA-BBB D;CH0027441929;Duration;CHF;;;;;7.12;1988;;;;133111353;CH1331113535;CH33111353=S;2.045 BPCE 24-32;255000000;105.4500000;1.7893750;1.119;5.732;273460406;273460406;;2024-04-02;2031-03-31;2025-03-15;2026-03-15;Maturity;2032-03-15;2032-03-15;100.0;100.0;6.21;Foreign Corporate;2.0450;A;1.0000000;74010100;FR;020228
2026-01-30;SBR14D;SBI AAA-BBB D;CH0027441929;Duration;CHF;;;;;7.12;1988;;;;50607113;CH0506071130;CH50607113=S;0 KBLU 20-28;275000000;99.1500000;0.0000000;0.339;2.519;272662500;272662500;;2020-03-02;2027-08-31;2020-02-07;2020-08-07;Maturity;2028-08-07;2028-08-07;100.0;100.0;2.60;Domestic Non Government;0.0000;AA;1.0000000;52510100;CH;000431
2026-01-30;SBR14D;SBI AAA-BBB D;CH0027441929;Duration;CHF;;;;;7.12;1988;;;;28495050;CH0284950505;CH28495050=S;1.125 ZH 15-40;270000000;100.2000000;0.6687500;1.110;13.293;272345625;272345625;;2015-07-01;2039-06-30;2025-06-26;2026-06-26;Maturity;2040-06-26;2040-06-26;100.0;100.0;14.49;Domestic Non Government;1.1250;AAA;1.0000000;53015100;CH;001146
2026-01-30;SBR14D;SBI AAA-BBB D;CH0027441929;Duration;CHF;;;;;7.12;1988;;;;124365191;CH1243651911;CH24365191=S;1.715 NAB 23-33;250000000;107.0000000;1.7007083;0.688;6.573;271751771;271751771;;2023-03-01;2032-02-27;2025-02-03;2026-02-03;Maturity;2033-02-03;2033-02-03;100.0;100.0;7.09;Foreign Corporate;1.7150;AAA;1.0000000;61515100;AU;001616
2026-01-30;SBR14D;SBI AAA-BBB D;CH0027441929;Duration;CHF;;;;;7.12;1988;;;;133111358;CH1331113584;CH33111358=S;1.355 FEDDQ 24-27;265000000;101.3000000;1.0614167;0.283;1.203;271257754;271257754;;2024-05-02;2026-04-30;2025-04-18;2026-04-18;Maturity;2027-04-18;2027-04-18;100.0;100.0;1.30;Foreign Corporate;1.3550;AAA;1.0000000;61515100;CA;021100
2026-01-30;SBR14D;SBI AAA-BBB D;CH0027441929;Duration;CHF;;;;;7.12;1988;;;;110567274;CH1105672740;CH10567274=S;0.375 PB S703 21-42;300000000;90.3400000;0.0062500;1.034;15.513;271038750;271038750;;2021-05-18;2041-01-31;2026-01-24;2027-01-24;Maturity;2042-01-24;2042-01-24;100.0;100.0;16.06;Swiss Pfandbrief;0.3750;AAA;1.0000000;61010100;CH;001205
2026-01-30;SBR14D;SBI AAA-BBB D;CH0027441929;Duration;CHF;;;;;7.12;1988;;;;113740741;CH1137407412;CH13740741=S;0.18 CIBC 21-29;275000000;98.3000000;0.1400000;0.716;3.211;270710000;270710000;;2021-11-01;2028-04-28;2025-04-20;2026-04-20;Maturity;2029-04-20;2029-04-20;100.0;100.0;3.30;Foreign Corporate;0.1800;A;1.0000000;74010100;CA;002681
2026-01-30;SBR14D;SBI AAA-BBB D;CH0027441929;Duration;CHF;;;;;7.12;1988;;;;129022250;CH1290222509;CH29022250=S;1.70 KT TI 23-33;250000000;107.8500000;0.4250000;0.658;7.318;270687500;270687500;;2023-11-01;2032-10-29;2025-10-31;2026-10-31;Maturity;2033-10-31;2033-10-31;100.0;100.0;7.83;Domestic Non Government;1.7000;AA;1.0000000;52515100;CH;001111
2026-01-30;SBR14D;SBI AAA-BBB D;CH0027441929;Duration;CHF;;;;;7.12;1988;;;;20497542;CH0204975426;CH20497542=S;1.375 EIB 13-28;260000000;102.6000000;1.2947917;0.110;2.019;270126458;270126458;;2013-03-01;2027-02-26;2025-02-21;2026-02-21;Maturity;2028-02-21;2028-02-21;100.0;100.0;2.14;Foreign Supranational;1.3750;AAA;1.0000000;51515100;LU;010844
2026-01-30;SBR14D;SBI AAA-BBB D;CH0027441929;Duration;CHF;;;;;7.12;1988;;;;123109438;CH1231094389;CH23109438=S;1.90 KBLU 23-31;250000000;106.8500000;1.1663889;0.603;5.125;270040972;270040972;;2023-07-03;2030-06-28;2025-06-19;2026-06-19;Maturity;2031-06-19;2031-06-19;100.0;100.0;5.47;Domestic Non Government;1.9000;AA;1.0000000;52510100;CH;000431
2026-01-30;SBR14D;SBI AAA-BBB D;CH0027441929;Duration;CHF;;;;;7.12;1988;;;;52515841;CH0525158413;CH52515841=S;0 PB S684 20-45;332000000;81.1500000;0.0000000;1.089;19.278;269418000;269418000;;2020-03-02;2044-05-31;2020-02-25;2020-05-10;Maturity;2045-05-10;2045-05-10;100.0;100.0;19.36;Swiss Pfandbrief;0.0000;AAA;1.0000000;61010100;CH;001205
2026-01-30;SBR14D;SBI AAA-BBB D;CH0027441929;Duration;CHF;;;;;7.12;1988;;;;18463691;CH0184636915;CH18463691=S;1.60 AKB 12-37;250000000;106.6000000;1.1200000;0.980;10.353;269300000;269300000;;2012-06-01;2036-05-30;2025-05-18;2026-05-18;Maturity;2037-05-18;2037-05-18;100.0;100.0;11.38;Domestic Non Government;1.6000;AAA;1.0000000;52510100;CH;000123
2026-01-30;SBR14D;SBI AAA-BBB D;CH0027441929;Duration;CHF;;;;;7.12;1988;;;;125592441;CH1255924412;CH25592441=S;3.25 FERRIN 23-31;240000000;109.6000000;2.5187500;1.335;4.799;269085000;269085000;;2023-05-02;2030-04-30;2025-04-21;2026-04-21;Maturity;2031-04-21;2031-04-21;100.0;100.0;5.31;Domestic Non Government;3.2500;BBB;1.0000000;73515100;CH;020892
2026-01-30;SBR14D;SBI AAA-BBB D;CH0027441929;Duration;CHF;;;;;7.12;1988;;;;119106623;CH1191066237;CH19106623=S;1.50 ZH 22-52;250000000;106.6500000;0.9000000;1.204;21.978;268875000;268875000;;2022-07-01;2051-06-30;2025-06-24;2026-06-24;Maturity;2052-06-24;2052-06-24;100.0;100.0;26.48;Domestic Non Government;1.5000;AAA;1.0000000;53015100;CH;001146
2026-01-30;SBR14D;SBI AAA-BBB D;CH0027441929;Duration;CHF;;;;;7.12;1988;;;;127082554;CH1270825545;CH27082554=S;2.857 NATWEST 23-28;250000000;105.4500000;1.8573750;0.518;2.270;268268438;268268438;;2023-07-03;2027-06-30;2025-06-06;2026-06-06;Maturity;2028-06-06;2028-06-06;100.0;100.0;2.43;Foreign Corporate;2.8575;A;1.0000000;74010100;GB;020684
2026-01-30;SBR14D;SBI AAA-BBB D;CH0027441929;Duration;CHF;;;;;7.12;1988;;;;27642381;CH0276423818;CH27642381=S;0.625 GR KB 15-29;265000000;100.6500000;0.4861111;0.421;3.185;268010694;268010694;;2015-05-04;2028-04-28;2025-04-20;2026-04-20;Maturity;2029-04-20;2029-04-20;100.0;100.0;3.30;Domestic Non Government;0.6250;AA;1.0000000;52510100;CH;000346
2026-01-30;SBR14D;SBI AAA-BBB D;CH0027441929;Duration;CHF;;;;;7.12;1988;;;;112183724;CH1121837244;CH12183724=S;0.55 DIGCON 21-29;270000000;98.7000000;0.4338889;0.963;3.178;267661500;267661500;;2021-08-02;2028-01-31;2025-04-16;2026-04-16;Maturity;2029-01-16;2029-04-16;100.0;100.0;3.04;Foreign Corporate;0.5500;BBB;1.0000000;74015100;NL;021155
2026-01-30;SBR14D;SBI AAA-BBB D;CH0027441929;Duration;CHF;;;;;7.12;1988;;;;46504463;CH0465044631;CH46504463=S;0.75 BMWIBV 19-27;265000000;100.6500000;0.3062500;0.340;1.584;267534062;267534062;;2019-04-01;2026-09-30;2025-09-03;2026-09-03;Maturity;2027-09-03;2027-09-03;100.0;100.0;1.67;Foreign Corporate;0.7500;A;1.0000000;72510100;NL;020781
2026-01-30;SBR14D;SBI AAA-BBB D;CH0027441929;Duration;CHF;;;;;7.12;1988;;;;131494147;CH1314941472;CH31494147=S;2.215 CEMBRA 24-30;250000000;104.6500000;2.1842361;1.027;3.809;267085590;267085590;;2024-03-01;2029-02-28;2025-02-05;2026-02-05;Maturity;2030-02-05;2030-02-05;100.0;100.0;4.09;Domestic Non Government;2.2150;A;1.0000000;74015100;CH;020177
2026-01-30;SBR14D;SBI AAA-BBB D;CH0027441929;Duration;CHF;;;;;7.12;1988;;;;125345608;CH1253456086;CH25345608=S;2.25 SIKA 23-29;250000000;104.8000000;1.7937500;0.605;2.843;266484375;266484375;;2023-05-02;2028-01-31;2025-04-13;2026-04-13;Next Call;2029-01-13;2029-04-13;100.0;100.0;3.03;Domestic Non Government;2.2500;A;1.0000000;71510100;CH;001287
2026-01-30;SBR14D;SBI AAA-BBB D;CH0027441929;Duration;CHF;;;;;7.12;1988;;;;18137704;CH0181377042;CH18137704=S;1.50 ZH 12-32;250000000;105.3500000;1.2000000;0.618;5.908;266375000;266375000;;2012-04-18;2031-04-30;2025-04-12;2026-04-12;Maturity;2032-04-12;2032-04-12;100.0;100.0;6.28;Domestic Non Government;1.5000;AAA;1.0000000;53015100;CH;001146
2026-01-30;SBR14D;SBI AAA-BBB D;CH0027441929;Duration;CHF;;;;;7.12;1988;;;;129087104;CH1290871040;CH29087104=S;1.875 MPL 24-31;250000000;104.9500000;1.5208333;0.894;4.928;266177083;266177083;;2024-05-02;2030-04-30;2025-04-08;2026-04-08;Maturity;2031-04-08;2031-04-08;100.0;100.0;5.27;Foreign Corporate;1.8750;AA;1.0000000;62510100;US;012401
2026-01-30;SBR14D;SBI AAA-BBB D;CH0027441929;Duration;CHF;;;;;7.12;1988;;;;127626972;CH1276269722;CH27626972=S;2.505 ABN 23-28;250000000;104.9500000;1.4890833;0.432;2.335;266097708;266097708;;2023-07-03;2027-06-30;2025-06-26;2026-06-26;Maturity;2028-06-26;2028-06-26;100.0;100.0;2.49;Foreign Corporate;2.5050;A;1.0000000;74010100;GB;012368
2026-01-30;SBR14D;SBI AAA-BBB D;CH0027441929;Duration;CHF;;;;;7.12;1988;;;;117918441;CH1179184416;CH17918441=S;0.89 COMP FIN 22-29;260000000;101.5000000;0.6749167;0.423;3.190;265654783;265654783;;2022-06-01;2028-04-28;2025-04-27;2026-04-27;Maturity;2029-04-27;2029-04-27;100.0;100.0;3.32;Foreign Corporate;0.8900;AAA;1.0000000;61510100;FR;001556
2026-01-30;SBR14D;SBI AAA-BBB D;CH0027441929;Duration;CHF;;;;;7.12;1988;;;;140938848;CH1409388480;CH40938848=S;0.85 ZH 25-35;265000000;100.2000000;0.0165278;0.827;8.683;265573799;265573799;;2025-02-03;2034-01-31;2026-01-23;2027-01-23;Maturity;2035-01-23;2035-01-23;100.0;100.0;9.06;Domestic Non Government;0.8500;AAA;1.0000000;53015100;CH;001146
2026-01-30;SBR14D;SBI AAA-BBB D;CH0027441929;Duration;CHF;;;;;7.12;1988;;;;124432179;CH1244321795;CH24432179=S;2.625 EIF 23-29;245000000;106.4500000;1.6406250;0.685;3.230;264822031;264822031;;2023-07-03;2028-06-30;2025-06-15;2026-06-15;Maturity;2029-06-15;2029-06-15;100.0;100.0;3.46;Foreign Corporate;2.6250;BBB;1.0000000;75510100;NL;012010
2026-01-30;SBR14D;SBI AAA-BBB D;CH0027441929;Duration;CHF;;;;;7.12;1988;;;;120636740;CH1206367406;CH20636740=S;1.50 PZ S559 22-29;252000000;104.0000000;1.0333333;0.284;3.226;264684000;264684000;;2022-09-20;2028-05-31;2025-05-22;2026-05-22;Maturity;2029-05-22;2029-05-22;100.0;100.0;3.39;Swiss Pfandbrief;1.5000;AAA;1.0000000;61010100;CH;001211
2026-01-30;SBR14D;SBI AAA-BBB D;CH0027441929;Duration;CHF;;;;;7.12;1988;;;;11469542;CH0114695429;CH11469542=S;2.125 KT GE 10-28;250000000;105.2000000;0.5489583;0.220;2.682;264372396;264372396;;2010-11-01;2027-10-29;2025-10-27;2026-10-27;Maturity;2028-10-27;2028-10-27;100.0;100.0;2.82;Domestic Non Government;2.1250;AA;1.0000000;52515100;CH;001105
2026-01-30;SBR14D;SBI AAA-BBB D;CH0027441929;Duration;CHF;;;;;7.12;1988;;;;137693159;CH1376931593;CH37693159=S;1.417 BNP 25-31;260000000;101.4500000;0.0511875;1.116;4.827;263903088;263903088;;2025-02-03;2030-01-31;2026-01-17;2027-01-17;Maturity;2031-01-17;2031-01-17;100.0;100.0;5.04;Foreign Corporate;1.4175;A;1.0000000;74010100;FR;011329
2026-01-30;SBR14D;SBI AAA-BBB D;CH0027441929;Duration;CHF;;;;;7.12;1988;;;;137390441;CH1373904411;CH37390441=S;1.90 GALD 24-32;250000000;104.9000000;0.6491667;1.131;6.290;263872917;263872917;;2024-10-01;2031-09-30;2025-09-27;2026-09-27;Maturity;2032-09-27;2032-09-27;100.0;100.0;6.74;Domestic Non Government;1.9000;BBB;1.0000000;73515100;CH;021202
2026-01-30;SBR14D;SBI AAA-BBB D;CH0027441929;Duration;CHF;;;;;7.12;1988;;;;19934768;CH0199347680;CH19934768=S;1.50 ZG KB 12-37;250000000;105.2500000;0.2916667;1.025;10.906;263854167;263854167;;2012-12-03;2036-11-28;2025-11-20;2026-11-20;Maturity;2037-11-20;2037-11-20;100.0;100.0;11.89;Domestic Non Government;1.5000;AAA;1.0000000;52510100;CH;000155
2026-01-30;SBR14D;SBI AAA-BBB D;CH0027441929;Duration;CHF;;;;;7.12;1988;;;;131996849;CH1319968496;CH31996849=S;1.80 SWPIFI 24-30;250000000;103.7000000;1.6450000;0.874;3.917;263362500;263362500;;2024-04-02;2029-03-30;2025-03-01;2026-03-01;Maturity;2030-03-01;2030-03-01;100.0;100.0;4.17;Domestic Non Government;1.8000;A;1.0000000;76015100;CH;020888
2026-01-30;SBR14D;SBI AAA-BBB D;CH0027441929;Duration;CHF;;;;;7.12;1988;;;;42819425;CH0428194259;CH42819425=S;1 PB S662 18-43;265000000;99.3300000;0.0194444;1.043;15.693;263276028;263276028;;2018-09-19;2042-01-31;2026-01-23;2027-01-23;Maturity;2043-01-23;2043-01-23;100.0;100.0;17.06;Swiss Pfandbrief;1.0000;AAA;1.0000000;61010100;CH;001205
2026-01-30;SBR14D;SBI AAA-BBB D;CH0027441929;Duration;CHF;;;;;7.12;1988;;;;121491202;CH1214912029;CH21491202=S;2.05 KBLU 22-47;225000000;116.0000000;0.7630556;1.205;17.905;262716875;262716875;;2022-10-03;2046-09-28;2025-09-16;2026-09-16;Maturity;2047-09-16;2047-09-16;100.0;100.0;21.71;Domestic Non Government;2.0500;AA;1.0000000;52510100;CH;000431
2026-01-30;SBR14D;SBI AAA-BBB D;CH0027441929;Duration;CHF;;;;;7.12;1988;;;;145832033;CH1458320335;CH45832033=S;1.125 PB S772 25-55;260000000;100.3500000;0.6656250;1.111;25.041;262640625;262640625;;2025-07-01;2054-06-30;2025-06-27;2026-06-25;Maturity;2055-06-25;2055-06-25;100.0;100.0;29.48;Swiss Pfandbrief;1.1250;AAA;1.0000000;61010100;CH;001205
2026-01-30;SBR14D;SBI AAA-BBB D;CH0027441929;Duration;CHF;;;;;7.12;1988;;;;31064652;CH0310646523;CH31064652=S;0.50 FR KB 16-28;260000000;100.2500000;0.4680556;0.378;2.049;261866944;261866944;;2016-03-01;2027-02-26;2025-02-23;2026-02-23;Maturity;2028-02-23;2028-02-23;100.0;100.0;2.14;Domestic Non Government;0.5000;AA;1.0000000;52510100;CH;002995
2026-01-30;SBR14D;SBI AAA-BBB D;CH0027441929;Duration;CHF;;;;;7.12;1988;;;;140000001;CH1400000019;CH40000001=S;2.22 TEMENOS 25-30;250000000;102.9000000;1.8438333;1.454;3.732;261859583;261859583;;2025-05-02;2029-01-31;2025-04-01;2026-04-01;Next Call;2030-01-01;2030-04-01;100.0;100.0;4.00;Domestic Non Government;2.2200;BBB;1.0000000;74510100;CH;011603
2026-01-30;SBR14D;SBI AAA-BBB D;CH0027441929;Duration;CHF;;;;;7.12;1988;;;;21782531;CH0217825311;CH21782531=S;1.75 KT SG 13-28;250000000;103.8000000;0.9333333;0.204;2.417;261833333;261833333;;2013-08-02;2027-07-30;2025-07-18;2026-07-18;Maturity;2028-07-18;2028-07-18;100.0;100.0;2.55;Domestic Non Government;1.7500;AAA;1.0000000;52515100;CH;002345
2026-01-30;SBR14D;SBI AAA-BBB D;CH0027441929;Duration;CHF;;;;;7.12;1988;;;;52215904;CH0522159042;CH52215904=S;1.60 BL KB 22-32;245000000;105.6500000;1.1422222;0.679;5.976;261640944;261640944;;2022-06-01;2031-05-30;2025-05-13;2026-05-13;Maturity;2032-05-13;2032-05-13;100.0;100.0;6.37;Domestic Non Government;1.6000;AA;1.0000000;52510100;CH;000414
2026-01-30;SBR14D;SBI AAA-BBB D;CH0027441929;Duration;CHF;;;;;7.12;1988;;;;52215909;CH0522159091;CH52215909=S;1.40 SG KB 22-30;250000000;103.7500000;0.8516667;0.534;4.259;261504167;261504167;;2022-07-01;2029-06-29;2025-06-21;2026-06-21;Maturity;2030-06-21;2030-06-21;100.0;100.0;4.47;Domestic Non Government;1.4000;AAA;1.0000000;52510100;CH;000371
2026-01-30;SBR14D;SBI AAA-BBB D;CH0027441929;Duration;CHF;;;;;7.12;1988;;;;117953494;CH1179534941;CH17953494=S;1.40 SONOVA 22-32;250000000;103.2000000;1.3261111;0.855;5.776;261315278;261315278;;2022-06-01;2031-02-28;2025-02-19;2026-02-19;Maturity;2032-02-19;2032-02-19;100.0;100.0;6.13;Domestic Non Government;1.4000;A;1.0000000;73510100;CH;018470
2026-01-30;SBR14D;SBI AAA-BBB D;CH0027441929;Duration;CHF;;;;;7.12;1988;;;;125592440;CH1255924404;CH25592440=S;2.70 FERRIN 23-27;250000000;102.3000000;2.0925000;0.804;1.199;260981250;260981250;;2023-05-02;2026-04-30;2025-04-21;2026-04-21;Maturity;2027-04-21;2027-04-21;100.0;100.0;1.31;Domestic Non Government;2.7000;BBB;1.0000000;73515100;CH;020892
2026-01-30;SBR14D;SBI AAA-BBB D;CH0027441929;Duration;CHF;;;;;7.12;1988;;;;128015546;CH1280155461;CH28015546=S;1.80 SG KB 23-33;240000000;107.6000000;0.9850000;0.748;6.997;260604000;260604000;;2023-08-02;2032-07-30;2025-07-13;2026-07-13;Maturity;2033-07-13;2033-07-13;100.0;100.0;7.53;Domestic Non Government;1.8000;AAA;1.0000000;52510100;CH;000371
2026-01-30;SBR14D;SBI AAA-BBB D;CH0027441929;Duration;CHF;;;;;7.12;1988;;;;48101376;CH0481013768;CH48101376=S;0.20 MHB 19-31;265000000;98.2000000;0.1233333;0.540;5.353;260556833;260556833;;2019-07-01;2030-06-28;2025-06-18;2026-06-18;Maturity;2031-06-18;2031-06-18;100.0;100.0;5.46;Foreign Corporate;0.2000;AAA;1.0000000;61010100;DE;010705
2026-01-30;SBR14D;SBI AAA-BBB D;CH0027441929;Duration;CHF;;;;;7.12;1988;;;;126684710;CH1266847107;CH26684710=S;1.70 PZ S574 23-28;249000000;103.6900000;0.8783333;0.209;2.435;260375150;260375150;;2023-06-20;2027-07-30;2025-07-24;2026-07-24;Maturity;2028-07-24;2028-07-24;100.0;100.0;2.56;Swiss Pfandbrief;1.7000;AAA;1.0000000;61010100;CH;001211
2026-01-30;SBR14D;SBI AAA-BBB D;CH0027441929;Duration;CHF;;;;;7.12;1988;;;;140006466;CH1400064668;CH40006466=S;1.875 AMAG 25-31;250000000;102.3000000;1.7812500;1.400;4.785;260203125;260203125;;2025-03-03;2030-02-28;2025-02-18;2026-02-18;Maturity;2031-02-18;2031-02-18;100.0;100.0;5.13;Domestic Non Government;1.8750;BBB;1.0000000;74015100;CH;020626
2026-01-30;SBR14D;SBI AAA-BBB D;CH0027441929;Duration;CHF;;;;;7.12;1988;;;;39863379;CH0398633799;CH39863379=S;0.15 ZKB 19-27;260000000;100.0500000;0.0020833;0.099;0.986;260135417;260135417;;2019-02-01;2026-01-30;2026-01-25;2027-01-25;Maturity;2027-01-25;2027-01-25;100.0;100.0;1.07;Domestic Non Government;0.1500;AAA;1.0000000;52510100;CH;000210
2026-01-30;SBR14D;SBI AAA-BBB D;CH0027441929;Duration;CHF;;;;;7.12;1988;;;;52888122;CH0528881227;CH52888122=S;0.25 ALBERT 20-28;260000000;99.8500000;0.1944444;0.318;2.215;260115556;260115556;;2020-05-04;2027-04-30;2025-04-20;2026-04-20;Maturity;2028-04-20;2028-04-20;100.0;100.0;2.30;Foreign Government;0.2500;AA;1.0000000;52515100;CA;002510
2026-01-30;SBR14D;SBI AAA-BBB D;CH0027441929;Duration;CHF;;;;;7.12;1988;;;;120224226;CH1202242264;CH20224226=S;3.845 DZB 22-32;225000000;113.6500000;1.7409306;1.629;5.872;259629594;259629594;;2022-09-01;2031-08-29;2025-08-17;2026-08-17;Maturity;2032-08-17;2032-08-17;100.0;100.0;6.63;Foreign Corporate;3.8450;A;1.0000000;74010200;DE;019214
2026-01-30;SBR14D;SBI AAA-BBB D;CH0027441929;Duration;CHF;;;;;7.12;1988;;;;139999998;CH1399999981;CH39999998=S;1.809 GALD 25-33;245000000;104.3000000;1.5584389;1.156;6.446;259353175;259353175;;2025-04-01;2031-12-30;2025-03-20;2026-03-18;Next Call;2032-12-18;2033-03-18;100.0;100.0;6.96;Domestic Non Government;1.8098;BBB;1.0000000;73515100;CH;021202
2026-01-30;SBR14D;SBI AAA-BBB D;CH0027441929;Duration;CHF;;;;;7.12;1988;;;;59389392;CH0593893925;CH59389392=S;0.068 FADB 21-27;260000000;99.6100000;0.0566667;0.404;1.166;259133333;259133333;;2021-03-01;2026-03-31;2025-03-31;2026-03-31;Maturity;2027-03-31;2027-03-31;100.0;100.0;1.25;Foreign Corporate;0.0680;AA;1.0000000;74010100;AE;020578
2026-01-30;SBR14D;SBI AAA-BBB D;CH0027441929;Duration;CHF;;;;;7.12;1988;;;;53689271;CH0536892711;CH53689271=S;0.20 PZ S520 20-42;296000000;87.3400000;0.1377778;1.048;16.017;258934222;258934222;;2020-06-02;2041-05-31;2025-05-22;2026-05-22;Maturity;2042-05-22;2042-05-22;100.0;100.0;16.39;Swiss Pfandbrief;0.2000;AAA;1.0000000;61010100;CH;001211
2026-01-30;SBR14D;SBI AAA-BBB D;CH0027441929;Duration;CHF;;;;;7.12;1988;;;;120417514;CH1204175140;CH20417514=S;1.24 CWBA 22-29;250000000;102.9500000;0.5097778;0.410;3.517;258649444;258649444;;2022-10-03;2028-09-29;2025-09-02;2026-09-02;Maturity;2029-09-02;2029-09-02;100.0;100.0;3.67;Foreign Corporate;1.2400;AAA;1.0000000;61515100;AU;011046
2026-01-30;SBR14D;SBI AAA-BBB D;CH0027441929;Duration;CHF;;;;;7.12;1988;;;;20436565;CH0204365651;CH20436565=S;1.25 KT BE 13-28;250000000;102.2000000;1.2256944;0.158;1.983;258564236;258564236;;2013-02-20;2027-02-26;2025-02-07;2026-02-07;Maturity;2028-02-07;2028-02-07;100.0;100.0;2.10;Domestic Non Government;1.2500;AA;1.0000000;52515100;CH;001103
2026-01-30;SBR14D;SBI AAA-BBB D;CH0027441929;Duration;CHF;;;;;7.12;1988;;;;138091021;CH1380910211;CH38091021=S;1.7725 SULZER 24-28;250000000;102.7000000;0.4923611;0.766;2.671;257980903;257980903;;2024-11-01;2027-10-29;2025-10-20;2026-10-20;Maturity;2028-10-20;2028-10-20;100.0;100.0;2.80;Domestic Non Government;1.7725;BBB;1.0000000;72010100;CH;001421
2026-01-30;SBR14D;SBI AAA-BBB D;CH0027441929;Duration;CHF;;;;;7.12;1988;;;;139632976;CH1396329760;CH39632976=S;1.74 INSPIT 24-34;250000000;102.8000000;0.3045000;1.400;8.243;257761250;257761250;;2024-12-02;2033-11-30;2025-11-27;2026-11-27;Maturity;2034-11-27;2034-11-27;100.0;100.0;8.91;Domestic Non Government;1.7400;A;1.0000000;73510100;CH;020979
2026-01-30;SBR14D;SBI AAA-BBB D;CH0027441929;Duration;CHF;;;;;7.12;1988;;;;110109655;CH1101096555;CH10109655=S;0.125 JB 21-28;260000000;99.0000000;0.0947917;0.575;2.238;257646458;257646458;;2021-05-03;2027-04-30;2025-04-27;2026-04-27;Maturity;2028-04-27;2028-04-27;100.0;100.0;2.32;Domestic Non Government;0.1250;A;1.0000000;74010100;CH;000578
2026-01-30;SBR14D;SBI AAA-BBB D;CH0027441929;Duration;CHF;;;;;7.12;1988;;;;136140184;CH1361401842;CH36140184=S;1.125 ZKB 24-34;250000000;102.5000000;0.5125000;0.821;8.160;257531250;257531250;;2024-09-02;2033-08-31;2025-08-16;2026-08-16;Maturity;2034-08-16;2034-08-16;100.0;100.0;8.62;Domestic Non Government;1.1250;AAA;1.0000000;52510100;CH;000210
2026-01-30;SBR14D;SBI AAA-BBB D;CH0027441929;Duration;CHF;;;;;7.12;1988;;;;18491196;CH0184911961;CH18491196=S;1.50 KT GE 12-27;250000000;101.8800000;1.0083333;0.083;1.313;257220833;257220833;;2012-06-01;2026-05-29;2025-05-28;2026-05-28;Maturity;2027-05-28;2027-05-28;100.0;100.0;1.41;Domestic Non Government;1.5000;AA;1.0000000;52515100;CH;001105
2026-01-30;SBR14D;SBI AAA-BBB D;CH0027441929;Duration;CHF;;;;;7.12;1988;;;;137390440;CH1373904403;CH37390440=S;1.60 GALD 24-28;250000000;102.2000000;0.5466667;0.760;2.612;256866667;256866667;;2024-10-01;2027-09-30;2025-09-27;2026-09-27;Maturity;2028-09-27;2028-09-27;100.0;100.0;2.74;Domestic Non Government;1.6000;BBB;1.0000000;73515100;CH;021202
2026-01-30;SBR14D;SBI AAA-BBB D;CH0027441929;Duration;CHF;;;;;7.12;1988;;;;145599001;CH1455990015;CH45599001=S;1 SGS 25-32;255000000;100.0500000;0.6000000;0.992;6.196;256657500;256657500;;2025-07-01;2031-03-31;2025-06-24;2026-06-24;Maturity;2032-03-24;2032-06-24;100.0;100.0;6.23;Domestic Non Government;1.0000;A;1.0000000;72015100;CH;001289
2026-01-30;SBR14D;SBI AAA-BBB D;CH0027441929;Duration;CHF;;;;;7.12;1988;;;;135325779;CH1353257798;CH35325779=S;1.99 BK TORONTO 24-31;240000000;105.5000000;1.2326944;0.937;5.105;256158467;256158467;;2024-07-01;2030-06-28;2025-06-17;2026-06-17;Maturity;2031-06-17;2031-06-17;100.0;100.0;5.46;Foreign Corporate;1.9900;A;1.0000000;74010100;CA;002851
2026-01-30;SBR14D;SBI AAA-BBB D;CH0027441929;Duration;CHF;;;;;7.12;1988;;;;137173680;CH1371736807;CH37173680=S;0.985 ROK 24-29;250000000;102.0500000;0.3940000;0.410;3.543;256110000;256110000;;2024-09-17;2028-09-29;2025-09-06;2026-09-06;Maturity;2029-09-06;2029-09-06;100.0;100.0;3.68;Domestic Non Government;0.9850;AA;1.0000000;73515100;CH;010368
2026-01-30;SBR14D;SBI AAA-BBB D;CH0027441929;Duration;CHF;;;;;7.12;1988;;;;137693157;CH1376931577;CH37693157=S;1.3 MC DON 24-32;250000000;102.2000000;0.2311111;0.953;6.330;256077778;256077778;;2024-12-02;2031-08-29;2025-11-26;2026-11-26;Next Call;2032-08-26;2032-11-26;100.0;100.0;6.65;Foreign Corporate;1.3000;BBB;1.0000000;72520100;US;002878
2026-01-30;SBR14D;SBI AAA-BBB D;CH0027441929;Duration;CHF;;;;;7.12;1988;;;;48318093;CH0483180938;CH48318093=S;0.05 TI KB 19-29;260000000;98.4500000;0.0277778;0.505;3.441;256042222;256042222;;2019-08-02;2028-07-31;2025-07-10;2026-07-10;Maturity;2029-07-10;2029-07-10;100.0;100.0;3.52;Domestic Non Government;0.0500;AA;1.0000000;52510100;CH;001220
2026-01-30;SBR14D;SBI AAA-BBB D;CH0027441929;Duration;CHF;;;;;7.12;1988;;;;127082551;CH1270825511;CH27082551=S;2.655 BPCE 23-30;235000000;107.2000000;1.6815000;0.963;4.126;255871525;255871525;;2023-07-03;2029-06-29;2025-06-12;2026-06-12;Maturity;2030-06-12;2030-06-12;100.0;100.0;4.45;Foreign Corporate;2.6550;A;1.0000000;74010100;FR;020228
2026-01-30;SBR14D;SBI AAA-BBB D;CH0027441929;Duration;CHF;;;;;7.12;1988;;;;130591678;CH1305916780;CH30591678=S;1.95 ROK 23-38;230000000;110.4000000;0.7312500;1.065;11.317;255601875;255601875;;2023-12-19;2037-09-30;2025-09-15;2026-09-15;Maturity;2038-09-15;2038-09-15;100.0;100.0;12.71;Domestic Non Government;1.9500;AA;1.0000000;73515100;CH;010368
2026-01-30;SBR14D;SBI AAA-BBB D;CH0027441929;Duration;CHF;;;;;7.12;1988;;;;119555540;CH1195555409;CH19555540=S;1.25 MHB 22-27;250000000;101.5000000;0.7291667;0.189;1.404;255572917;255572917;;2022-07-01;2026-06-30;2025-06-30;2026-06-30;Maturity;2027-06-30;2027-06-30;100.0;100.0;1.50;Foreign Corporate;1.2500;AAA;1.0000000;61010100;DE;010705
2026-01-30;SBR14D;SBI AAA-BBB D;CH0027441929;Duration;CHF;;;;;7.12;1988;;;;144958378;CH1449583785;CH44958378=S;1.307 COOP 25-33;250000000;101.4500000;0.7736042;1.102;7.059;255559010;255559010;;2025-07-01;2032-06-30;2025-06-27;2026-06-27;Maturity;2033-06-27;2033-06-27;100.0;100.0;7.49;Domestic Non Government;1.3075;BBB;1.0000000;73010100;CH;019998
2026-01-30;SBR14D;SBI AAA-BBB D;CH0027441929;Duration;CHF;;;;;7.12;1988;;;;147485702;CH1474857021;CH47485702=S;0.877 ROK 25-35;255000000;99.8000000;0.3729375;0.899;9.192;255440991;255440991;;2025-09-01;2034-08-31;2025-08-27;2026-08-27;Maturity;2035-08-27;2035-08-27;100.0;100.0;9.66;Domestic Non Government;0.8775;AA;1.0000000;73515100;CH;010368
2026-01-30;SBR14D;SBI AAA-BBB D;CH0027441929;Duration;CHF;;;;;7.12;1988;;;;144958366;CH1449583660;CH44958366=S;1.695 CAL 25-35;250000000;101.0000000;1.1111667;1.455;4.182;255277917;255277917;;2025-07-01;2029-06-29;2025-06-04;2026-06-04;Next Call;2030-06-04;2035-06-04;100.0;100.0;4.42;Foreign Corporate;1.6950;BBB;1.0000000;74010200;FR;012788
2026-01-30;SBR14D;SBI AAA-BBB D;CH0027441929;Duration;CHF;;;;;7.12;1988;;;;125592445;CH1255924453;CH25592445=S;2.35 GALENICA 23-29;240000000;105.7000000;0.5352778;0.706;3.407;254964667;254964667;;2023-06-01;2028-08-31;2025-11-08;2026-11-08;Next Call;2029-08-08;2029-11-08;100.0;100.0;3.60;Domestic Non Government;2.3500;BBB;1.0000000;73510100;CH;020585
2026-01-30;SBR14D;SBI AAA-BBB D;CH0027441929;Duration;CHF;;;;;7.12;1988;;;;54382720;CH0543827205;CH54382720=S;1.25 NANTDRA 20-27;250000000;101.1800000;0.7465278;0.404;1.391;254816319;254816319;;2020-07-01;2026-06-30;2025-06-25;2026-06-25;Maturity;2027-06-25;2027-06-25;100.0;100.0;1.48;Domestic Non Government;1.2500;A;1.0000000;75510100;CH;019877
2026-01-30;SBR14D;SBI AAA-BBB D;CH0027441929;Duration;CHF;;;;;7.12;1988;;;;26208507;CH0262085076;CH26208507=S;0.875 AKB 15-30;250000000;101.5000000;0.0170139;0.494;3.929;253792535;253792535;;2015-02-02;2029-01-31;2026-01-23;2027-01-23;Maturity;2030-01-23;2030-01-23;100.0;100.0;4.06;Domestic Non Government;0.8750;AAA;1.0000000;52510100;CH;000123
2026-01-30;SBR14D;SBI AAA-BBB D;CH0027441929;Duration;CHF;;;;;7.12;1988;;;;34172591;CH0341725916;CH34172591=S;0.50 KT GE 16-56;300000000;84.4000000;0.1250000;1.101;28.288;253575000;253575000;;2016-11-01;2055-10-29;2025-10-31;2026-10-31;Maturity;2056-10-31;2056-10-31;100.0;100.0;30.83;Domestic Non Government;0.5000;AA;1.0000000;52515100;CH;001105
2026-01-30;SBR14D;SBI AAA-BBB D;CH0027441929;Duration;CHF;;;;;7.12;1988;;;;135920338;CH1359203382;CH35920338=S;2.345 BANSAN 24-31;235000000;106.5000000;1.3483750;1.103;5.105;253443681;253443681;;2024-08-02;2030-07-31;2025-07-03;2026-07-03;Maturity;2031-07-03;2031-07-03;100.0;100.0;5.51;Foreign Corporate;2.3450;A;1.0000000;74010100;ES;020586
2026-01-30;SBR14D;SBI AAA-BBB D;CH0027441929;Duration;CHF;;;;;7.12;1988;;;;13799280;CH0137992803;CH13799280=S;2 GR KB 11-41;225000000;111.9000000;0.6666667;1.164;13.660;253275000;253275000;;2023-10-02;2040-09-28;2025-09-30;2026-09-30;Maturity;2041-09-30;2041-09-30;100.0;100.0;15.75;Domestic Non Government;2.0000;AA;1.0000000;52510100;CH;000346
2026-01-30;SBR14D;SBI AAA-BBB D;CH0027441929;Duration;CHF;;;;;7.12;1988;;;;112183725;CH1121837251;CH12183725=S;0.302 SCOTIA 21-31;260000000;97.2500000;0.1512500;0.816;5.454;253243250;253243250;;2021-08-02;2030-07-31;2025-07-30;2026-07-30;Maturity;2031-07-30;2031-07-30;100.0;100.0;5.58;Foreign Corporate;0.3025;A;1.0000000;74010100;CA;002748
2026-01-30;SBR14D;SBI AAA-BBB D;CH0027441929;Duration;CHF;;;;;7.12;1988;;;;144958360;CH1449583603;CH44958360=S;1 SIX 25-32;250000000;100.5000000;0.6555556;0.918;6.141;252888889;252888889;;2025-07-01;2031-03-31;2025-06-04;2026-06-04;Maturity;2032-03-04;2032-06-04;100.0;100.0;6.17;Domestic Non Government;1.0000;A;1.0000000;74015100;CH;020975
2026-01-30;SBR14D;SBI AAA-BBB D;CH0027441929;Duration;CHF;;;;;7.12;1988;;;;145418578;CH1454185781;CH45418578=S;1.2762 ABBLTD 25-36;250000000;100.8500000;0.2339700;1.191;10.006;252709925;252709925;;2025-07-01;2035-09-28;2025-11-24;2026-11-24;Next Call;2036-09-24;2036-11-24;100.0;100.0;10.73;Domestic Non Government;1.2762;A;1.0000000;72010100;CH;010881
2026-01-30;SBR14D;SBI AAA-BBB D;CH0027441929;Duration;CHF;;;;;7.12;1988;;;;142864831;CH1428648310;CH42864831=S;0.785 RAI 25-30;250000000;100.2000000;0.4644583;0.739;4.331;251661146;251661146;;2025-07-01;2029-06-29;2025-06-27;2026-06-27;Maturity;2030-06-27;2030-06-27;100.0;100.0;4.49;Domestic Non Government;0.7850;AA;1.0000000;74010100;CH;017757
2026-01-30;SBR14D;SBI AAA-BBB D;CH0027441929;Duration;CHF;;;;;7.12;1988;;;;35310519;CH0353105197;CH35310519=S;0.375 TG KB 17-28;250000000;100.1000000;0.3666667;0.325;2.011;251166667;251166667;;2017-03-01;2027-02-26;2025-02-08;2026-02-08;Maturity;2028-02-08;2028-02-08;100.0;100.0;2.10;Domestic Non Government;0.3750;AA;1.0000000;52510100;CH;000108
2026-01-30;SBR14D;SBI AAA-BBB D;CH0027441929;Duration;CHF;;;;;7.12;1988;;;;41904073;CH0419040735;CH41904073=S;0.30 WKB 19-27;250000000;100.1200000;0.2991667;0.180;1.000;251047917;251047917;;2019-03-01;2026-02-27;2025-02-01;2026-02-01;Maturity;2027-02-01;2027-02-01;100.0;100.0;1.08;Domestic Non Government;0.3000;AA;1.0000000;52510100;CH;001215
2026-01-30;SBR14D;SBI AAA-BBB D;CH0027441929;Duration;CHF;;;;;7.12;1988;;;;145081025;CH1450810259;CH45081025=S;0.477 DHSF 25-27;250000000;100.2700000;0.1458417;0.250;1.189;251039604;251039604;;2025-11-03;2026-04-30;2025-10-10;2026-04-09;Maturity;2027-04-09;2027-04-09;100.0;100.0;1.27;Foreign Corporate;0.4773;A;1.0000000;73510100;LU;020411
2026-01-30;SBR14D;SBI AAA-BBB D;CH0027441929;Duration;CHF;;;;;7.12;1988;;;;150389265;CH1503892650;CH50389265=S;1.20 SIKA 25-34;250000000;100.2000000;0.2066667;1.176;8.413;251016667;251016667;;2025-12-01;2033-11-30;2025-11-28;2026-11-28;Maturity;2034-11-28;2034-11-28;100.0;100.0;8.91;Domestic Non Government;1.2000;A;1.0000000;71510100;CH;001287
2026-01-30;SBR14D;SBI AAA-BBB D;CH0027441929;Duration;CHF;;;;;7.12;1988;;;;147843083;CH1478430833;CH47843083=S;0.55 STRAUMANN 25-28;250000000;100.2000000;0.1787500;0.474;2.659;250946875;250946875;;2025-11-03;2027-10-29;2025-10-03;2026-10-03;Maturity;2028-10-03;2028-10-03;100.0;100.0;2.76;Domestic Non Government;0.5500;A;1.0000000;73510100;CH;010426
2026-01-30;SBR14D;SBI AAA-BBB D;CH0027441929;Duration;CHF;;;;;7.12;1988;;;;26288144;CH0262881441;CH26288144=S;0.75 RUK 15-27;250000000;100.3500000;0.0187500;0.390;0.975;250921875;250921875;;2015-02-02;2026-01-30;2026-01-21;2027-01-21;Maturity;2027-01-21;2027-01-21;100.0;100.0;1.06;Domestic Non Government;0.7500;A;1.0000000;74020100;CH;001891
2026-01-30;SBR14D;SBI AAA-BBB D;CH0027441929;Duration;CHF;;;;;7.12;1988;;;;39288580;CH0392885809;CH39288580=S;0.375 TI KB 18-28;250000000;100.0000000;0.3666667;0.375;2.011;250916667;250916667;;2018-03-01;2027-02-26;2025-02-08;2026-02-08;Maturity;2028-02-08;2028-02-08;100.0;100.0;2.10;Domestic Non Government;0.3750;AA;1.0000000;52510100;CH;001220
2026-01-30;SBR14D;SBI AAA-BBB D;CH0027441929;Duration;CHF;;;;;7.12;1988;;;;150389272;CH1503892726;CH50389272=S;1.007 CAL 25-31;250000000;100.2000000;0.1371319;0.972;5.716;250842830;250842830;;2026-01-05;2030-12-31;2025-12-11;2026-12-11;Maturity;2031-12-11;2031-12-11;100.0;100.0;5.94;Foreign Corporate;1.0075;A;1.0000000;74010100;FR;012788
2026-01-30;SBR14D;SBI AAA-BBB D;CH0027441929;Duration;CHF;;;;;7.12;1988;;;;30319614;CH0303196148;CH30319614=S;0.25 KTGR 15-27;250000000;100.2000000;0.0444444;0.140;1.820;250611111;250611111;;2015-12-01;2026-11-30;2025-11-26;2026-11-26;Maturity;2027-11-26;2027-11-26;100.0;100.0;1.90;Domestic Non Government;0.2500;AA;1.0000000;52515100;CH;001106
2026-01-30;SBR14D;SBI AAA-BBB D;CH0027441929;Duration;CHF;;;;;7.12;1988;;;;27001783;CH0270017830;CH27001783=S;0.25 SZ KB 15-27;250000000;100.0100000;0.2263889;0.241;1.092;250590972;250590972;;2015-04-01;2026-03-31;2025-03-04;2026-03-04;Maturity;2027-03-04;2027-03-04;100.0;100.0;1.18;Domestic Non Government;0.2500;AA;1.0000000;52510100;CH;002996
2026-01-30;SBR14D;SBI AAA-BBB D;CH0027441929;Duration;CHF;;;;;7.12;1988;;;;116788725;CH1167887251;CH16788725=S;0.278 SCOTIA 22-27;250000000;100.0000000;0.2308944;0.278;1.167;250577236;250577236;;2022-05-02;2026-04-30;2025-04-01;2026-04-01;Maturity;2027-04-01;2027-04-01;100.0;100.0;1.25;Foreign Corporate;0.2780;AAA;1.0000000;61515100;CA;002748
2026-01-30;SBR14D;SBI AAA-BBB D;CH0027441929;Duration;CHF;;;;;7.12;1988;;;;2621345;CH0026213451;CH2621345=S;3.25 OKB 06-36;200000000;123.6000000;1.6701389;0.883;9.102;250540278;250540278;;2006-08-02;2035-07-31;2025-07-25;2026-07-25;Maturity;2036-07-25;2036-07-25;100.0;100.0;10.57;Foreign Government;3.2500;AA;1.0000000;52015100;AT;001627
2026-01-30;SBR14D;SBI AAA-BBB D;CH0027441929;Duration;CHF;;;;;7.12;1988;;;;150389264;CH1503892643;CH50389264=S;0.85 SIKA 25-30;250000000;100.0000000;0.1463889;0.850;4.744;250365972;250365972;;2025-12-01;2029-11-30;2025-11-28;2026-11-28;Maturity;2030-11-28;2030-11-28;100.0;100.0;4.91;Domestic Non Government;0.8500;A;1.0000000;71510100;CH;001287
2026-01-30;SBR14D;SBI AAA-BBB D;CH0027441929;Duration;CHF;;;;;7.12;1988;;;;39863333;CH0398633336;CH39863333=S;0.35 WKB 18-27;250000000;100.0000000;0.1390278;0.350;1.599;250347569;250347569;;2018-10-01;2026-09-30;2025-09-07;2026-09-07;Maturity;2027-09-07;2027-09-07;100.0;100.0;1.68;Domestic Non Government;0.3500;AA;1.0000000;52510100;CH;001215
2026-01-30;SBR14D;SBI AAA-BBB D;CH0027441929;Duration;CHF;;;;;7.12;1988;;;;38694934;CH0386949348;CH38694934=S;0.30 CDM 17-27;250000000;100.0500000;0.0650000;0.272;1.780;250287500;250287500;;2017-12-01;2026-11-30;2025-11-12;2026-11-12;Maturity;2027-11-12;2027-11-12;100.0;100.0;1.86;Foreign Government;0.3000;A;1.0000000;52015100;FR;015494
2026-01-30;SBR14D;SBI AAA-BBB D;CH0027441929;Duration;CHF;;;;;7.12;1988;;;;149462639;CH1494626398;CH49462639=S;1.08 GALENICA 25-32;250000000;99.9500000;0.1530000;1.087;6.638;250257500;250257500;;2026-01-05;2031-09-30;2025-12-09;2026-12-09;Maturity;2032-09-09;2032-12-09;100.0;100.0;6.69;Domestic Non Government;1.0800;BBB;1.0000000;73510100;CH;020585
2026-01-30;SBR14D;SBI AAA-BBB D;CH0027441929;Duration;CHF;;;;;7.12;1988;;;;37926869;CH0379268698;CH37926869=S;0.30 LINDT 17-27;250000000;100.0000000;0.0950000;0.300;1.680;250237500;250237500;;2017-11-01;2026-10-30;2025-10-06;2026-10-06;Maturity;2027-10-06;2027-10-06;100.0;100.0;1.76;Domestic Non Government;0.3000;A;1.0000000;73015100;CH;001383
2026-01-30;SBR14D;SBI AAA-BBB D;CH0027441929;Duration;CHF;;;;;7.12;1988;;;;124365190;CH1243651903;CH24365190=S;2.411 CEMBRA 23-29;235000000;105.2500000;1.1520656;0.890;3.388;250044854;250044854;;2023-03-01;2028-08-31;2025-08-08;2026-08-08;Maturity;2029-08-08;2029-08-08;100.0;100.0;3.60;Domestic Non Government;2.4113;A;1.0000000;74015100;CH;020177
2026-01-30;SBR14D;SBI AAA-BBB D;CH0027441929;Duration;CHF;;;;;7.12;1988;;;;39191177;CH0391911770;CH39191177=S;0.375 VA BK SB17 17-27;250000000;99.9500000;0.0562500;0.402;1.846;250015625;250015625;;2018-01-03;2026-12-30;2025-12-06;2026-12-06;Maturity;2027-12-06;2027-12-06;100.0;100.0;1.93;Domestic Non Government;0.3750;AAA;1.0000000;61515100;CH;012553
2026-01-30;SBR14D;SBI AAA-BBB D;CH0027441929;Duration;CHF;;;;;7.12;1988;;;;48526152;CH0485261520;CH48526152=S;0.125 ZH 20-28;250000000;99.7500000;0.0972222;0.238;2.218;249618056;249618056;;2020-05-04;2027-04-30;2025-04-20;2026-04-20;Maturity;2028-04-20;2028-04-20;100.0;100.0;2.30;Domestic Non Government;0.1250;AAA;1.0000000;53015100;CH;001146
2026-01-30;SBR14D;SBI AAA-BBB D;CH0027441929;Duration;CHF;;;;;7.12;1988;;;;54724324;CH0547243243;CH54724324=S;0.25 KT GE 20-40;275000000;90.6000000;0.1562500;0.953;14.098;249579688;249579688;;2020-06-16;2039-06-30;2025-06-15;2026-06-15;Maturity;2040-06-15;2040-06-15;100.0;100.0;14.46;Domestic Non Government;0.2500;AA;1.0000000;52515100;CH;001105
2026-01-30;SBR14D;SBI AAA-BBB D;CH0027441929;Duration;CHF;;;;;7.12;1988;;;;145599002;CH1455990023;CH45599002=S;1.45 SGS 25-37;245000000;100.9500000;0.8700000;1.358;10.292;249459000;249459000;;2025-07-01;2036-03-31;2025-06-24;2026-06-24;Next Call;2037-03-24;2037-06-24;100.0;100.0;11.23;Domestic Non Government;1.4500;A;1.0000000;72015100;CH;001289
2026-01-30;SBR14D;SBI AAA-BBB D;CH0027441929;Duration;CHF;;;;;7.12;1988;;;;46005445;CH0460054452;CH46005445=S;0.25 MANIT 19-29;250000000;99.5500000;0.2187500;0.395;3.110;249421875;249421875;;2019-04-01;2028-03-31;2025-03-15;2026-03-15;Maturity;2029-03-15;2029-03-15;100.0;100.0;3.21;Foreign Government;0.2500;A;1.0000000;52515100;CA;001478
2026-01-30;SBR14D;SBI AAA-BBB D;CH0027441929;Duration;CHF;;;;;7.12;1988;;;;148990252;CH1489902523;CH48990252=S;0.50 KBLU 25-30 /Z;250000000;99.7000000;0.0569444;0.562;4.837;249392361;249392361;;2026-01-05;2029-12-31;2025-12-19;2026-12-19;Maturity;2030-12-19;2030-12-19;100.0;100.0;4.97;Domestic Non Government;0.5000;AA;1.0000000;52510100;CH;000431
2026-01-30;SBR14D;SBI AAA-BBB D;CH0027441929;Duration;CHF;;;;;7.12;1988;;;;37394508;CH0373945085;CH37394508=S;0.30 AKAH 17-29;250000000;99.6500000;0.0933333;0.396;3.671;249358333;249358333;;2017-10-02;2028-10-31;2025-10-08;2026-10-08;Maturity;2029-10-08;2029-10-08;100.0;100.0;3.77;Foreign Government;0.3000;AA;1.0000000;52015100;SE;011244
2026-01-30;SBR14D;SBI AAA-BBB D;CH0027441929;Duration;CHF;;;;;7.12;1988;;;;112229018;CH1122290187;CH12229018=S;0 PB S704 21-27;250000000;99.7000000;0.0000000;0.167;1.797;249250000;249250000;;2021-08-17;2026-11-30;2021-08-13;2021-11-17;Maturity;2027-11-17;2027-11-17;100.0;100.0;1.88;Swiss Pfandbrief;0.0000;AAA;1.0000000;61010100;CH;001205
2026-01-30;SBR14D;SBI AAA-BBB D;CH0027441929;Duration;CHF;;;;;7.12;1988;;;;114638249;CH1146382499;CH14638249=S;0.187 CWBA 21-28;250000000;99.4000000;0.0270833;0.399;2.850;248567708;248567708;;2022-01-03;2027-12-31;2025-12-08;2026-12-08;Maturity;2028-12-08;2028-12-08;100.0;100.0;2.94;Foreign Corporate;0.1875;AA;1.0000000;74010100;AU;011046
2026-01-30;SBR14D;SBI AAA-BBB D;CH0027441929;Duration;CHF;;;;;7.12;1988;;;;114826624;CH1148266245;CH14826624=S;0.30 WKB 22-30;250000000;99.1000000;0.2941667;0.527;3.989;248485417;248485417;;2022-03-01;2029-02-28;2025-02-07;2026-02-07;Maturity;2030-02-07;2030-02-07;100.0;100.0;4.10;Domestic Non Government;0.3000;AA;1.0000000;52510100;CH;001215
2026-01-30;SBR14D;SBI AAA-BBB D;CH0027441929;Duration;CHF;;;;;7.12;1988;;;;111822336;CH1118223366;CH11822336=S;0.60 ALL 21-30;250000000;99.0000000;0.3250000;0.829;4.399;248312500;248312500;;2021-08-02;2029-07-31;2025-07-15;2026-07-15;Maturity;2030-07-15;2030-07-15;100.0;100.0;4.54;Domestic Non Government;0.6000;BBB;1.0000000;76015100;CH;011120
2026-01-30;SBR14D;SBI AAA-BBB D;CH0027441929;Duration;CHF;;;;;7.12;1988;;;;142754236;CH1427542365;CH42754236=S;1.10 AKB 25-46;250000000;98.4000000;0.9075000;1.190;18.018;248268750;248268750;;2025-05-02;2045-04-28;2025-04-03;2026-04-03;Maturity;2046-04-03;2046-04-03;100.0;100.0;20.26;Domestic Non Government;1.1000;AAA;1.0000000;52510100;CH;000123
2026-01-30;SBR14D;SBI AAA-BBB D;CH0027441929;Duration;CHF;;;;;7.12;1988;;;;142394855;CH1423948558;CH4239485=S;0.337 INDEAS 25-31;250000000;99.1500000;0.1256250;0.491;5.577;248189062;248189062;;2025-10-01;2030-09-30;2025-09-16;2026-09-16;Maturity;2031-09-16;2031-09-16;100.0;100.0;5.71;Foreign Supranational;0.3375;AAA;1.0000000;51515100;US;020783
2026-01-30;SBR14D;SBI AAA-BBB D;CH0027441929;Duration;CHF;;;;;7.12;1988;;;;112008567;CH1120085670;CH12008567=S;0.15 UBS 21-28;250000000;99.1500000;0.0879167;0.505;2.409;248094792;248094792;;2021-08-02;2027-06-30;2025-06-29;2026-06-29;Maturity;2028-06-29;2028-06-29;100.0;100.0;2.49;Foreign Corporate;0.1500;A;1.0000000;74015100;GB;011502
2026-01-30;SBR14D;SBI AAA-BBB D;CH0027441929;Duration;CHF;;;;;7.12;1988;;;;22205093;CH0222050939;CH22205093=S;2.25 KT GE 13-29;230000000;107.0500000;0.8125000;0.299;3.514;248083750;248083750;;2013-10-01;2028-09-29;2025-09-20;2026-09-20;Maturity;2029-09-20;2029-09-20;100.0;100.0;3.72;Domestic Non Government;2.2500;AA;1.0000000;52515100;CH;001105
2026-01-30;SBR14D;SBI AAA-BBB D;CH0027441929;Duration;CHF;;;;;7.12;1988;;;;59364106;CH0593641068;CH59364106=S;0.15 BAL 21-31;250000000;99.0500000;0.1429167;0.340;5.025;247982292;247982292;;2021-03-01;2029-11-30;2025-02-17;2026-02-17;Maturity;2030-11-17;2031-02-17;100.0;100.0;4.88;Domestic Non Government;0.1500;A;1.0000000;74020100;CH;021282
2026-01-30;SBR14D;SBI AAA-BBB D;CH0027441929;Duration;CHF;;;;;7.12;1988;;;;135785280;CH1357852800;CH35785280=S;2 VONOVIA 24-31;235000000;104.6500000;0.8555556;1.134;5.294;247938056;247938056;;2024-09-02;2030-08-30;2025-08-26;2026-08-26;Maturity;2031-08-26;2031-08-26;100.0;100.0;5.65;Foreign Corporate;2.0000;BBB;1.0000000;76015100;DE;021164
2026-01-30;SBR14D;SBI AAA-BBB D;CH0027441929;Duration;CHF;;;;;7.12;1988;;;;32360418;CH0323604188;CH32360418=S;0.375 TG KB 16-31;250000000;98.9000000;0.2604167;0.586;5.249;247901042;247901042;;2016-06-01;2030-05-31;2025-05-20;2026-05-20;Maturity;2031-05-20;2031-05-20;100.0;100.0;5.39;Domestic Non Government;0.3750;AA;1.0000000;52510100;CH;000108
2026-01-30;SBR14D;SBI AAA-BBB D;CH0027441929;Duration;CHF;;;;;7.12;1988;;;;56464207;CH0564642079;CH56464207=S;0.01 LINDT 20-28;250000000;99.1500000;0.0031667;0.329;2.683;247882917;247882917;;2020-11-02;2027-10-29;2025-10-06;2026-10-06;Maturity;2028-10-06;2028-10-06;100.0;100.0;2.76;Domestic Non Government;0.0100;A;1.0000000;73015100;CH;001383
2026-01-30;SBR14D;SBI AAA-BBB D;CH0027441929;Duration;CHF;;;;;7.12;1988;;;;118921786;CH1189217867;CH18921786=S;2.10 DAE22 22-27;240000000;102.1000000;1.1491667;0.642;1.432;247798000;247798000;;2022-08-02;2026-07-31;2025-07-13;2026-07-13;Maturity;2027-07-13;2027-07-13;100.0;100.0;1.53;Domestic Non Government;2.1000;BBB;1.0000000;72010100;CH;002370
2026-01-30;SBR14D;SBI AAA-BBB D;CH0027441929;Duration;CHF;;;;;7.12;1988;;;;112905380;CH1129053802;CH12905380=S;0.25 CG 21-29;250000000;99.0000000;0.1041667;0.532;3.568;247760417;247760417;;2021-09-01;2027-08-31;2025-08-30;2026-08-30;Maturity;2028-08-30;2029-08-30;100.0;100.0;2.66;Foreign Corporate;0.2500;A;1.0000000;74010100;US;011372
2026-01-30;SBR14D;SBI AAA-BBB D;CH0027441929;Duration;CHF;;;;;7.12;1988;;;;56923767;CH0569237677;CH56923767=S;0.125 MPL 20-28;250000000;99.0500000;0.0434028;0.486;2.649;247733507;247733507;;2020-10-01;2027-09-30;2025-09-25;2026-09-25;Maturity;2028-09-25;2028-09-25;100.0;100.0;2.73;Foreign Corporate;0.1250;AA;1.0000000;62510100;US;012401
2026-01-30;SBR14D;SBI AAA-BBB D;CH0027441929;Duration;CHF;;;;;7.12;1988;;;;129022255;CH1290222558;CH29022255=S;2 SGS 23-27;240000000;102.8000000;0.4055556;0.358;1.696;247693333;247693333;;2023-12-01;2026-10-30;2025-11-17;2026-11-17;Next Call;2027-10-17;2027-11-17;100.0;100.0;1.79;Domestic Non Government;2.0000;A;1.0000000;72015100;CH;001289
2026-01-30;SBR14D;SBI AAA-BBB D;CH0027441929;Duration;CHF;;;;;7.12;1988;;;;54724323;CH0547243235;CH54724323=S;0.05 KT GE 20-29;250000000;99.0500000;0.0104167;0.302;3.789;247651042;247651042;;2020-06-16;2028-11-30;2025-11-15;2026-11-15;Maturity;2029-11-15;2029-11-15;100.0;100.0;3.87;Domestic Non Government;0.0500;AA;1.0000000;52515100;CH;001105
2026-01-30;SBR14D;SBI AAA-BBB D;CH0027441929;Duration;CHF;;;;;7.12;1988;;;;53726193;CH0537261932;CH53726193=S;0.50 PB S687 20-40;264000000;93.4100000;0.3027778;0.994;13.860;247401733;247401733;;2020-04-14;2039-06-30;2025-06-22;2026-06-22;Maturity;2040-06-22;2040-06-22;100.0;100.0;14.47;Swiss Pfandbrief;0.5000;AAA;1.0000000;61010100;CH;001205
2026-01-30;SBR14D;SBI AAA-BBB D;CH0027441929;Duration;CHF;;;;;7.12;1988;;;;135325786;CH1353257863;CH35325786=S;1.95 HELVSI 24-34;230000000;106.4000000;1.1591667;1.124;7.557;247386083;247386083;;2024-08-02;2033-03-31;2025-06-26;2026-06-26;Next Call;2034-03-26;2034-06-26;100.0;100.0;8.24;Domestic Non Government;1.9500;A;1.0000000;74020100;CH;019264
2026-01-30;SBR14D;SBI AAA-BBB D;CH0027441929;Duration;CHF;;;;;7.12;1988;;;;124941608;CH1249416087;CH24941608=S;2.30 GEBM 23-32;225000000;109.1000000;0.7858333;0.836;6.008;247243125;247243125;;2023-04-03;2031-06-30;2025-09-27;2026-09-27;Next Call;2032-06-27;2032-09-27;100.0;100.0;6.49;Domestic Non Government;2.3000;A;1.0000000;72010100;CH;010824
2026-01-30;SBR14D;SBI AAA-BBB D;CH0027441929;Duration;CHF;;;;;7.12;1988;;;;26810022;CH0268100226;CH26810022=S;0.50 KT BS 15-35;250000000;98.3500000;0.4680556;0.688;8.840;247045139;247045139;;2015-03-02;2034-02-28;2025-02-23;2026-02-23;Maturity;2035-02-23;2035-02-23;100.0;100.0;9.14;Domestic Non Government;0.5000;AAA;1.0000000;52515100;CH;001102
2026-01-30;SBR14D;SBI AAA-BBB D;CH0027441929;Duration;CHF;;;;;7.12;1988;;;;142886703;CH1428867035;CH42886703=S;1.75 SANDGR 25-33;235000000;103.5500000;1.4583333;1.229;6.712;246769583;246769583;;2025-04-01;2032-03-31;2025-03-31;2026-03-31;Maturity;2033-03-31;2033-03-31;100.0;100.0;7.25;Domestic Non Government;1.7500;BBB;1.0000000;73515100;CH;021141
2026-01-30;SBR14D;SBI AAA-BBB D;CH0027441929;Duration;CHF;;;;;7.12;1988;;;;48318100;CH0483181001;CH48318100=S;0 UBSWITZ 19-29;250000000;98.5500000;0.0000000;0.423;3.461;246375000;246375000;;2019-08-02;2028-07-31;2019-07-16;2020-07-16;Maturity;2029-07-16;2029-07-16;100.0;100.0;3.54;Domestic Non Government;0.0000;AAA;1.0000000;61515100;CH;021142
2026-01-30;SBR14D;SBI AAA-BBB D;CH0027441929;Duration;CHF;;;;;7.12;1988;;;;114872817;CH1148728178;CH14872817=S;0.375 PZ S542 22-32;249000000;98.6100000;0.0906250;0.585;6.680;245764556;245764556;;2022-02-15;2031-11-28;2025-11-03;2026-11-03;Maturity;2032-11-03;2032-11-03;100.0;100.0;6.84;Swiss Pfandbrief;0.3750;AAA;1.0000000;61010100;CH;001211
2026-01-30;SBR14D;SBI AAA-BBB D;CH0027441929;Duration;CHF;;;;;7.12;1988;;;;127758201;CH1277582016;CH27758201=S;2.49 ENGIE 23-31;225000000;107.7000000;1.4248333;1.024;5.092;245530875;245530875;;2023-08-02;2030-07-31;2025-07-04;2026-07-04;Maturity;2031-07-04;2031-07-04;100.0;100.0;5.51;Foreign Corporate;2.4900;BBB;1.0000000;75510100;FR;020644
2026-01-30;SBR14D;SBI AAA-BBB D;CH0027441929;Duration;CHF;;;;;7.12;1988;;;;50607110;CH0506071106;CH50607110=S;0.01 AKB 20-30;250000000;98.1000000;0.0095000;0.485;4.049;245273750;245273750;;2020-03-02;2029-02-28;2025-02-18;2026-02-18;Maturity;2030-02-18;2030-02-18;100.0;100.0;4.13;Domestic Non Government;0.0100;AAA;1.0000000;52510100;CH;000123
2026-01-30;SBR14D;SBI AAA-BBB D;CH0027441929;Duration;CHF;;;;;7.12;1988;;;;126160892;CH1261608926;CH26160892=S;2.142 SCOTIA 23-30;225000000;106.9000000;1.5890208;0.501;4.062;244100297;244100297;;2023-06-01;2029-05-31;2025-05-03;2026-05-03;Maturity;2030-05-03;2030-05-03;100.0;100.0;4.34;Foreign Corporate;2.1425;AAA;1.0000000;61515100;CA;002748
2026-01-30;SBR14D;SBI AAA-BBB D;CH0027441929;Duration;CHF;;;;;7.12;1988;;;;56464208;CH0564642087;CH56464208=S;0.25 LINDT 20-32;250000000;97.3500000;0.0791667;0.657;6.630;243572917;243572917;;2020-11-02;2031-10-31;2025-10-06;2026-10-06;Maturity;2032-10-06;2032-10-06;100.0;100.0;6.76;Domestic Non Government;0.2500;A;1.0000000;73015100;CH;001383
2026-01-30;SBR14D;SBI AAA-BBB D;CH0027441929;Duration;CHF;;;;;7.12;1988;;;;141578007;CH1415780076;CH41578007=S;1.42 MPL 25-32;235000000;102.4000000;1.1478333;1.018;5.909;243337408;243337408;;2025-05-02;2031-04-30;2025-04-09;2026-04-09;Maturity;2032-04-09;2032-04-09;100.0;100.0;6.27;Foreign Corporate;1.4200;AA;1.0000000;62510100;US;012401
2026-01-30;SBR14D;SBI AAA-BBB D;CH0027441929;Duration;CHF;;;;;7.12;1988;;;;19495896;CH0194958960;CH19495896=S;3 KW LINTH 12-52;200000000;120.5500000;1.0250000;1.998;19.354;243150000;243150000;;2012-10-01;2051-09-29;2025-09-27;2026-09-27;Maturity;2052-09-27;2052-09-27;100.0;100.0;26.74;Domestic Non Government;3.0000;BBB;1.0000000;75510100;CH;003007
2026-01-30;SBR14D;SBI AAA-BBB D;CH0027441929;Duration;CHF;;;;;7.12;1988;;;;128230448;CH1282304489;CH28230448=S;1.552 ASIA 23-33;225000000;107.2500000;0.7633125;0.563;7.111;243029953;243029953;;2023-09-01;2032-08-31;2025-08-03;2026-08-03;Maturity;2033-08-03;2033-08-03;100.0;100.0;7.59;Foreign Supranational;1.5525;AAA;1.0000000;51515100;PH;010846
2026-01-30;SBR14D;SBI AAA-BBB D;CH0027441929;Duration;CHF;;;;;7.12;1988;;;;110567273;CH1105672732;CH10567273=S;0.25 PB S702 21-35;256000000;94.8500000;0.0270833;0.793;9.776;242885333;242885333;;2021-05-18;2034-12-29;2025-12-21;2026-12-21;Maturity;2035-12-21;2035-12-21;100.0;100.0;9.97;Swiss Pfandbrief;0.2500;AAA;1.0000000;61010100;CH;001205
2026-01-30;SBR14D;SBI AAA-BBB D;CH0027441929;Duration;CHF;;;;;7.12;1988;;;;124432176;CH1244321761;CH24432176=S;2.63 BNP 23-29;225000000;106.1500000;1.7021944;0.764;3.208;242667437;242667437;;2023-07-03;2028-06-30;2025-06-07;2026-06-07;Maturity;2029-06-07;2029-06-07;100.0;100.0;3.43;Foreign Corporate;2.6300;A;1.0000000;74010100;FR;011329
2026-01-30;SBR14D;SBI AAA-BBB D;CH0027441929;Duration;CHF;;;;;7.12;1988;;;;111789647;CH1117896477;CH11789647=S;0.03 QUE 21-31;250000000;96.9000000;0.0185000;0.617;5.379;242296250;242296250;;2021-07-01;2030-06-28;2025-06-18;2026-06-18;Maturity;2031-06-18;2031-06-18;100.0;100.0;5.46;Foreign Government;0.0300;AA;1.0000000;52515100;CA;010609
2026-01-30;SBR14D;SBI AAA-BBB D;CH0027441929;Duration;CHF;;;;;7.12;1988;;;;52515837;CH0525158371;CH52515837=S;0.10 ZVG 20-32;250000000;96.7500000;0.0425000;0.606;6.554;241981250;241981250;;2020-03-02;2031-05-30;2025-08-27;2026-08-27;Maturity;2032-05-27;2032-08-27;100.0;100.0;6.41;Domestic Non Government;0.1000;AA;1.0000000;74020100;CH;011691
2026-01-30;SBR14D;SBI AAA-BBB D;CH0027441929;Duration;CHF;;;;;7.12;1988;;;;111313515;CH1113135151;CH11313515=S;0.125 TG KB 21-32;250000000;96.6000000;0.0864583;0.677;6.282;241716146;241716146;;2021-06-01;2031-05-30;2025-05-21;2026-05-21;Maturity;2032-05-21;2032-05-21;100.0;100.0;6.39;Domestic Non Government;0.1250;AA;1.0000000;52510100;CH;000108
2026-01-30;SBR14D;SBI AAA-BBB D;CH0027441929;Duration;CHF;;;;;7.12;1988;;;;135619711;CH1356197116;CH35619711=S;2.35 TRATON 24-30;225000000;105.3500000;1.4361111;1.071;4.096;240268750;240268750;;2024-07-01;2029-05-31;2025-06-20;2026-06-20;Next Call;2030-05-20;2030-06-20;100.0;100.0;4.39;Foreign Corporate;2.3500;BBB;1.0000000;72010100;LU;021180
2026-01-30;SBR14D;SBI AAA-BBB D;CH0027441929;Duration;CHF;;;;;7.12;1988;;;;138050841;CH1380508411;CH380508411=S;2.072 DB 24-30;230000000;103.5500000;0.7599167;1.070;3.516;239912808;239912808;;2024-10-01;2029-09-28;2025-09-18;2026-09-18;Next Call;2029-09-18;2030-09-18;100.0;100.0;3.71;Foreign Corporate;2.0725;BBB;1.0000000;74010100;DE;002079
2026-01-30;SBR14D;SBI AAA-BBB D;CH0027441929;Duration;CHF;;;;;7.12;1988;;;;124296919;CH1242969199;CH24296919=S;2.30 BFCM 23-27;235000000;102.0400000;0.0000000;0.255;1.000;239794000;239794000;;2023-02-01;2026-01-30;2026-01-30;2027-01-30;Maturity;2027-01-30;2027-01-30;100.0;100.0;1.08;Foreign Corporate;2.3000;A;1.0000000;74010100;FR;012623
2026-01-30;SBR14D;SBI AAA-BBB D;CH0027441929;Duration;CHF;;;;;7.12;1988;;;;120636766;CH1206367661;CH20636766=S;2.20 BAL 22-29;225000000;105.1000000;1.4666667;0.648;3.210;239775000;239775000;;2022-12-01;2028-05-31;2025-05-30;2026-05-30;Maturity;2029-05-30;2029-05-30;100.0;100.0;3.41;Domestic Non Government;2.2000;A;1.0000000;74020100;CH;021282
2026-01-30;SBR14D;SBI AAA-BBB D;CH0027441929;Duration;CHF;;;;;7.12;1988;;;;149842288;CH1498422885;CH49842288=S;0.85 PZ S619 25-38;241000000;99.2700000;0.1393056;0.913;11.629;239576426;239576426;;2025-12-16;2037-04-30;2025-12-01;2026-04-15;Maturity;2038-04-15;2038-04-15;100.0;100.0;12.29;Swiss Pfandbrief;0.8500;AAA;1.0000000;61010100;CH;001211
2026-01-30;SBR14D;SBI AAA-BBB D;CH0027441929;Duration;CHF;;;;;7.12;1988;;;;143324120;CH1433241200;CH43324120=S;1.112 LLOYBA 25-31;235000000;101.0500000;0.7725694;0.863;4.198;239283038;239283038;;2025-06-02;2029-05-31;2025-05-20;2026-05-20;Next Call;2030-05-20;2031-05-20;100.0;100.0;4.39;Foreign Corporate;1.1125;A;1.0000000;74010100;GB;020743
2026-01-30;SBR14D;SBI AAA-BBB D;CH0027441929;Duration;CHF;;;;;7.12;1988;;;;122793773;CH1227937732;CH22793773=S;1.625 KOM KR 23-30;225000000;105.2500000;1.0291667;0.409;4.215;239128125;239128125;;2023-07-03;2029-06-29;2025-06-12;2026-06-12;Maturity;2030-06-12;2030-06-12;100.0;100.0;4.45;Foreign Government;1.6250;AAA;1.0000000;52015100;DK;010343
2026-01-30;SBR14D;SBI AAA-BBB D;CH0027441929;Duration;CHF;;;;;7.12;1988;;;;125103011;CH1251030115;CH25103011=S;2.502 ASB 23-28;225000000;105.6500000;0.2780556;0.526;2.818;238338125;238338125;;2023-04-03;2027-12-31;2025-12-20;2026-12-20;Maturity;2028-12-20;2028-12-20;100.0;100.0;2.97;Foreign Corporate;2.5025;AA;1.0000000;74010100;NZ;012289
2026-01-30;SBR14D;SBI AAA-BBB D;CH0027441929;Duration;CHF;;;;;7.12;1988;;;;111201151;CH1112011510;CH11201151=S;0.05 ONT 21-33;250000000;95.2000000;0.0358333;0.729;7.269;238089583;238089583;;2021-06-01;2032-05-31;2025-05-12;2026-05-12;Maturity;2033-05-12;2033-05-12;100.0;100.0;7.36;Foreign Government;0.0500;AA;1.0000000;52515100;CA;003190
2026-01-30;SBR14D;SBI AAA-BBB D;CH0027441929;Duration;CHF;;;;;7.12;1988;;;;134103497;CH1341034978;CH34103497=S;1.50 PB S753 24-39;220000000;106.9900000;1.1708333;0.935;12.006;237953833;237953833;;2024-05-02;2038-04-30;2025-04-19;2026-04-19;Maturity;2039-04-19;2039-04-19;100.0;100.0;13.30;Swiss Pfandbrief;1.5000;AAA;1.0000000;61010100;CH;001205
2026-01-30;SBR14D;SBI AAA-BBB D;CH0027441929;Duration;CHF;;;;;7.12;1988;;;;135325791;CH1353257913;CH35325791=S;1.995 EFGBNK 24-27;230000000;102.1300000;1.1748333;0.476;1.392;237601117;237601117;;2024-07-01;2026-06-30;2025-06-28;2026-06-28;Maturity;2027-06-28;2027-06-28;100.0;100.0;1.49;Domestic Non Government;1.9950;A;1.0000000;74010100;CH;021185
2026-01-30;SBR14D;SBI AAA-BBB D;CH0027441929;Duration;CHF;;;;;7.12;1988;;;;137173683;CH1371736831;CH37173683=S;1.4875 FEDDQ 24-29;230000000;102.7000000;0.5743403;0.727;3.528;237530983;237530983;;2024-10-01;2028-09-29;2025-09-11;2026-09-11;Maturity;2029-09-11;2029-09-11;100.0;100.0;3.69;Foreign Corporate;1.4875;A;1.0000000;74010100;CA;021100
2026-01-30;SBR14D;SBI AAA-BBB D;CH0027441929;Duration;CHF;;;;;7.12;1988;;;;41904146;CH0419041469;CH41904146=S;0 PZ S514 19-37;262000000;90.3300000;0.0000000;0.880;11.611;236664600;236664600;;2019-10-01;2036-09-30;2019-09-10;2020-09-10;Maturity;2037-09-10;2037-09-10;100.0;100.0;11.69;Swiss Pfandbrief;0.0000;AAA;1.0000000;61010100;CH;001211
2026-01-30;SBR14D;SBI AAA-BBB D;CH0027441929;Duration;CHF;;;;;7.12;1988;;;;134431675;CH1344316752;CH34431675=S;1.50 NESTLE 24-31;225000000;104.0000000;1.0000000;0.732;5.122;236250000;236250000;;2024-06-03;2030-05-31;2025-05-30;2026-05-30;Maturity;2031-05-30;2031-05-30;100.0;100.0;5.41;Domestic Non Government;1.5000;AA;1.0000000;73015100;CH;021262
2026-01-30;SBR14D;SBI AAA-BBB D;CH0027441929;Duration;CHF;;;;;7.12;1988;;;;147485697;CH1474856973;CH147485697=S;0.56 UBSWITZ 25-30;235000000;100.2500000;0.2597778;0.504;4.481;236197978;236197978;;2025-09-01;2029-08-31;2025-08-13;2026-08-13;Maturity;2030-08-13;2030-08-13;100.0;100.0;4.62;Domestic Non Government;0.5600;AAA;1.0000000;61515100;CH;021142
2026-01-30;SBR14D;SBI AAA-BBB D;CH0027441929;Duration;CHF;;;;;7.12;1988;;;;121019812;CH1210198128;CH21019812=S;2.08 CAF 22-28;225000000;104.0500000;0.8666667;0.498;2.524;236062500;236062500;;2022-09-01;2027-08-31;2025-08-31;2026-08-31;Maturity;2028-08-31;2028-08-31;100.0;100.0;2.66;Foreign Supranational;2.0800;AA;1.0000000;51515100;US;018772
2026-01-30;SBR14D;SBI AAA-BBB D;CH0027441929;Duration;CHF;;;;;7.12;1988;;;;130027789;CH1300277899;CH30027789=S;2.60 LONZA 23-31;215000000;107.9000000;1.8344444;1.057;4.945;235929056;235929056;;2023-12-01;2030-05-31;2025-05-16;2026-05-16;Maturity;2031-05-16;2031-05-16;100.0;100.0;5.38;Domestic Non Government;2.6000;BBB;1.0000000;73515100;CH;018926
2026-01-30;SBR14D;SBI AAA-BBB D;CH0027441929;Duration;CHF;;;;;7.12;1988;;;;127136061;CH1271360617;CH27136061=S;1.212 BKERD 24-31;225000000;103.6500000;1.0979861;0.485;4.922;235682969;235682969;;2024-04-02;2030-03-29;2025-03-04;2026-03-04;Maturity;2031-03-04;2031-03-04;100.0;100.0;5.17;Foreign Supranational;1.2125;AAA;1.0000000;51515100;GB;010907
2026-01-30;SBR14D;SBI AAA-BBB D;CH0027441929;Duration;CHF;;;;;7.12;1988;;;;132327405;CH1323274055;CH32327405=S;2 LGT 24-34;215000000;107.3500000;1.9166667;1.042;7.399;234923333;234923333;;2024-03-01;2033-02-28;2025-02-15;2026-02-15;Maturity;2034-02-15;2034-02-15;100.0;100.0;8.12;Domestic Non Government;2.0000;A;1.0000000;74010100;LI;019844
2026-01-30;SBR14D;SBI AAA-BBB D;CH0027441929;Duration;CHF;;;;;7.12;1988;;;;134861406;CH1348614061;CH34861406=S;2.40 BARRY 24-34;220000000;104.6500000;1.6866667;1.791;7.521;233940667;233940667;;2024-06-03;2033-05-31;2025-05-17;2026-05-17;Maturity;2034-05-17;2034-05-17;100.0;100.0;8.38;Domestic Non Government;2.4000;BBB;1.0000000;73015100;CH;010480
2026-01-30;SBR14D;SBI AAA-BBB D;CH0027441929;Duration;CHF;;;;;7.12;1988;;;;111139286;CH1111392861;CH11139286=S;0.10 WKB 21-31;240000000;97.2500000;0.0783333;0.638;5.201;233588000;233588000;;2021-06-01;2030-04-30;2025-04-18;2026-04-18;Maturity;2031-04-18;2031-04-18;100.0;100.0;5.30;Domestic Non Government;0.1000;AA;1.0000000;52510100;CH;001215
2026-01-30;SBR14D;SBI AAA-BBB D;CH0027441929;Duration;CHF;;;;;7.12;1988;;;;41904141;CH0419041410;CH41904141=S;0 BKB 19-34;250000000;93.3500000;0.0000000;0.807;8.564;233375000;233375000;;2019-09-02;2033-08-31;2019-08-23;2034-08-23;Maturity;2034-08-23;2034-08-23;100.0;100.0;8.64;Domestic Non Government;0.0000;AA;1.0000000;52510100;CH;002929
2026-01-30;SBR14D;SBI AAA-BBB D;CH0027441929;Duration;CHF;;;;;7.12;1988;;;;147485704;CH1474857047;CH47485704=S;1.137 SULZER 25-29;230000000;101.0000000;0.4202431;0.856;3.564;233266559;233266559;;2025-10-01;2028-09-29;2025-09-17;2026-09-17;Maturity;2029-09-17;2029-09-17;100.0;100.0;3.71;Domestic Non Government;1.1375;BBB;1.0000000;72010100;CH;001421
2026-01-30;SBR14D;SBI AAA-BBB D;CH0027441929;Duration;CHF;;;;;7.12;1988;;;;133691876;CH1336918763;CH33691876=S;2.225 ALDIN 24-29;220000000;104.1000000;1.8665278;0.903;3.036;233126361;233126361;;2024-04-02;2028-03-31;2025-03-28;2026-03-28;Maturity;2029-03-28;2029-03-28;100.0;100.0;3.24;Foreign Corporate;2.2250;A;1.0000000;74015100;CH;021168
2026-01-30;SBR14D;SBI AAA-BBB D;CH0027441929;Duration;CHF;;;;;7.12;1988;;;;148582735;CH1485827351;CH48582735=S;1.6249 DHSF 25-37;225000000;103.0000000;0.4964972;1.346;10.710;232867119;232867119;;2025-11-03;2036-10-31;2025-10-10;2026-10-09;Maturity;2037-10-09;2037-10-09;100.0;100.0;11.77;Foreign Corporate;1.6249;A;1.0000000;73510100;LU;020411
2026-01-30;SBR14D;SBI AAA-BBB D;CH0027441929;Duration;CHF;;;;;7.12;1988;;;;140006455;CH1400064551;CH40006455=S;0.917 BNG 25-40;235000000;99.0500000;0.0152917;0.991;13.181;232803435;232803435;;2025-02-03;2039-01-31;2026-01-24;2027-01-24;Maturity;2040-01-24;2040-01-24;100.0;100.0;14.06;Foreign Government;0.9175;AAA;1.0000000;52015100;NL;020748
2026-01-30;SBR14D;SBI AAA-BBB D;CH0027441929;Duration;CHF;;;;;7.12;1988;;;;50607135;CH0506071353;CH50607135=S;0 FR KB 21-31;240000000;96.9500000;0.0000000;0.620;5.014;232680000;232680000;;2021-03-01;2030-02-28;2021-02-05;2022-02-05;Maturity;2031-02-05;2031-02-05;100.0;100.0;5.09;Domestic Non Government;0.0000;AA;1.0000000;52510100;CH;002995
2026-01-30;SBR14D;SBI AAA-BBB D;CH0027441929;Duration;CHF;;;;;7.12;1988;;;;120636755;CH1206367554;CH20636755=S;3.112 CEMBRA 22-27;220000000;103.3400000;2.3516667;0.415;1.215;232521667;232521667;;2022-11-01;2026-04-30;2025-04-28;2026-04-28;Maturity;2027-04-28;2027-04-28;100.0;100.0;1.32;Domestic Non Government;3.1125;A;1.0000000;74015100;CH;020177
2026-01-30;SBR14D;SBI AAA-BBB D;CH0027441929;Duration;CHF;;;;;7.12;1988;;;;57057611;CH0570576113;CH57057611=S;0.875 NANTDRA 20-29;230000000;100.4000000;0.6003472;0.752;3.262;232300799;232300799;;2020-12-01;2028-05-31;2025-05-23;2026-05-23;Maturity;2029-05-23;2029-05-23;100.0;100.0;3.39;Domestic Non Government;0.8750;A;1.0000000;75510100;CH;019877
2026-01-30;SBR14D;SBI AAA-BBB D;CH0027441929;Duration;CHF;;;;;7.12;1988;;;;140006462;CH1400064627;CH40006462=S;1.425 SLH 25-35;225000000;101.8000000;1.4250000;1.207;8.178;232256250;232256250;;2025-02-03;2033-10-31;2025-01-31;2026-01-31;Next Call;2034-10-31;2035-01-31;100.0;100.0;8.83;Domestic Non Government;1.4250;A;1.0000000;74020100;CH;011974
2026-01-30;SBR14D;SBI AAA-BBB D;CH0027441929;Duration;CHF;;;;;7.12;1988;;;;125103012;CH1251030123;CH25103012=S;3.125 ALPIQ 23-27;220000000;103.1900000;2.3524306;0.550;1.218;232193347;232193347;;2023-04-03;2026-04-30;2025-04-29;2026-04-29;Maturity;2027-04-29;2027-04-29;100.0;100.0;1.33;Domestic Non Government;3.1250;BBB;1.0000000;75510100;CH;018873
2026-01-30;SBR14D;SBI AAA-BBB D;CH0027441929;Duration;CHF;;;;;7.12;1988;;;;142303684;CH1423036842;CH42303684=S;1.325 SCOTIA 25-33;225000000;101.9000000;1.1483333;1.004;5.868;231858750;231858750;;2025-04-01;2031-03-31;2025-03-18;2026-03-18;Next Call;2032-03-18;2033-03-18;100.0;100.0;6.21;Foreign Corporate;1.3250;A;1.0000000;74010100;CA;002748
2026-01-30;SBR14D;SBI AAA-BBB D;CH0027441929;Duration;CHF;;;;;7.12;1988;;;;26006777;CH0260067779;CH26006777=S;1.50 CAF 14-28;225000000;102.8000000;0.2458333;0.503;2.793;231853125;231853125;;2015-01-05;2027-12-31;2025-12-01;2026-12-01;Maturity;2028-12-01;2028-12-01;100.0;100.0;2.92;Foreign Supranational;1.5000;AA;1.0000000;51515100;US;018772
2026-01-30;SBR14D;SBI AAA-BBB D;CH0027441929;Duration;CHF;;;;;7.12;1988;;;;129895706;CH1298957064;CH29895706=S;2.682 SOGE 23-29;215000000;107.0000000;0.7525903;0.766;3.572;231668069;231668069;;2023-11-01;2028-10-31;2025-10-19;2026-10-19;Maturity;2029-10-19;2029-10-19;100.0;100.0;3.80;Foreign Corporate;2.6825;A;1.0000000;74010100;FR;012823
2026-01-30;SBR14D;SBI AAA-BBB D;CH0027441929;Duration;CHF;;;;;7.12;1988;;;;137390454;CH1373904544;CH37390454=S;1.15 LINDT 24-30;225000000;102.5000000;0.3577778;0.607;4.578;231430000;231430000;;2024-11-01;2029-10-31;2025-10-08;2026-10-08;Maturity;2030-10-08;2030-10-08;100.0;100.0;4.77;Domestic Non Government;1.1500;A;1.0000000;73015100;CH;001383
2026-01-30;SBR14D;SBI AAA-BBB D;CH0027441929;Duration;CHF;;;;;7.12;1988;;;;123210713;CH1232107131;CH23210713=S;2.05 WKB 23-28;220000000;104.1000000;1.0591667;0.387;2.425;231350167;231350167;;2023-02-01;2027-07-30;2025-07-24;2026-07-24;Maturity;2028-07-24;2028-07-24;100.0;100.0;2.56;Domestic Non Government;2.0500;AA;1.0000000;52510100;CH;001215
2026-01-30;SBR14D;SBI AAA-BBB D;CH0027441929;Duration;CHF;;;;;7.12;1988;;;;129022240;CH1290222400;CH29022240=S;2.538 CEMBRA 23-29;215000000;105.4000000;2.0801597;0.811;3.040;231082343;231082343;;2023-11-01;2028-04-28;2025-04-05;2026-04-05;Maturity;2029-04-05;2029-04-05;100.0;100.0;3.26;Domestic Non Government;2.5385;A;1.0000000;74015100;CH;020177
2026-01-30;SBR14D;SBI AAA-BBB D;CH0027441929;Duration;CHF;;;;;7.12;1988;;;;123131270;CH1231312708;CH23131270=S;2.782 NATWEST 22-27;220000000;104.5500000;0.4173750;0.312;1.824;230928225;230928225;;2023-01-03;2026-12-30;2025-12-06;2026-12-06;Maturity;2027-12-06;2027-12-06;100.0;100.0;1.93;Foreign Corporate;2.7825;A;1.0000000;74010100;GB;020684
2026-01-30;SBR14D;SBI AAA-BBB D;CH0027441929;Duration;CHF;;;;;7.12;1988;;;;147485713;CH1474857138;CH47485713=S;1.145 SOGE 25-31;230000000;99.9000000;0.4675417;1.163;5.424;230845346;230845346;;2025-10-01;2029-09-28;2025-09-03;2026-09-03;Maturity;2030-09-03;2031-09-03;100.0;100.0;4.67;Foreign Corporate;1.1450;BBB;1.0000000;74010100;FR;012823
2026-01-30;SBR14D;SBI AAA-BBB D;CH0027441929;Duration;CHF;;;;;7.12;1988;;;;138425493;CH1384254939;CH38425493=S;1.707 CBQLTD 24-27;225000000;102.0000000;0.5312222;0.515;1.672;230695250;230695250;;2024-11-01;2026-10-30;2025-10-08;2026-10-08;Maturity;2027-10-08;2027-10-08;100.0;100.0;1.77;Foreign Corporate;1.7075;A;1.0000000;74010100;BM;019258
2026-01-30;SBR14D;SBI AAA-BBB D;CH0027441929;Duration;CHF;;;;;7.12;1988;;;;138001131;CH1380011317;CH38001131=S;1.597 FRESENIUS 24-29;225000000;102.0500000;0.4260000;0.996;3.403;230571000;230571000;;2024-11-01;2028-07-31;2025-10-24;2026-10-24;Next Call;2029-07-24;2029-10-24;100.0;100.0;3.56;Foreign Corporate;1.5975;BBB;1.0000000;73510100;DE;020220
2026-01-30;SBR14D;SBI AAA-BBB D;CH0027441929;Duration;CHF;;;;;7.12;1988;;;;130027785;CH1300277857;CH30027785=S;2 NESTLE 23-36;210000000;109.3500000;0.3888889;1.078;9.843;230451667;230451667;;2023-12-01;2035-11-30;2025-11-20;2026-11-20;Maturity;2036-11-20;2036-11-20;100.0;100.0;10.89;Domestic Non Government;2.0000;AA;1.0000000;73015100;CH;021262
2026-01-30;SBR14D;SBI AAA-BBB D;CH0027441929;Duration;CHF;;;;;7.12;1988;;;;131494142;CH1314941423;CH31494142=S;1.95 BARRY 24-28;225000000;102.2000000;0.0325000;0.827;1.964;230023125;230023125;;2024-02-01;2027-01-29;2026-01-24;2027-01-24;Maturity;2028-01-24;2028-01-24;100.0;100.0;2.06;Domestic Non Government;1.9500;BBB;1.0000000;73015100;CH;010480
2026-01-30;SBR14D;SBI AAA-BBB D;CH0027441929;Duration;CHF;;;;;7.12;1988;;;;130095003;CH1300950032;CH30095003=S;2.445 BS 24-27;225000000;102.1800000;0.0339583;0.229;0.986;229981406;229981406;;2024-02-01;2026-01-30;2026-01-25;2027-01-25;Maturity;2027-01-25;2027-01-25;100.0;100.0;1.07;Foreign Corporate;2.4450;A;1.0000000;74010100;CL;015324
2026-01-30;SBR14D;SBI AAA-BBB D;CH0027441929;Duration;CHF;;;;;7.12;1988;;;;123075953;CH1230759537;CH23075953=S;1.275 KOMMUB 22-27;225000000;102.0500000;0.1345833;0.190;1.882;229915312;229915312;;2023-01-03;2026-12-30;2025-12-22;2026-12-22;Maturity;2027-12-22;2027-12-22;100.0;100.0;1.98;Foreign Government;1.2750;AAA;1.0000000;52015100;NO;011242
2026-01-30;SBR14D;SBI AAA-BBB D;CH0027441929;Duration;CHF;;;;;7.12;1988;;;;12976621;CH0129766215;CH12976621=S;2.625 ZH 11-38;190000000;119.1000000;1.6770833;0.977;10.730;229476458;229476458;;2011-06-15;2037-06-30;2025-06-10;2026-06-10;Maturity;2038-06-10;2038-06-10;100.0;100.0;12.44;Domestic Non Government;2.6250;AAA;1.0000000;53015100;CH;001146
2026-01-30;SBR14D;SBI AAA-BBB D;CH0027441929;Duration;CHF;;;;;7.12;1988;;;;130027784;CH1300277840;CH30027784=S;1.875 NESTLE 23-31;215000000;106.3500000;0.3645833;0.753;5.546;229436354;229436354;;2023-12-01;2030-11-29;2025-11-20;2026-11-20;Maturity;2031-11-20;2031-11-20;100.0;100.0;5.89;Domestic Non Government;1.8750;AA;1.0000000;73015100;CH;021262
2026-01-30;SBR14D;SBI AAA-BBB D;CH0027441929;Duration;CHF;;;;;7.12;1988;;;;134861403;CH1348614038;CH34861403=S;1.695 DNB 24-30;220000000;102.9500000;1.2006250;0.783;3.195;229131375;229131375;;2024-06-03;2028-05-31;2025-05-15;2026-05-15;Next Call;2029-05-15;2030-05-15;100.0;100.0;3.37;Foreign Corporate;1.6950;AA;1.0000000;74010100;NO;019504
2026-01-30;SBR14D;SBI AAA-BBB D;CH0027441929;Duration;CHF;;;;;7.12;1988;;;;125592446;CH1255924461;CH25592446=S;2.65 MGFII 23-28;215000000;104.5500000;1.9654167;0.614;2.184;229008146;229008146;;2023-06-01;2027-05-31;2025-05-03;2026-05-03;Maturity;2028-05-03;2028-05-03;100.0;100.0;2.34;Foreign Corporate;2.6500;AA;1.0000000;62510100;US;021112
2026-01-30;SBR14D;SBI AAA-BBB D;CH0027441929;Duration;CHF;;;;;7.12;1988;;;;27913532;CH0279135328;CH27913532=S;0.875 SGS 15-30;225000000;101.0500000;0.6368056;0.625;4.187;228795313;228795313;;2015-06-01;2029-05-31;2025-05-08;2026-05-08;Maturity;2030-05-08;2030-05-08;100.0;100.0;4.35;Domestic Non Government;0.8750;A;1.0000000;72015100;CH;001289
2026-01-30;SBR14D;SBI AAA-BBB D;CH0027441929;Duration;CHF;;;;;7.12;1988;;;;117918442;CH1179184424;CH17918442=S;0.94 KDB 22-27;225000000;100.9400000;0.7102222;0.183;1.235;228713000;228713000;;2022-06-01;2026-04-30;2025-04-28;2026-04-28;Maturity;2027-04-28;2027-04-28;100.0;100.0;1.32;Foreign Government;0.9400;AA;1.0000000;52015100;KR;001603
2026-01-30;SBR14D;SBI AAA-BBB D;CH0027441929;Duration;CHF;;;;;7.12;1988;;;;126684713;CH1266847131;CH26684713=S;2.665 CEMBRA 23-30;210000000;107.3000000;1.5693889;0.966;4.170;228625717;228625717;;2023-07-03;2029-06-29;2025-06-28;2026-06-28;Maturity;2030-06-28;2030-06-28;100.0;100.0;4.49;Domestic Non Government;2.6650;A;1.0000000;74015100;CH;020177
2026-01-30;SBR14D;SBI AAA-BBB D;CH0027441929;Duration;CHF;;;;;7.12;1988;;;;37347616;CH0373476164;CH37347616=S;0.75 SCM 17-33;230000000;99.2000000;0.1375000;0.856;7.610;228476250;228476250;;2017-12-01;2032-08-31;2025-11-24;2026-11-24;Maturity;2033-08-24;2033-11-24;100.0;100.0;7.65;Domestic Non Government;0.7500;A;1.0000000;75010100;CH;010711
2026-01-30;SBR14D;SBI AAA-BBB D;CH0027441929;Duration;CHF;;;;;7.12;1988;;;;147843072;CH1478430726;CH47843072=S;1.272 NAB 25-35;225000000;100.2500000;0.5196042;1.244;9.046;226731609;226731609;;2025-10-01;2029-09-28;2025-09-03;2026-09-03;Maturity;2030-09-03;2035-09-03;100.0;100.0;4.67;Foreign Corporate;1.2725;A;1.0000000;74010200;AU;001616
2026-01-30;SBR14D;SBI AAA-BBB D;CH0027441929;Duration;CHF;;;;;7.12;1988;;;;144958373;CH1449583736;CH44958373=S;0.615 LINDEP 25-29;225000000;100.3500000;0.4014583;0.501;3.065;226690781;226690781;;2025-07-01;2028-03-30;2025-06-05;2026-06-05;Next Call;2029-03-05;2029-06-05;100.0;100.0;3.18;Foreign Corporate;0.6150;A;1.0000000;71010100;IE;021245
2026-01-30;SBR14D;SBI AAA-BBB D;CH0027441929;Duration;CHF;;;;;7.12;1988;;;;116357294;CH1163572949;CH16357294=S;0.625 BCG 22-29;225000000;100.1000000;0.5451389;0.593;3.091;226451563;226451563;;2022-04-01;2028-03-31;2025-03-16;2026-03-16;Maturity;2029-03-16;2029-03-16;100.0;100.0;3.21;Domestic Non Government;0.6250;AA;1.0000000;74010100;CH;003253
2026-01-30;SBR14D;SBI AAA-BBB D;CH0027441929;Duration;CHF;;;;;7.12;1988;;;;123946455;CH1239464550;CH23946455=S;1.90 PZ S569 23-38;200000000;111.3700000;1.8366667;0.899;10.766;226413333;226413333;;2023-02-14;2037-02-27;2025-02-12;2026-02-12;Maturity;2038-02-12;2038-02-12;100.0;100.0;12.11;Swiss Pfandbrief;1.9000;AAA;1.0000000;61010100;CH;001211
2026-01-30;SBR14D;SBI AAA-BBB D;CH0027441929;Duration;CHF;;;;;7.12;1988;;;;12084789;CH0120847899;CH12084789=S;2.125 SG KB 10-40;200000000;113.0000000;0.1947917;1.170;13.052;226389583;226389583;;2011-03-01;2039-12-30;2025-12-27;2026-12-27;Maturity;2040-12-27;2040-12-27;100.0;100.0;14.99;Domestic Non Government;2.1250;AAA;1.0000000;52510100;CH;000371
2026-01-30;SBR14D;SBI AAA-BBB D;CH0027441929;Duration;CHF;;;;;7.12;1988;;;;124365194;CH1243651945;CH24365194=S;2.75 KW LINTH 23-30;205000000;107.8000000;2.5131944;0.802;3.839;226142049;226142049;;2023-04-03;2029-03-30;2025-03-01;2026-03-01;Maturity;2030-03-01;2030-03-01;100.0;100.0;4.17;Domestic Non Government;2.7500;BBB;1.0000000;75510100;CH;003007
2026-01-30;SBR14D;SBI AAA-BBB D;CH0027441929;Duration;CHF;;;;;7.12;1988;;;;110025978;CH1100259782;CH10025978=S;0.15 MPL 21-29;230000000;98.2500000;0.0520833;0.636;3.644;226094792;226094792;;2021-04-01;2028-09-29;2025-09-25;2026-09-25;Maturity;2029-09-25;2029-09-25;100.0;100.0;3.73;Foreign Corporate;0.1500;AA;1.0000000;62510100;US;012401
2026-01-30;SBR14D;SBI AAA-BBB D;CH0027441929;Duration;CHF;;;;;7.12;1988;;;;50607122;CH0506071221;CH50607122=S;0 ZKB 20-30;230000000;98.0500000;0.0000000;0.480;4.117;225515000;225515000;;2020-04-01;2029-03-30;2020-03-12;2021-03-12;Maturity;2030-03-12;2030-03-12;100.0;100.0;4.20;Domestic Non Government;0.0000;AAA;1.0000000;52510100;CH;000210
2026-01-30;SBR14D;SBI AAA-BBB D;CH0027441929;Duration;CHF;;;;;7.12;1988;;;;121218915;CH1212189158;CH21218915=S;2.75 LGT 22-32;200000000;111.8000000;0.9243056;0.916;6.162;225448611;225448611;;2022-10-03;2031-09-30;2025-09-29;2026-09-29;Maturity;2032-09-29;2032-09-29;100.0;100.0;6.74;Domestic Non Government;2.7500;A;1.0000000;74010100;LI;019844
2026-01-30;SBR14D;SBI AAA-BBB D;CH0027441929;Duration;CHF;;;;;7.12;1988;;;;140547218;CH1405472189;CH40547218=S;1.25 BELL 25-30;220000000;101.3500000;1.0625000;0.916;4.024;225307500;225307500;;2025-04-01;2029-03-30;2025-03-24;2026-03-22;Maturity;2030-03-22;2030-03-22;100.0;100.0;4.22;Domestic Non Government;1.2500;BBB;1.0000000;73015100;CH;010791
2026-01-30;SBR14D;SBI AAA-BBB D;CH0027441929;Duration;CHF;;;;;7.12;1988;;;;140547197;CH1405471975;CH40547197=S;0.95 ZKB 25-37;225000000;100.1000000;0.0211111;0.940;10.475;225272500;225272500;;2025-02-03;2036-01-31;2026-01-22;2027-01-22;Maturity;2037-01-22;2037-01-22;100.0;100.0;11.06;Domestic Non Government;0.9500;AAA;1.0000000;52510100;CH;000210
2026-01-30;SBR14D;SBI AAA-BBB D;CH0027441929;Duration;CHF;;;;;7.12;1988;;;;137693158;CH1376931585;CH37693158=S;1.5225 HEAT 24-34;220000000;102.1500000;0.2410625;1.264;8.322;225260338;225260338;;2025-02-03;2031-12-31;2025-12-03;2026-12-03;Maturity;2034-12-01;2034-12-01;100.0;100.0;8.92;Foreign Corporate;1.5225;BBB;1.0000000;72020100;JE;019736
2026-01-30;SBR14D;SBI AAA-BBB D;CH0027441929;Duration;CHF;;;;;7.12;1988;;;;41904100;CH0419041006;CH41904100=S;0.15 BKB 19-27;225000000;99.9900000;0.1241667;0.159;1.171;225256875;225256875;;2019-05-02;2026-04-30;2025-04-02;2026-04-02;Maturity;2027-04-02;2027-04-02;100.0;100.0;1.25;Domestic Non Government;0.1500;AA;1.0000000;52510100;CH;002929
2026-01-30;SBR14D;SBI AAA-BBB D;CH0027441929;Duration;CHF;;;;;7.12;1988;;;;128965713;CH1289657137;CH28965713=S;2.201 NAB 23-29;210000000;105.4500000;1.7608000;0.480;3.077;225142680;225142680;;2023-10-02;2028-04-28;2025-04-12;2026-04-12;Maturity;2029-04-12;2029-04-12;100.0;100.0;3.28;Foreign Corporate;2.2010;AA;1.0000000;74010100;AU;001616
2026-01-30;SBR14D;SBI AAA-BBB D;CH0027441929;Duration;CHF;;;;;7.12;1988;;;;140547201;CH1405472015;CH40547201=S;1.45 KW LEI 25-31;220000000;100.8500000;1.3936111;1.275;4.830;224935944;224935944;;2025-03-03;2030-02-28;2025-02-14;2026-02-14;Maturity;2031-02-14;2031-02-14;100.0;100.0;5.12;Domestic Non Government;1.4500;BBB;1.0000000;75510100;CH;001321
2026-01-30;SBR14D;SBI AAA-BBB D;CH0027441929;Duration;CHF;;;;;7.12;1988;;;;10915626;CH0109156262;CH10915626=S;2.75 ASIA 10-30;200000000;109.7000000;2.6583333;0.325;3.789;224716667;224716667;;2010-03-01;2029-02-28;2025-02-12;2026-02-12;Maturity;2030-02-12;2030-02-12;100.0;100.0;4.11;Foreign Supranational;2.7500;AAA;1.0000000;51515100;PH;010846
2026-01-30;SBR14D;SBI AAA-BBB D;CH0027441929;Duration;CHF;;;;;7.12;1988;;;;145236069;CH1452360691;CH45236069=S;0.485 WELTBK 25-32;225000000;99.5000000;0.3004306;0.565;6.280;224550969;224550969;;2025-07-01;2031-06-30;2025-06-17;2026-06-17;Maturity;2032-06-17;2032-06-17;100.0;100.0;6.46;Foreign Supranational;0.4850;AAA;1.0000000;51515100;US;001525
2026-01-30;SBR14D;SBI AAA-BBB D;CH0027441929;Duration;CHF;;;;;7.12;1988;;;;148582708;CH1485827088;CH48582708=S;0.375 KT GE 25-31;225000000;99.6500000;0.1145833;0.443;5.148;224470312;224470312;;2025-10-14;2030-04-30;2025-10-10;2026-04-10;Maturity;2031-04-10;2031-04-10;100.0;100.0;5.28;Domestic Non Government;0.3750;AA;1.0000000;52515100;CH;001105
2026-01-30;SBR14D;SBI AAA-BBB D;CH0027441929;Duration;CHF;;;;;7.12;1988;;;;20741318;CH0207413185;CH20741318=S;1.875 KT TI 13-38;200000000;110.6000000;1.6250000;0.946;10.875;224450000;224450000;;2013-03-20;2037-03-31;2025-03-18;2026-03-18;Maturity;2038-03-18;2038-03-18;100.0;100.0;12.21;Domestic Non Government;1.8750;AA;1.0000000;52515100;CH;001111
2026-01-30;SBR14D;SBI AAA-BBB D;CH0027441929;Duration;CHF;;;;;7.12;1988;;;;48217234;CH0482172340;CH48217234=S;0.125 MPL 19-27;225000000;99.6500000;0.0795139;0.383;1.363;224391406;224391406;;2019-07-01;2026-06-30;2025-06-11;2026-06-11;Maturity;2027-06-11;2027-06-11;100.0;100.0;1.44;Foreign Corporate;0.1250;AA;1.0000000;62510100;US;012401
2026-01-30;SBR14D;SBI AAA-BBB D;CH0027441929;Duration;CHF;;;;;7.12;1988;;;;141143934;CH1411439347;CH41143934=S;0.85 ZG KB 25-32;220000000;101.1500000;0.8381944;0.654;5.841;224374028;224374028;;2025-03-03;2031-02-28;2025-02-05;2026-02-05;Maturity;2032-02-05;2032-02-05;100.0;100.0;6.09;Domestic Non Government;0.8500;AAA;1.0000000;52510100;CH;000155
2026-01-30;SBR14D;SBI AAA-BBB D;CH0027441929;Duration;CHF;;;;;7.12;1988;;;;48708733;CH0487087337;CH48708733=S;0.125 VLB 19-29;230000000;97.4500000;0.0510417;0.849;3.584;224252396;224252396;;2019-10-01;2028-09-29;2025-09-03;2026-09-03;Maturity;2029-09-03;2029-09-03;100.0;100.0;3.67;Foreign Corporate;0.1250;A;1.0000000;74010100;AT;020665
2026-01-30;SBR14D;SBI AAA-BBB D;CH0027441929;Duration;CHF;;;;;7.12;1988;;;;50501194;CH0505011947;CH50501194=S;0.20 BANSAN 19-27;225000000;99.6000000;0.0394444;0.423;1.801;224188750;224188750;;2019-12-02;2026-11-30;2025-11-19;2026-11-19;Maturity;2027-11-19;2027-11-19;100.0;100.0;1.88;Foreign Corporate;0.2000;A;1.0000000;74010100;ES;020586
2026-01-30;SBR14D;SBI AAA-BBB D;CH0027441929;Duration;CHF;;;;;7.12;1988;;;;142303679;CH1423036792;CH42303679=S;1.6524 THERMO 25-37;215000000;102.7000000;1.4825700;1.383;9.892;223992526;223992526;;2025-04-01;2035-12-31;2025-03-07;2026-03-06;Next Call;2036-12-06;2037-03-06;100.0;100.0;10.93;Foreign Corporate;1.6524;A;1.0000000;73510100;US;020514
2026-01-30;SBR14D;SBI AAA-BBB D;CH0027441929;Duration;CHF;;;;;7.12;1988;;;;11946836;CH0119468368;CH11946836=S;2.125 KT TI 10-34;200000000;111.6000000;0.3895833;0.760;8.150;223979167;223979167;;2010-12-01;2033-11-30;2025-11-24;2026-11-24;Maturity;2034-11-24;2034-11-24;100.0;100.0;8.90;Domestic Non Government;2.1250;AA;1.0000000;52515100;CH;001111
2026-01-30;SBR14D;SBI AAA-BBB D;CH0027441929;Duration;CHF;;;;;7.12;1988;;;;122883790;CH1228837907;CH22883790=S;2.77 BBVACHI 22-28;210000000;106.1500000;0.4770556;0.571;2.750;223916817;223916817;;2022-12-01;2027-11-30;2025-11-28;2026-11-28;Maturity;2028-11-28;2028-11-28;100.0;100.0;2.91;Foreign Corporate;2.7700;A;1.0000000;74010100;CL;002845
2026-01-30;SBR14D;SBI AAA-BBB D;CH0027441929;Duration;CHF;;;;;7.12;1988;;;;141578015;CH1415780159;CH41578015=S;1.0075  25-45;225000000;98.8000000;0.6352847;1.076;17.569;223729391;223729391;;2025-07-01;2044-06-30;2025-06-13;2026-06-13;Maturity;2045-06-13;2045-06-13;100.0;100.0;19.45;Foreign Government;1.0075;AA;1.0000000;51010100;AT;010848
2026-01-30;SBR14D;SBI AAA-BBB D;CH0027441929;Duration;CHF;;;;;7.12;1988;;;;129087097;CH1290870976;CH29087097=S;2.122 BNP 24-32;210000000;106.3500000;0.1061250;1.017;5.658;223557862;223557862;;2024-02-01;2031-01-31;2026-01-12;2027-01-12;Maturity;2032-01-12;2032-01-12;100.0;100.0;6.03;Foreign Corporate;2.1225;A;1.0000000;74010100;FR;011329
2026-01-30;SBR14D;SBI AAA-BBB D;CH0027441929;Duration;CHF;;;;;7.12;1988;;;;144958364;CH1449583645;CH44958364=S;1.012 NATWEST 25-30;220000000;100.9000000;0.6750000;0.800;4.235;223465000;223465000;;2025-06-02;2029-05-31;2025-05-30;2026-05-30;Maturity;2030-05-30;2030-05-30;100.0;100.0;4.41;Foreign Corporate;1.0125;A;1.0000000;74010100;GB;020684
2026-01-30;SBR14D;SBI AAA-BBB D;CH0027441929;Duration;CHF;;;;;7.12;1988;;;;52215898;CH0522158986;CH52215898=S;0.25 KBLU 22-30;225000000;99.2500000;0.0041667;0.440;3.968;223321875;223321875;;2022-02-01;2029-01-31;2026-01-24;2027-01-24;Maturity;2030-01-24;2030-01-24;100.0;100.0;4.06;Domestic Non Government;0.2500;AA;1.0000000;52510100;CH;000431
2026-01-30;SBR14D;SBI AAA-BBB D;CH0027441929;Duration;CHF;;;;;7.12;1988;;;;145418587;CH1454185872;CH45418587=S;1.392 FEDDQ 25-35;220000000;100.6500000;0.8277639;1.318;8.812;223251081;223251081;;2025-07-01;2029-06-29;2025-06-26;2026-06-26;Maturity;2030-06-26;2035-06-26;100.0;100.0;4.49;Foreign Corporate;1.3925;A;1.0000000;74010200;CA;021100
2026-01-30;SBR14D;SBI AAA-BBB D;CH0027441929;Duration;CHF;;;;;7.12;1988;;;;142303690;CH1423036909;CH42303690=S;0.77 NZLGOF 25-32;220000000;100.6000000;0.6373889;0.670;6.014;222722256;222722256;;2025-05-02;2031-04-30;2025-04-02;2026-04-02;Maturity;2032-04-02;2032-04-02;100.0;100.0;6.25;Foreign Government;0.7700;AA;1.0000000;52010100;NZ;021233
2026-01-30;SBR14D;SBI AAA-BBB D;CH0027441929;Duration;CHF;;;;;7.12;1988;;;;137390451;CH1373904510;CH37390451=S;1.60 KW LINTH 24-32;215000000;103.1000000;0.4666667;1.117;6.392;222668333;222668333;;2024-11-01;2031-10-31;2025-10-15;2026-10-15;Maturity;2032-10-15;2032-10-15;100.0;100.0;6.79;Domestic Non Government;1.6000;BBB;1.0000000;75510100;CH;003007
2026-01-30;SBR14D;SBI AAA-BBB D;CH0027441929;Duration;CHF;;;;;7.12;1988;;;;135301502;CH1353015022;CH35301502=S;1.375 PB S757 24-37;209000000;105.5500000;0.7104167;0.865;10.657;222084271;222084271;;2024-08-02;2036-07-31;2025-07-24;2026-07-24;Maturity;2037-07-24;2037-07-24;100.0;100.0;11.56;Swiss Pfandbrief;1.3750;AAA;1.0000000;61010100;CH;001205
2026-01-30;SBR14D;SBI AAA-BBB D;CH0027441929;Duration;CHF;;;;;7.12;1988;;;;135325775;CH1353257756;CH35325775=S;2.25 FERRIN 24-29;210000000;104.1000000;1.3250000;1.020;3.284;221392500;221392500;;2024-07-01;2028-06-30;2025-06-28;2026-06-28;Maturity;2029-06-28;2029-06-28;100.0;100.0;3.49;Domestic Non Government;2.2500;BBB;1.0000000;73515100;CH;020892
2026-01-30;SBR14D;SBI AAA-BBB D;CH0027441929;Duration;CHF;;;;;7.12;1988;;;;119621699;CH1196216993;CH19621699=S;1.712 CIBC 22-27;215000000;102.0300000;0.9371181;0.309;1.436;221379304;221379304;;2022-08-02;2026-07-31;2025-07-13;2026-07-13;Maturity;2027-07-13;2027-07-13;100.0;100.0;1.53;Foreign Corporate;1.7125;AAA;1.0000000;61515100;CA;002681
2026-01-30;SBR14D;SBI AAA-BBB D;CH0027441929;Duration;CHF;;;;;7.12;1988;;;;57214248;CH0572142484;CH57214248=S;0.20 LGT 20-30;225000000;98.3000000;0.0477778;0.563;4.741;221282500;221282500;;2020-12-01;2029-11-30;2025-11-04;2026-11-04;Maturity;2030-11-04;2030-11-04;100.0;100.0;4.84;Domestic Non Government;0.2000;A;1.0000000;74010100;LI;019844
2026-01-30;SBR14D;SBI AAA-BBB D;CH0027441929;Duration;CHF;;;;;7.12;1988;;;;135325774;CH1353257749;CH35325774=S;1.317 BNG 24-39;210000000;104.4500000;0.8527153;0.961;12.260;221135702;221135702;;2024-07-01;2038-06-30;2025-06-07;2026-06-07;Maturity;2039-06-07;2039-06-07;100.0;100.0;13.43;Foreign Government;1.3175;AAA;1.0000000;52015100;NL;020748
2026-01-30;SBR14D;SBI AAA-BBB D;CH0027441929;Duration;CHF;;;;;7.12;1988;;;;144645230;CH1446452307;CH44645230=S;0.70 ZKB 25-33;220000000;100.0000000;0.4938889;0.700;7.102;221086556;221086556;;2025-06-02;2032-05-31;2025-05-16;2026-05-16;Maturity;2033-05-16;2033-05-16;100.0;100.0;7.38;Domestic Non Government;0.7000;AAA;1.0000000;52510100;CH;000210
2026-01-30;SBR14D;SBI AAA-BBB D;CH0027441929;Duration;CHF;;;;;7.12;1988;;;;41147809;CH0411478099;CH041147809=S;0.40 BE KB 18-27;220000000;100.0600000;0.2966667;0.352;1.254;220784667;220784667;;2018-06-01;2026-05-29;2025-05-03;2026-05-03;Maturity;2027-05-03;2027-05-03;100.0;100.0;1.34;Domestic Non Government;0.4000;A;1.0000000;74010100;CH;000221
2026-01-30;SBR14D;SBI AAA-BBB D;CH0027441929;Duration;CHF;;;;;7.12;1988;;;;140006463;CH1400064635;CH40006463=S;0.97 NLW 25-40;220000000;99.3000000;0.9430556;1.024;13.055;220534722;220534722;;2025-03-03;2039-02-28;2025-02-10;2026-02-10;Maturity;2040-02-10;2040-02-10;100.0;100.0;14.11;Foreign Government;0.9700;AAA;1.0000000;52015100;NL;010359
2026-01-30;SBR14D;SBI AAA-BBB D;CH0027441929;Duration;CHF;;;;;7.12;1988;;;;150197060;CH1501970607;CH50197060=S;0.95 BCV 25-34;220000000;99.6500000;0.1636111;0.992;8.496;219589944;219589944;;2025-12-01;2033-11-30;2025-11-28;2026-11-28;Maturity;2034-11-28;2034-11-28;100.0;100.0;8.91;Domestic Non Government;0.9500;AA;1.0000000;74010100;CH;000230
2026-01-30;SBR14D;SBI AAA-BBB D;CH0027441929;Duration;CHF;;;;;7.12;1988;;;;114251234;CH1142512347;CH14251234=S;0.527 BNP 22-28;220000000;99.7500000;0.0146528;0.655;1.967;219482236;219482236;;2022-02-01;2026-01-30;2026-01-20;2027-01-20;Maturity;2027-01-20;2028-01-20;100.0;100.0;1.05;Foreign Corporate;0.5275;A;1.0000000;74010100;FR;011329
2026-01-30;SBR14D;SBI AAA-BBB D;CH0027441929;Duration;CHF;;;;;7.12;1988;;;;11998307;CH0119983077;CH11998307=S;1.875 LU KB 10-35;200000000;109.2000000;0.3333333;0.892;9.075;219066667;219066667;;2010-12-01;2034-11-30;2025-11-26;2026-11-26;Maturity;2035-11-26;2035-11-26;100.0;100.0;9.90;Domestic Non Government;1.8750;AA;1.0000000;52510100;CH;000431
2026-01-30;SBR14D;SBI AAA-BBB D;CH0027441929;Duration;CHF;;;;;7.12;1988;;;;124230128;CH1242301286;CH24230128=S;2.61 SLH 23-32;200000000;109.4000000;0.0290000;0.921;5.418;218858000;218858000;;2023-02-01;2030-10-31;2026-01-26;2027-01-26;Next Call;2031-10-26;2032-01-26;100.0;100.0;5.82;Domestic Non Government;2.6100;A;1.0000000;74020100;CH;011974
2026-01-30;SBR14D;SBI AAA-BBB D;CH0027441929;Duration;CHF;;;;;7.12;1988;;;;41904077;CH0419040776;CH41904077=S;0.70 BERN 19-34;220000000;99.4500000;0.0000000;0.771;7.807;218790000;218790000;;2019-02-01;2033-01-31;2026-01-30;2027-01-30;Maturity;2034-01-30;2034-01-30;100.0;100.0;8.08;Domestic Non Government;0.7000;AA;1.0000000;53015100;CH;001126
2026-01-30;SBR14D;SBI AAA-BBB D;CH0027441929;Duration;CHF;;;;;7.12;1988;;;;28073754;CH0280737542;CH28073754=S;0.375 EGW 15-30;217500000;100.1500000;0.2531250;0.340;4.288;218376797;218376797;;2015-06-01;2029-05-31;2025-05-27;2026-05-27;Maturity;2030-05-27;2030-05-27;100.0;100.0;4.41;Domestic Non Government;0.3750;AAA;1.0000000;52010100;CH;003083
2026-01-30;SBR14D;SBI AAA-BBB D;CH0027441929;Duration;CHF;;;;;7.12;1988;;;;50607121;CH0506071213;CH50607121=S;0.25 MOBN 20-28;220000000;98.9500000;0.2131944;0.745;2.140;218159028;218159028;;2020-04-01;2027-03-31;2025-03-23;2026-03-23;Maturity;2028-03-23;2028-03-23;100.0;100.0;2.23;Domestic Non Government;0.2500;BBB;1.0000000;76015100;CH;012643
2026-01-30;SBR14D;SBI AAA-BBB D;CH0027441929;Duration;CHF;;;;;7.12;1988;;;;127631333;CH1276313330;CH27631333=S;2.35 NANTDRA 23-31;200000000;107.8000000;1.2141667;0.886;5.165;218028333;218028333;;2023-08-02;2030-07-31;2025-07-24;2026-07-24;Maturity;2031-07-24;2031-07-24;100.0;100.0;5.56;Domestic Non Government;2.3500;A;1.0000000;75510100;CH;019877
2026-01-30;SBR14D;SBI AAA-BBB D;CH0027441929;Duration;CHF;;;;;7.12;1988;;;;117056566;CH1170565662;CH17056566=S;0.90 PZ S548 22-33;212000000;101.9500000;0.6250000;0.626;7.063;217459000;217459000;;2022-04-01;2032-05-31;2025-05-20;2026-05-20;Maturity;2033-05-20;2033-05-20;100.0;100.0;7.39;Swiss Pfandbrief;0.9000;AAA;1.0000000;61010100;CH;001211
2026-01-30;SBR14D;SBI AAA-BBB D;CH0027441929;Duration;CHF;;;;;7.12;1988;;;;134674291;CH1346742914;CH34674291=S;2.40 SG KB 24-34;200000000;107.1000000;1.6000000;1.487;7.569;217400000;217400000;;2024-06-03;2033-05-31;2025-05-30;2026-05-30;Maturity;2034-05-30;2034-05-30;100.0;100.0;8.41;Domestic Non Government;2.4000;A;1.0000000;74010200;CH;000371
2026-01-30;SBR14D;SBI AAA-BBB D;CH0027441929;Duration;CHF;;;;;7.12;1988;;;;114830871;CH1148308716;CH14830871=S;0.11 CABEI 21-28;220000000;98.7000000;0.0137500;0.567;2.872;217170250;217170250;;2022-01-03;2027-12-31;2025-12-15;2026-12-15;Maturity;2028-12-15;2028-12-15;100.0;100.0;2.96;Foreign Supranational;0.1100;AA;1.0000000;51515100;HN;019271
2026-01-30;SBR14D;SBI AAA-BBB D;CH0027441929;Duration;CHF;;;;;7.12;1988;;;;126441433;CH1264414330;CH26441433=S;3.50 RCI 23-28;200000000;105.9500000;2.5277778;0.850;2.181;216955556;216955556;;2023-06-01;2027-05-31;2025-05-10;2026-05-10;Maturity;2028-05-10;2028-05-10;100.0;100.0;2.36;Foreign Corporate;3.5000;BBB;1.0000000;74010100;FR;012134
2026-01-30;SBR14D;SBI AAA-BBB D;CH0027441929;Duration;CHF;;;;;7.12;1988;;;;131996856;CH1319968561;CH31996856=S;2.125 ZKB 24-33;200000000;106.2500000;1.8180556;1.068;5.739;216136111;216136111;;2024-04-02;2031-03-31;2025-03-22;2026-03-22;Next Call;2032-03-22;2033-03-22;100.0;100.0;6.22;Domestic Non Government;2.1250;AA;1.0000000;74010100;CH;000210
2026-01-30;SBR14D;SBI AAA-BBB D;CH0027441929;Duration;CHF;;;;;7.12;1988;;;;114251236;CH1142512362;CH14251236=S;2.892 BNP 22-29;200000000;107.0500000;0.9882708;0.923;3.500;216076542;216076542;;2022-10-03;2028-09-29;2025-09-27;2026-09-27;Maturity;2029-09-27;2029-09-27;100.0;100.0;3.74;Foreign Corporate;2.8925;A;1.0000000;74010100;FR;011329
2026-01-30;SBR14D;SBI AAA-BBB D;CH0027441929;Duration;CHF;;;;;7.12;1988;;;;53689336;CH0536893362;CH53689336=S;0.15 WKB 20-32;225000000;95.9500000;0.0479167;0.774;6.648;215995313;215995313;;2020-11-02;2031-10-31;2025-10-05;2026-10-05;Maturity;2032-10-05;2032-10-05;100.0;100.0;6.76;Domestic Non Government;0.1500;AA;1.0000000;52510100;CH;001215
2026-01-30;SBR14D;SBI AAA-BBB D;CH0027441929;Duration;CHF;;;;;7.12;1988;;;;120425978;CH1204259787;CH20425978=S;2.50 AXPO 22-29;200000000;105.8000000;2.1875000;0.620;2.987;215975000;215975000;;2022-10-03;2028-03-31;2025-03-15;2026-03-15;Maturity;2029-03-15;2029-03-15;100.0;100.0;3.21;Domestic Non Government;2.5000;A;1.0000000;75510100;CH;019086
2026-01-30;SBR14D;SBI AAA-BBB D;CH0027441929;Duration;CHF;;;;;7.12;1988;;;;57232700;CH0572327002;CH57232700=S;0.125 PB S694 20-33;224000000;96.1700000;0.0368056;0.636;7.670;215503244;215503244;;2020-10-20;2032-10-29;2025-10-14;2026-10-14;Maturity;2033-10-14;2033-10-14;100.0;100.0;7.79;Swiss Pfandbrief;0.1250;AAA;1.0000000;61010100;CH;001205
2026-01-30;SBR14D;SBI AAA-BBB D;CH0027441929;Duration;CHF;;;;;7.12;1988;;;;129022229;CH1290222293;CH29022229=S;2.50 JB 23-30;200000000;106.7500000;1.0000000;0.991;4.372;215500000;215500000;;2023-10-02;2029-09-28;2025-09-06;2026-09-06;Maturity;2030-09-06;2030-09-06;100.0;100.0;4.68;Domestic Non Government;2.5000;A;1.0000000;74010100;CH;000578
2026-01-30;SBR14D;SBI AAA-BBB D;CH0027441929;Duration;CHF;;;;;7.12;1988;;;;113193140;CH1131931409;CH13193140=S;0.30 PZ S540 21-36;227000000;94.4600000;0.0758333;0.841;10.578;214596342;214596342;;2021-11-01;2035-10-31;2025-10-29;2026-10-29;Maturity;2036-10-29;2036-10-29;100.0;100.0;10.83;Swiss Pfandbrief;0.3000;AAA;1.0000000;61010100;CH;001211
2026-01-30;SBR14D;SBI AAA-BBB D;CH0027441929;Duration;CHF;;;;;7.12;1988;;;;127136059;CH1271360591;CH27136059=S;1.46 EIB 23-33;200000000;106.4500000;0.7786667;0.575;7.091;214457333;214457333;;2023-08-02;2032-07-30;2025-07-18;2026-07-18;Maturity;2033-07-18;2033-07-18;100.0;100.0;7.55;Foreign Supranational;1.4600;AAA;1.0000000;51515100;LU;010844
2026-01-30;SBR14D;SBI AAA-BBB D;CH0027441929;Duration;CHF;;;;;7.12;1988;;;;115152619;CH1151526196;CH15152619=S;0.375 PB S712 22-37;225000000;94.9400000;0.3583333;0.857;10.792;214421250;214421250;;2022-01-18;2036-02-29;2025-02-16;2026-02-16;Maturity;2037-02-16;2037-02-16;100.0;100.0;11.12;Swiss Pfandbrief;0.3750;AAA;1.0000000;61010100;CH;001205
2026-01-30;SBR14D;SBI AAA-BBB D;CH0027441929;Duration;CHF;;;;;7.12;1988;;;;127136057;CH1271360575;CH27136057=S;1.75 ASINFRA 23-30;200000000;106.1000000;1.0402778;0.352;4.243;214280556;214280556;;2023-07-03;2029-06-29;2025-06-26;2026-06-26;Maturity;2030-06-26;2030-06-26;100.0;100.0;4.49;Foreign Supranational;1.7500;AAA;1.0000000;51515100;CN;021129
2026-01-30;SBR14D;SBI AAA-BBB D;CH0027441929;Duration;CHF;;;;;7.12;1988;;;;134861413;CH1348614137;CH34861413=S;1.875 SIKA 24-33;200000000;105.8000000;1.2656250;1.048;6.846;214131250;214131250;;2024-06-03;2032-02-27;2025-05-27;2026-05-27;Maturity;2033-05-27;2033-05-27;100.0;100.0;7.41;Domestic Non Government;1.8750;A;1.0000000;71510100;CH;001287
2026-01-30;SBR14D;SBI AAA-BBB D;CH0027441929;Duration;CHF;;;;;7.12;1988;;;;48850668;CH0488506681;CH48850668=S;0.375 SPS 19-31;220000000;97.1500000;0.1250000;0.893;5.610;214005000;214005000;;2019-10-01;2030-09-30;2025-09-30;2026-09-30;Maturity;2031-09-30;2031-09-30;100.0;100.0;5.75;Domestic Non Government;0.3750;A;1.0000000;76015100;CH;020888
2026-01-30;SBR14D;SBI AAA-BBB D;CH0027441929;Duration;CHF;;;;;7.12;1988;;;;30555803;CH0305558030;CH30555803=S;1.125 DHSF 15-28;210000000;101.6500000;0.1625000;0.541;2.823;213806250;213806250;;2016-01-04;2027-12-31;2025-12-08;2026-12-08;Maturity;2028-12-08;2028-12-08;100.0;100.0;2.94;Foreign Corporate;1.1250;A;1.0000000;73510100;LU;020411
2026-01-30;SBR14D;SBI AAA-BBB D;CH0027441929;Duration;CHF;;;;;7.12;1988;;;;120425979;CH1204259795;CH20425979=S;1.022 SVE 22-27;210000000;101.4000000;0.3663958;0.168;1.632;213709431;213709431;;2022-10-03;2026-09-30;2025-09-21;2026-09-21;Maturity;2027-09-21;2027-09-21;100.0;100.0;1.72;Foreign Government;1.0225;AA;1.0000000;52015100;SE;001659
2026-01-30;SBR14D;SBI AAA-BBB D;CH0027441929;Duration;CHF;;;;;7.12;1988;;;;131996864;CH1319968645;CH31996864=S;1.50 SHKB 24-36;200000000;105.6000000;1.1458333;0.924;9.486;213491667;213491667;;2024-05-02;2035-04-30;2025-04-25;2026-04-25;Maturity;2036-04-25;2036-04-25;100.0;100.0;10.32;Domestic Non Government;1.5000;AAA;1.0000000;52510100;CH;002998
2026-01-30;SBR14D;SBI AAA-BBB D;CH0027441929;Duration;CHF;;;;;7.12;1988;;;;134674309;CH1346743094;CH34674309=S;1.60 TI KB 24-36;200000000;105.8000000;0.8888889;1.012;9.647;213377778;213377778;;2024-08-02;2035-07-31;2025-07-10;2026-07-10;Maturity;2036-07-10;2036-07-10;100.0;100.0;10.53;Domestic Non Government;1.6000;AA;1.0000000;52510100;CH;001220
2026-01-30;SBR14D;SBI AAA-BBB D;CH0027441929;Duration;CHF;;;;;7.12;1988;;;;140547198;CH1405471983;CH40547198=S;1.15 SWPIFI 25-31;210000000;100.8500000;0.7027778;0.987;5.222;213260833;213260833;;2025-02-03;2030-06-28;2025-06-20;2026-06-20;Maturity;2031-06-20;2031-06-20;100.0;100.0;5.47;Domestic Non Government;1.1500;A;1.0000000;76015100;CH;020888
2026-01-30;SBR14D;SBI AAA-BBB D;CH0027441929;Duration;CHF;;;;;7.12;1988;;;;126482350;CH1264823506;CH26482350=S;1.687 BNG 23-30;200000000;105.4500000;1.1765625;0.408;4.148;213253125;213253125;;2023-06-01;2029-05-31;2025-05-19;2026-05-19;Maturity;2030-05-20;2030-05-20;100.0;100.0;4.39;Foreign Government;1.6875;AAA;1.0000000;52015100;NL;020748
2026-01-30;SBR14D;SBI AAA-BBB D;CH0027441929;Duration;CHF;;;;;7.12;1988;;;;3359647;CH0033596476;CH3359647=S;3.375 EIB 07-27;200000000;105.6000000;0.9843750;0.093;1.677;213168750;213168750;;2007-10-17;2026-10-30;2025-10-15;2026-10-15;Maturity;2027-10-15;2027-10-15;100.0;100.0;1.79;Foreign Supranational;3.3750;AAA;1.0000000;51515100;LU;010844
2026-01-30;SBR14D;SBI AAA-BBB D;CH0027441929;Duration;CHF;;;;;7.12;1988;;;;144131414;CH1441314148;CH44131414=S;1 WKB 25-34;210000000;101.0000000;0.5055556;0.877;8.148;213161667;213161667;;2025-08-04;2033-07-29;2025-07-28;2026-07-28;Maturity;2034-07-28;2034-07-28;100.0;100.0;8.57;Domestic Non Government;1.0000;AA;1.0000000;52510100;CH;001215
2026-01-30;SBR14D;SBI AAA-BBB D;CH0027441929;Duration;CHF;;;;;7.12;1988;;;;40598583;CH0405985836;CH40598583=S;0.70 TG KB 18-30;210000000;100.8500000;0.5988889;0.492;4.076;213042667;213042667;;2018-04-03;2029-03-30;2025-03-22;2026-03-22;Maturity;2030-03-22;2030-03-22;100.0;100.0;4.22;Domestic Non Government;0.7000;AA;1.0000000;52510100;CH;000108
2026-01-30;SBR14D;SBI AAA-BBB D;CH0027441929;Duration;CHF;;;;;7.12;1988;;;;135325784;CH1353257848;CH35325784=S;1.85 NOV 24-49;190000000;110.7500000;1.1408333;1.313;19.246;212592583;212592583;;2024-07-01;2048-06-30;2025-06-18;2026-06-18;Maturity;2049-06-18;2049-06-18;100.0;100.0;23.46;Domestic Non Government;1.8500;AA;1.0000000;73515100;CH;010152
2026-01-30;SBR14D;SBI AAA-BBB D;CH0027441929;Duration;CHF;;;;;7.12;1988;;;;148733211;CH1487332111;CH48733211=S;0.96 KT GE 25-65;220000000;96.4000000;0.1680000;1.072;33.077;212449600;212449600;;2025-12-01;2064-11-28;2025-11-27;2026-11-27;Maturity;2065-11-27;2065-11-27;100.0;100.0;39.91;Domestic Non Government;0.9600;AA;1.0000000;52515100;CH;001105
2026-01-30;SBR14D;SBI AAA-BBB D;CH0027441929;Duration;CHF;;;;;7.12;1988;;;;131996842;CH1319968421;CH31996842=S;1.55 PZ S587 24-39;195000000;107.6100000;1.2701389;0.934;11.934;212316271;212316271;;2024-02-20;2038-04-30;2025-04-05;2026-04-05;Maturity;2039-04-05;2039-04-05;100.0;100.0;13.26;Swiss Pfandbrief;1.5500;AAA;1.0000000;61010100;CH;001211
2026-01-30;SBR14D;SBI AAA-BBB D;CH0027441929;Duration;CHF;;;;;7.12;1988;;;;124529575;CH1245295758;CH24529575=S;3.262 CBK 23-27;200000000;102.9000000;3.2353125;0.376;0.978;212270625;212270625;;2023-03-01;2026-02-27;2025-02-03;2026-02-03;Maturity;2027-02-03;2027-02-03;100.0;100.0;1.09;Foreign Corporate;3.2625;BBB;1.0000000;74010100;DE;018925
2026-01-30;SBR14D;SBI AAA-BBB D;CH0027441929;Duration;CHF;;;;;7.12;1988;;;;123075950;CH1230759503;CH23075950=S;1.95 SONOVA 22-30;200000000;105.7500000;0.2600000;0.742;4.685;212020000;212020000;;2023-01-03;2029-12-31;2025-12-12;2026-12-12;Maturity;2030-12-12;2030-12-12;100.0;100.0;4.95;Domestic Non Government;1.9500;A;1.0000000;73510100;CH;018470
2026-01-30;SBR14D;SBI AAA-BBB D;CH0027441929;Duration;CHF;;;;;7.12;1988;;;;120425980;CH1204259803;CH20425980=S;1.625 KT TI 22-30;200000000;105.4000000;0.5913194;0.445;4.484;211982639;211982639;;2022-09-20;2029-09-28;2025-09-19;2026-09-19;Maturity;2030-09-19;2030-09-19;100.0;100.0;4.72;Domestic Non Government;1.6250;AA;1.0000000;52515100;CH;001111
2026-01-30;SBR14D;SBI AAA-BBB D;CH0027441929;Duration;CHF;;;;;7.12;1988;;;;23651683;CH0236516834;CH23651683=S;1.75 ZH 14-29;200000000;104.2500000;1.5750000;0.369;3.001;211650000;211650000;;2014-03-19;2028-03-31;2025-03-06;2026-03-06;Maturity;2029-03-06;2029-03-06;100.0;100.0;3.18;Domestic Non Government;1.7500;AAA;1.0000000;53015100;CH;001146
2026-01-30;SBR14D;SBI AAA-BBB D;CH0027441929;Duration;CHF;;;;;7.12;1988;;;;117433576;CH1174335765;CH17433576=S;0.507 SPAREB 22-27;210000000;100.3100000;0.4144583;0.245;1.178;211521362;211521362;;2022-05-02;2026-04-30;2025-04-06;2026-04-06;Maturity;2027-04-06;2027-04-06;100.0;100.0;1.26;Foreign Corporate;0.5075;AAA;1.0000000;61515100;NO;021016
2026-01-30;SBR14D;SBI AAA-BBB D;CH0027441929;Duration;CHF;;;;;7.12;1988;;;;49473439;CH0494734392;CH49473439=S;0 KT GE 19-59;300000000;70.5000000;0.0000000;1.044;33.647;211500000;211500000;;2019-10-01;2058-09-30;2019-09-23;2020-09-23;Maturity;2059-09-23;2059-09-23;100.0;100.0;33.73;Domestic Non Government;0.0000;AA;1.0000000;52515100;CH;001105
2026-01-30;SBR14D;SBI AAA-BBB D;CH0027441929;Duration;CHF;;;;;7.12;1988;;;;147843074;CH1478430742;CH47843074=S;0.93  25-30;210000000;100.2500000;0.3771667;0.874;4.503;211317050;211317050;;2025-10-01;2029-06-29;2025-09-04;2026-09-04;Maturity;2030-06-04;2030-09-04;100.0;100.0;4.42;Foreign Corporate;0.9300;BBB;1.0000000;73510100;US;012215
2026-01-30;SBR14D;SBI AAA-BBB D;CH0027441929;Duration;CHF;;;;;7.12;1988;;;;134674293;CH1346742930;CH34674293=S;1.90 PARTNERS 24-30;200000000;104.4000000;1.2297222;0.865;4.175;211259444;211259444;;2024-07-01;2029-06-29;2025-06-07;2026-06-07;Maturity;2030-06-07;2030-06-07;100.0;100.0;4.43;Domestic Non Government;1.9000;A;1.0000000;74015100;CH;014428
2026-01-30;SBR14D;SBI AAA-BBB D;CH0027441929;Duration;CHF;;;;;7.12;1988;;;;127136056;CH1271360567;CH27136056=S;1.625 COE 23-29;200000000;104.6500000;0.9479167;0.256;3.325;211195833;211195833;;2023-07-03;2028-06-30;2025-06-30;2026-06-30;Maturity;2029-06-30;2029-06-30;100.0;100.0;3.50;Foreign Supranational;1.6250;AAA;1.0000000;51515100;FR;014523
2026-01-30;SBR14D;SBI AAA-BBB D;CH0027441929;Duration;CHF;;;;;7.12;1988;;;;135657032;CH1356570320;CH35657032=S;1.9875 CBK 24-31;200000000;104.8000000;0.7784375;1.100;5.332;211156875;211156875;;2024-10-01;2030-09-30;2025-09-09;2026-09-09;Maturity;2031-09-09;2031-09-09;100.0;100.0;5.69;Foreign Corporate;1.9875;BBB;1.0000000;74010100;DE;002074
2026-01-30;SBR14D;SBI AAA-BBB D;CH0027441929;Duration;CHF;;;;;7.12;1988;;;;124393355;CH1243933558;CH24393355=S;2.202 BK TORONTO 23-28;200000000;103.3500000;2.2025000;0.515;1.938;211105000;211105000;;2023-02-01;2027-01-29;2025-01-31;2026-01-31;Maturity;2028-01-31;2028-01-31;100.0;100.0;2.08;Foreign Corporate;2.2025;A;1.0000000;74010100;CA;002851
2026-01-30;SBR14D;SBI AAA-BBB D;CH0027441929;Duration;CHF;;;;;7.12;1988;;;;139051702;CH1390517022;CH39051702=S;1 PB S765 24-37;206000000;101.5600000;0.8694444;0.852;10.505;211004656;211004656;;2024-11-19;2036-03-31;2025-03-17;2026-03-17;Maturity;2037-03-17;2037-03-17;100.0;100.0;11.21;Swiss Pfandbrief;1.0000;AAA;1.0000000;61010100;CH;001205
2026-01-30;SBR14D;SBI AAA-BBB D;CH0027441929;Duration;CHF;;;;;7.12;1988;;;;126589066;CH1265890660;CH26589066=S;1.45 KT BE 23-30;200000000;105.0000000;0.3625000;0.386;4.613;210725000;210725000;;2023-11-01;2029-10-31;2025-10-31;2026-10-31;Maturity;2030-10-31;2030-10-31;100.0;100.0;4.83;Domestic Non Government;1.4500;AA;1.0000000;52515100;CH;001103
2026-01-30;SBR14D;SBI AAA-BBB D;CH0027441929;Duration;CHF;;;;;7.12;1988;;;;11985865;CH0119858659;CH11985865=S;2 KT AG 10-28;200000000;105.1000000;0.2500000;0.218;2.818;210700000;210700000;;2011-01-03;2027-12-31;2025-12-15;2026-12-15;Maturity;2028-12-15;2028-12-15;100.0;100.0;2.96;Domestic Non Government;2.0000;AAA;1.0000000;52515100;CH;001089
2026-01-30;SBR14D;SBI AAA-BBB D;CH0027441929;Duration;CHF;;;;;7.12;1988;;;;124230127;CH1242301278;CH24230127=S;2.258 SLH 23-28;200000000;104.1500000;1.1544978;0.393;2.185;210608996;210608996;;2023-02-01;2027-04-30;2025-07-26;2026-07-26;Next Call;2028-04-26;2028-07-26;100.0;100.0;2.32;Domestic Non Government;2.2588;A;1.0000000;74020100;CH;011974
2026-01-30;SBR14D;SBI AAA-BBB D;CH0027441929;Duration;CHF;;;;;7.12;1988;;;;139999996;CH1399999965;CH39999996=S;0.866 MANIT 25-35;210000000;99.4500000;0.7844828;0.929;8.823;210492414;210492414;;2025-04-01;2034-04-28;2025-03-04;2026-04-16;Maturity;2035-04-16;2035-04-16;100.0;100.0;9.29;Foreign Government;0.8663;A;1.0000000;52515100;CA;001478
2026-01-30;SBR14D;SBI AAA-BBB D;CH0027441929;Duration;CHF;;;;;7.12;1988;;;;132148148;CH1321481488;CH32148148=S;2.545 BOBST 24-29;200000000;102.5000000;2.5450000;1.683;2.856;210090000;210090000;;2024-02-01;2028-01-31;2025-01-31;2026-01-31;Maturity;2029-01-31;2029-01-31;100.0;100.0;3.08;Domestic Non Government;2.5450;BBB;1.0000000;72010100;CH;011720
2026-01-30;SBR14D;SBI AAA-BBB D;CH0027441929;Duration;CHF;;;;;7.12;1988;;;;129087086;CH1290870869;CH29087086=S;2.25 MIGROSBK 23-28;200000000;104.2500000;0.7750000;0.630;2.592;210050000;210050000;;2023-10-02;2027-09-30;2025-09-26;2026-09-26;Maturity;2028-09-26;2028-09-26;100.0;100.0;2.74;Domestic Non Government;2.2500;A;1.0000000;74010100;CH;010307
2026-01-30;SBR14D;SBI AAA-BBB D;CH0027441929;Duration;CHF;;;;;7.12;1988;;;;131034630;CH1310346304;CH31034630=S;1.25 ZH 24-33;200000000;103.9000000;1.0590278;0.689;6.824;209918056;209918056;;2024-04-02;2032-03-31;2025-03-25;2026-03-25;Maturity;2033-03-25;2033-03-25;100.0;100.0;7.23;Domestic Non Government;1.2500;AAA;1.0000000;53015100;CH;001146
2026-01-30;SBR14D;SBI AAA-BBB D;CH0027441929;Duration;CHF;;;;;7.12;1988;;;;133724897;CH1337248970;CH33724897=S;1.20 KT BE 24-39;200000000;104.0000000;0.9266667;0.878;12.224;209853333;209853333;;2024-05-02;2038-04-30;2025-04-22;2026-04-22;Maturity;2039-04-22;2039-04-22;100.0;100.0;13.31;Domestic Non Government;1.2000;AA;1.0000000;52515100;CH;001103
2026-01-30;SBR14D;SBI AAA-BBB D;CH0027441929;Duration;CHF;;;;;7.12;1988;;;;130027776;CH1300277766;CH30027776=S;2.017 KOREA EXP 23-28;200000000;104.5000000;0.4259167;0.392;2.731;209851833;209851833;;2023-12-01;2027-11-30;2025-11-14;2026-11-14;Maturity;2028-11-14;2028-11-14;100.0;100.0;2.87;Foreign Government;2.0175;AA;1.0000000;52015100;KR;001568
2026-01-30;SBR14D;SBI AAA-BBB D;CH0027441929;Duration;CHF;;;;;7.12;1988;;;;125636718;CH1256367181;CH25636718=S;1.792 BNG 23-28;200000000;103.5500000;1.3742500;0.198;2.182;209848500;209848500;;2023-06-01;2027-04-30;2025-04-24;2026-04-24;Maturity;2028-04-24;2028-04-24;100.0;100.0;2.31;Foreign Government;1.7925;AAA;1.0000000;52015100;NL;020748
2026-01-30;SBR14D;SBI AAA-BBB D;CH0027441929;Duration;CHF;;;;;7.12;1988;;;;134026709;CH1340267090;CH34026709=S;1.35 AKB 24-31;200000000;103.9000000;1.0125000;0.593;5.059;209825000;209825000;;2024-05-02;2030-04-30;2025-04-30;2026-04-30;Maturity;2031-04-30;2031-04-30;100.0;100.0;5.33;Domestic Non Government;1.3500;AAA;1.0000000;52510100;CH;000123
2026-01-30;SBR14D;SBI AAA-BBB D;CH0027441929;Duration;CHF;;;;;7.12;1988;;;;123946481;CH1239464816;CH23946481=S;2.25 PSP 23-28;200000000;104.1500000;0.7375000;0.677;2.608;209775000;209775000;;2023-07-03;2027-10-29;2025-10-02;2026-10-02;Maturity;2028-10-02;2028-10-02;100.0;100.0;2.75;Domestic Non Government;2.2500;A;1.0000000;76015100;CH;011129
2026-01-30;SBR14D;SBI AAA-BBB D;CH0027441929;Duration;CHF;;;;;7.12;1988;;;;129022242;CH1290222426;CH29022242=S;2.85 TEMENOS 23-28;200000000;104.0000000;0.8629167;1.182;2.380;209725833;209725833;;2023-11-01;2027-07-30;2025-10-11;2026-10-11;Next Call;2028-07-11;2028-10-11;100.0;100.0;2.53;Domestic Non Government;2.8500;BBB;1.0000000;74510100;CH;011603
2026-01-30;SBR14D;SBI AAA-BBB D;CH0027441929;Duration;CHF;;;;;7.12;1988;;;;52215890;CH0522158903;CH52215890=S;0.10 VA BK 21-30;215000000;97.4000000;0.0169444;0.648;4.820;209446431;209446431;;2021-07-01;2029-11-30;2025-11-29;2026-11-29;Maturity;2030-11-29;2030-11-29;100.0;100.0;4.91;Domestic Non Government;0.1000;AAA;1.0000000;61515100;CH;012553
2026-01-30;SBR14D;SBI AAA-BBB D;CH0027441929;Duration;CHF;;;;;7.12;1988;;;;140000003;CH1400000035;CH40000003=S;1.655 ENGIE 25-33;200000000;103.3500000;1.3285972;1.167;6.766;209357194;209357194;;2025-05-02;2032-04-30;2025-04-11;2026-04-11;Maturity;2033-04-11;2033-04-11;100.0;100.0;7.28;Foreign Corporate;1.6550;BBB;1.0000000;75510100;FR;020644
2026-01-30;SBR14D;SBI AAA-BBB D;CH0027441929;Duration;CHF;;;;;7.12;1988;;;;141578008;CH1415780084;CH41578008=S;1.655 SETRUT 25-32;200000000;103.3500000;1.3148056;1.071;5.653;209329611;209329611;;2025-05-02;2031-01-31;2025-04-14;2026-04-14;Next Call;2032-01-14;2032-04-14;100.0;100.0;6.04;Foreign Corporate;1.6550;BBB;1.0000000;75510100;GB;021238
2026-01-30;SBR14D;SBI AAA-BBB D;CH0027441929;Duration;CHF;;;;;7.12;1988;;;;149462640;CH1494626406;CH49462640=S;0.587 WBC 25-32;210000000;99.5000000;0.1077083;0.663;6.695;209176187;209176187;;2025-12-01;2031-11-28;2025-11-24;2026-11-24;Maturity;2032-11-24;2032-11-24;100.0;100.0;6.90;Foreign Corporate;0.5875;AAA;1.0000000;61515100;AU;010386
2026-01-30;SBR14D;SBI AAA-BBB D;CH0027441929;Duration;CHF;;;;;7.12;1988;;;;128965711;CH1289657111;CH28965711=S;2 EMMI 23-28;200000000;103.8000000;0.7111111;0.402;2.347;209022222;209022222;;2023-10-02;2027-06-30;2025-09-22;2026-09-22;Next Call;2028-06-22;2028-09-22;100.0;100.0;2.48;Domestic Non Government;2.0000;A;1.0000000;73015100;CH;019454
2026-01-30;SBR14D;SBI AAA-BBB D;CH0027441929;Duration;CHF;;;;;7.12;1988;;;;120636739;CH1206367398;CH20636739=S;1.75 GEBM 22-29;200000000;103.8000000;0.6611111;0.608;3.285;208922222;208922222;;2022-10-03;2028-06-30;2025-09-14;2026-09-14;Next Call;2029-06-14;2029-09-14;100.0;100.0;3.45;Domestic Non Government;1.7500;A;1.0000000;72010100;CH;010824
2026-01-30;SBR14D;SBI AAA-BBB D;CH0027441929;Duration;CHF;;;;;7.12;1988;;;;135325816;CH1353258168;CH35325816=S;1.1575 WELTBK 24-31;200000000;103.7000000;0.7362986;0.458;5.199;208872597;208872597;;2024-07-01;2030-06-28;2025-06-11;2026-06-11;Maturity;2031-06-11;2031-06-11;100.0;100.0;5.44;Foreign Supranational;1.1575;AAA;1.0000000;51515100;US;001525
2026-01-30;SBR14D;SBI AAA-BBB D;CH0027441929;Duration;CHF;;;;;7.12;1988;;;;129022245;CH1290222459;CH29022245=S;1.85 PZ S581 23-38;187000000;111.1500000;0.4881944;0.918;11.494;208763424;208763424;;2023-11-01;2037-10-30;2025-10-25;2026-10-25;Maturity;2038-10-25;2038-10-25;100.0;100.0;12.82;Swiss Pfandbrief;1.8500;AAA;1.0000000;61010100;CH;001211
2026-01-30;SBR14D;SBI AAA-BBB D;CH0027441929;Duration;CHF;;;;;7.12;1988;;;;118921771;CH1189217719;CH18921771=S;1.30 GR KB 22-30;200000000;103.5000000;0.8775000;0.480;4.201;208755000;208755000;;2022-06-01;2029-05-31;2025-05-27;2026-05-27;Maturity;2030-05-27;2030-05-27;100.0;100.0;4.41;Domestic Non Government;1.3000;AA;1.0000000;52510100;CH;000346
2026-01-30;SBR14D;SBI AAA-BBB D;CH0027441929;Duration;CHF;;;;;7.12;1988;;;;138091023;CH1380910237;CH38091023=S;1.6 LANDESBK 24-34;200000000;103.9500000;0.4000000;1.123;8.217;208700000;208700000;;2024-11-01;2033-10-31;2025-10-30;2026-10-30;Maturity;2034-10-30;2034-10-30;100.0;100.0;8.83;Domestic Non Government;1.6000;AA;1.0000000;74010100;LI;002428
2026-01-30;SBR14D;SBI AAA-BBB D;CH0027441929;Duration;CHF;;;;;7.12;1988;;;;117953499;CH1179534990;CH17953499=S;1.75 PACIFIC 22-29;200000000;102.9500000;1.3027778;0.827;3.156;208505556;208505556;;2022-06-01;2028-05-31;2025-05-02;2026-05-02;Maturity;2029-05-02;2029-05-02;100.0;100.0;3.34;Foreign Corporate;1.7500;AA;1.0000000;62510100;US;020984
2026-01-30;SBR14D;SBI AAA-BBB D;CH0027441929;Duration;CHF;;;;;7.12;1988;;;;142393159;CH1423931596;CH42393159=S;1.70 LANDESBK 25-33;200000000;102.9000000;1.3127778;1.277;6.784;208425556;208425556;;2025-05-02;2032-04-30;2025-04-22;2026-04-22;Maturity;2033-04-22;2033-04-22;100.0;100.0;7.31;Domestic Non Government;1.7000;A;1.0000000;74010100;LI;002428
2026-01-30;SBR14D;SBI AAA-BBB D;CH0027441929;Duration;CHF;;;;;7.12;1988;;;;131034631;CH1310346312;CH31034631=S;1.35 ZH 24-45;200000000;103.0500000;1.1475000;1.171;16.855;208395000;208395000;;2024-04-02;2044-03-31;2025-03-24;2026-03-24;Maturity;2045-03-24;2045-03-24;100.0;100.0;19.23;Domestic Non Government;1.3500;AAA;1.0000000;53015100;CH;001146
2026-01-30;SBR14D;SBI AAA-BBB D;CH0027441929;Duration;CHF;;;;;7.12;1988;;;;143539917;CH1435399170;CH43539917=S;1.15 KT TI 25-36;200000000;103.2000000;0.9295833;0.821;9.600;208259167;208259167;;2025-04-15;2035-04-30;2025-04-09;2026-04-09;Maturity;2036-04-09;2036-04-09;100.0;100.0;10.27;Domestic Non Government;1.1500;AA;1.0000000;52515100;CH;001111
2026-01-30;SBR14D;SBI AAA-BBB D;CH0027441929;Duration;CHF;;;;;7.12;1988;;;;112905379;CH1129053794;CH12905379=S;0.125 WKB 21-33;220000000;94.6000000;0.0468750;0.860;7.589;208223125;208223125;;2021-10-01;2032-09-30;2025-09-15;2026-09-15;Maturity;2033-09-15;2033-09-15;100.0;100.0;7.71;Domestic Non Government;0.1250;AA;1.0000000;52510100;CH;001215
2026-01-30;SBR14D;SBI AAA-BBB D;CH0027441929;Duration;CHF;;;;;7.12;1988;;;;134103500;CH1341035009;CH34103500=S;1.502 SLH 24-30;200000000;102.9000000;1.1435694;0.762;3.860;208087139;208087139;;2024-05-02;2029-01-31;2025-04-26;2026-04-26;Next Call;2030-01-26;2030-04-26;100.0;100.0;4.07;Domestic Non Government;1.5025;A;1.0000000;74020100;CH;011974
2026-01-30;SBR14D;SBI AAA-BBB D;CH0027441929;Duration;CHF;;;;;7.12;1988;;;;21492587;CH0214925874;CH21492587=S;1.50 KT BL 13-28;200000000;103.1500000;0.8916667;0.186;2.362;208083333;208083333;;2013-07-01;2027-06-30;2025-06-26;2026-06-26;Maturity;2028-06-26;2028-06-26;100.0;100.0;2.49;Domestic Non Government;1.5000;AAA;1.0000000;52515100;CH;001096
2026-01-30;SBR14D;SBI AAA-BBB D;CH0027441929;Duration;CHF;;;;;7.12;1988;;;;118921792;CH1189217925;CH18921792=S;1.40 ZKB 22-29;200000000;103.2500000;0.7194444;0.458;3.406;207938889;207938889;;2022-08-02;2028-07-31;2025-07-25;2026-07-25;Maturity;2029-07-25;2029-07-25;100.0;100.0;3.57;Domestic Non Government;1.4000;AAA;1.0000000;52510100;CH;000210
2026-01-30;SBR14D;SBI AAA-BBB D;CH0027441929;Duration;CHF;;;;;7.12;1988;;;;129448632;CH1294486324;CH29448632=S;2.382 SCOTIA 23-27;200000000;103.0500000;0.8471111;0.514;1.622;207794222;207794222;;2023-10-02;2026-09-30;2025-09-22;2026-09-22;Maturity;2027-09-22;2027-09-22;100.0;100.0;1.73;Foreign Corporate;2.3825;A;1.0000000;74010100;CA;002748
2026-01-30;SBR14D;SBI AAA-BBB D;CH0027441929;Duration;CHF;;;;;7.12;1988;;;;123075955;CH1230759552;CH23075955=S;2.445 RY 23-28;200000000;103.8500000;0.0339583;0.492;1.963;207767917;207767917;;2023-02-01;2027-01-29;2026-01-25;2027-01-25;Maturity;2028-01-25;2028-01-25;100.0;100.0;2.07;Foreign Corporate;2.4450;A;1.0000000;74010100;CA;003105
2026-01-30;SBR14D;SBI AAA-BBB D;CH0027441929;Duration;CHF;;;;;7.12;1988;;;;59108425;CH0591084253;CH59108425=S;0.57 RAI 20-31;210000000;98.9000000;0.0237500;0.797;4.902;207739875;207739875;;2021-02-01;2029-01-31;2026-01-15;2027-01-15;Maturity;2030-01-15;2031-01-15;100.0;100.0;4.04;Domestic Non Government;0.5700;A;1.0000000;74010100;CH;017757
2026-01-30;SBR14D;SBI AAA-BBB D;CH0027441929;Duration;CHF;;;;;7.12;1988;;;;124393359;CH1243933590;CH24393359=S;2.427 CAF 23-30;190000000;106.9500000;2.3263542;0.678;3.821;207625073;207625073;;2023-03-01;2029-02-28;2025-02-15;2026-02-15;Maturity;2030-02-15;2030-02-15;100.0;100.0;4.12;Foreign Supranational;2.4275;AA;1.0000000;51515100;US;018772
2026-01-30;SBR14D;SBI AAA-BBB D;CH0027441929;Duration;CHF;;;;;7.12;1988;;;;19941999;CH0199419992;CH19941999=S;1.375 GENF 12-29;200000000;103.5000000;0.2711806;0.445;3.724;207542361;207542361;;2012-11-21;2028-11-30;2025-11-19;2026-11-19;Maturity;2029-11-19;2029-11-19;100.0;100.0;3.88;Domestic Non Government;1.3750;AA;1.0000000;53015100;CH;001131
2026-01-30;SBR14D;SBI AAA-BBB D;CH0027441929;Duration;CHF;;;;;7.12;1988;;;;134861412;CH1348614129;CH34861412=S;1.65 SIKA 24-29;200000000;103.4000000;0.2841667;0.685;3.495;207368333;207368333;;2024-06-03;2028-08-31;2025-11-28;2026-11-28;Next Call;2029-08-28;2029-11-28;100.0;100.0;3.66;Domestic Non Government;1.6500;A;1.0000000;71510100;CH;001287
2026-01-30;SBR14D;SBI AAA-BBB D;CH0027441929;Duration;CHF;;;;;7.12;1988;;;;129180990;CH1291809908;CH29180990=S;2.30 EDF 23-27;200000000;102.8000000;0.8688889;0.560;1.600;207337778;207337778;;2023-10-02;2026-09-30;2025-09-14;2026-09-14;Maturity;2027-09-14;2027-09-14;100.0;100.0;1.70;Foreign Corporate;2.3000;BBB;1.0000000;75510100;FR;001699
2026-01-30;SBR14D;SBI AAA-BBB D;CH0027441929;Duration;CHF;;;;;7.12;1988;;;;138001119;CH1380011192;CH38001119=S;1.5 BKW 24-34;200000000;103.1500000;0.4250000;1.119;8.213;207150000;207150000;;2024-11-01;2033-10-31;2025-10-18;2026-10-18;Maturity;2034-10-18;2034-10-18;100.0;100.0;8.80;Domestic Non Government;1.5000;A;1.0000000;75510100;CH;019547
2026-01-30;SBR14D;SBI AAA-BBB D;CH0027441929;Duration;CHF;;;;;7.12;1988;;;;133111350;CH1331113501;CH33111350=S;2.375 CLA 24-27;200000000;101.5800000;1.9791667;1.005;1.144;207118333;207118333;;2024-04-02;2026-03-31;2025-03-30;2026-03-30;Maturity;2027-03-30;2027-03-30;100.0;100.0;1.25;Domestic Non Government;2.3750;BBB;1.0000000;71510100;CH;010039
2026-01-30;SBR14D;SBI AAA-BBB D;CH0027441929;Duration;CHF;;;;;7.12;1988;;;;137795561;CH1377955617;CH37795561=S;1.545 FISCHER 25-33;200000000;102.5500000;1.0042500;1.180;6.944;207108500;207108500;;2025-07-01;2032-06-30;2025-06-06;2026-06-06;Maturity;2033-06-06;2033-06-06;100.0;100.0;7.43;Domestic Non Government;1.5450;BBB;1.0000000;72010100;CH;001386
2026-01-30;SBR14D;SBI AAA-BBB D;CH0027441929;Duration;CHF;;;;;7.12;1988;;;;129087102;CH1290871024;CH29087102=S;1.512 RATP 24-36;200000000;102.0000000;1.3612500;1.300;9.326;206722500;206722500;;2024-04-02;2035-03-30;2025-03-06;2026-03-06;Maturity;2036-03-06;2036-03-06;100.0;100.0;10.18;Foreign Corporate;1.5125;A;1.0000000;52010100;FR;010255
2026-01-30;SBR14D;SBI AAA-BBB D;CH0027441929;Duration;CHF;;;;;7.12;1988;;;;120969755;CH1209697551;CH20969755=S;1.25 TG KB 22-29;200000000;102.7500000;0.5243056;0.473;3.508;206548611;206548611;;2022-09-01;2028-08-31;2025-08-29;2026-08-29;Maturity;2029-08-29;2029-08-29;100.0;100.0;3.66;Domestic Non Government;1.2500;AA;1.0000000;52510100;CH;000108
2026-01-30;SBR14D;SBI AAA-BBB D;CH0027441929;Duration;CHF;;;;;7.12;1988;;;;119106625;CH1191066252;CH19106625=S;2 KW LEI 22-27;200000000;102.0200000;1.2500000;0.521;1.356;206540000;206540000;;2022-07-01;2026-06-30;2025-06-15;2026-06-15;Maturity;2027-06-15;2027-06-15;100.0;100.0;1.46;Domestic Non Government;2.0000;BBB;1.0000000;75510100;CH;001321
2026-01-30;SBR14D;SBI AAA-BBB D;CH0027441929;Duration;CHF;;;;;7.12;1988;;;;131494140;CH1314941407;CH31494140=S;1.778 KHFC 24-27;200000000;101.4500000;1.7730611;0.327;0.986;206446122;206446122;;2024-03-01;2026-02-27;2025-02-01;2026-02-01;Maturity;2027-02-01;2027-02-01;100.0;100.0;1.08;Foreign Corporate;1.7780;AAA;1.0000000;61510100;KR;021049
2026-01-30;SBR14D;SBI AAA-BBB D;CH0027441929;Duration;CHF;;;;;7.12;1988;;;;139999995;CH1399999957;CH39999995=S;0.722 MFP 25-35;205000000;100.0000000;0.7005206;0.723;8.716;206436067;206436067;;2025-03-03;2034-02-28;2025-02-11;2026-02-12;Maturity;2035-02-12;2035-02-12;100.0;100.0;9.11;Foreign Government;0.7226;AA;1.0000000;52015100;FI;016793
2026-01-30;SBR14D;SBI AAA-BBB D;CH0027441929;Duration;CHF;;;;;7.12;1988;;;;137390455;CH1373904551;CH37390455=S;1.3 LINDT 24-34;200000000;102.8000000;0.4116667;0.962;8.243;206423333;206423333;;2024-11-01;2033-10-31;2025-10-06;2026-10-06;Maturity;2034-10-06;2034-10-06;100.0;100.0;8.76;Domestic Non Government;1.3000;A;1.0000000;73015100;CH;001383
2026-01-30;SBR14D;SBI AAA-BBB D;CH0027441929;Duration;CHF;;;;;7.12;1988;;;;129099132;CH1290991327;CH29099132=S;1.125 BL KB 24-34;200000000;102.6500000;0.4718750;0.804;8.197;206243750;206243750;;2024-09-02;2033-08-31;2025-08-29;2026-08-29;Maturity;2034-08-29;2034-08-29;100.0;100.0;8.66;Domestic Non Government;1.1250;AA;1.0000000;52510100;CH;000414
2026-01-30;SBR14D;SBI AAA-BBB D;CH0027441929;Duration;CHF;;;;;7.12;1988;;;;138001129;CH1380011291;CH38001129=S;1.35 EMMI 24-30;200000000;102.6500000;0.3375000;0.749;4.384;205975000;205975000;;2024-11-01;2029-07-31;2025-10-30;2026-10-30;Next Call;2030-07-30;2030-10-30;100.0;100.0;4.58;Domestic Non Government;1.3500;A;1.0000000;73015100;CH;019454
2026-01-30;SBR14D;SBI AAA-BBB D;CH0027441929;Duration;CHF;;;;;7.12;1988;;;;117953498;CH1179534982;CH17953498=S;1.375 NYL 22-28;200000000;101.9500000;1.0159722;0.505;2.221;205931944;205931944;;2022-06-01;2027-05-31;2025-05-04;2026-05-04;Maturity;2028-05-04;2028-05-04;100.0;100.0;2.34;Foreign Corporate;1.3750;AA;1.0000000;62510100;US;011557
2026-01-30;SBR14D;SBI AAA-BBB D;CH0027441929;Duration;CHF;;;;;7.12;1988;;;;122463018;CH1224630181;CH22463018=S;1.375 VON 25-30;200000000;101.8500000;1.1114583;0.923;4.060;205922917;205922917;;2025-05-02;2029-04-30;2025-04-09;2026-04-09;Maturity;2030-04-09;2030-04-09;100.0;100.0;4.27;Domestic Non Government;1.3750;A;1.0000000;74015100;CH;001882
2026-01-30;SBR14D;SBI AAA-BBB D;CH0027441929;Duration;CHF;;;;;7.12;1988;;;;119400031;CH1194000316;CH19400031=S;1.81 NORDEA 22-27;200000000;101.8200000;1.1312500;0.478;1.357;205902500;205902500;;2022-07-01;2026-06-30;2025-06-15;2026-06-15;Maturity;2027-06-15;2027-06-15;100.0;100.0;1.46;Foreign Corporate;1.8100;A;1.0000000;74010100;FI;020756
2026-01-30;SBR14D;SBI AAA-BBB D;CH0027441929;Duration;CHF;;;;;7.12;1988;;;;145081023;CH1450810234;CH45081023=S;1.397 EDTDPM 25-33;205000000;99.9000000;0.4386597;1.411;7.310;205694252;205694252;;2025-11-03;2032-10-29;2025-10-07;2026-10-07;Maturity;2033-10-07;2033-10-07;100.0;100.0;7.77;Foreign Government;1.3975;A;1.0000000;52015100;CL;021215
2026-01-30;SBR14D;SBI AAA-BBB D;CH0027441929;Duration;CHF;;;;;7.12;1988;;;;134431674;CH1344316745;CH34431674=S;1.375 NESTLE 24-28;200000000;102.5000000;0.2291667;0.484;2.793;205458333;205458333;;2024-06-03;2027-11-30;2025-11-30;2026-11-30;Maturity;2028-11-30;2028-11-30;100.0;100.0;2.91;Domestic Non Government;1.3750;AA;1.0000000;73015100;CH;021262
2026-01-30;SBR14D;SBI AAA-BBB D;CH0027441929;Duration;CHF;;;;;7.12;1988;;;;140598789;CH1405987897;CH40598789=S;1.30 FR KB 25-40;200000000;101.7500000;0.9677778;1.166;12.995;205435556;205435556;;2025-05-02;2039-05-31;2025-05-02;2026-05-02;Maturity;2040-05-02;2040-05-02;100.0;100.0;14.34;Domestic Non Government;1.3000;AA;1.0000000;52510100;CH;002995
2026-01-30;SBR14D;SBI AAA-BBB D;CH0027441929;Duration;CHF;;;;;7.12;1988;;;;137390449;CH1373904494;CH37390449=S;1.35 COOP 24-30;200000000;102.2500000;0.4612500;0.855;4.529;205422500;205422500;;2024-10-01;2029-09-28;2025-09-27;2026-09-27;Maturity;2030-09-27;2030-09-27;100.0;100.0;4.74;Domestic Non Government;1.3500;BBB;1.0000000;73010100;CH;019998
2026-01-30;SBR14D;SBI AAA-BBB D;CH0027441929;Duration;CHF;;;;;7.12;1988;;;;142303687;CH1423036875;CH42303687=S;1.35 SIKA 25-35;200000000;101.5500000;1.1475000;1.166;8.351;205395000;205395000;;2025-04-01;2033-12-30;2025-03-24;2026-03-22;Next Call;2034-12-22;2035-03-22;100.0;100.0;8.97;Domestic Non Government;1.3500;A;1.0000000;71510100;CH;001287
2026-01-30;SBR14D;SBI AAA-BBB D;CH0027441929;Duration;CHF;;;;;7.12;1988;;;;20699227;CH0206992270;CH20699227=S;1.50 TG KB 13-27;200000000;101.3300000;1.3583333;0.281;1.080;205376667;205376667;;2013-04-02;2026-03-31;2025-03-04;2026-03-04;Maturity;2027-03-04;2027-03-04;100.0;100.0;1.18;Domestic Non Government;1.5000;AA;1.0000000;52510100;CH;000108
2026-01-30;SBR14D;SBI AAA-BBB D;CH0027441929;Duration;CHF;;;;;7.12;1988;;;;116038297;CH1160382979;CH16038297=S;1.285 MACGLI 22-29;200000000;102.1500000;0.4961528;0.680;3.539;205292306;205292306;;2022-04-01;2028-09-29;2025-09-11;2026-09-11;Maturity;2029-09-11;2029-09-11;100.0;100.0;3.69;Foreign Corporate;1.2850;A;1.0000000;74015100;AU;020966
2026-01-30;SBR14D;SBI AAA-BBB D;CH0027441929;Duration;CHF;;;;;7.12;1988;;;;137693154;CH1376931544;CH37693154=S;1.4 BMWIBV 24-32;200000000;102.2000000;0.4355556;1.057;6.409;205271111;205271111;;2024-11-01;2031-10-31;2025-10-08;2026-10-08;Maturity;2032-10-08;2032-10-08;100.0;100.0;6.77;Foreign Corporate;1.4000;A;1.0000000;72510100;NL;020781
2026-01-30;SBR14D;SBI AAA-BBB D;CH0027441929;Duration;CHF;;;;;7.12;1988;;;;119321310;CH1193213100;CH19321310=S;1.40 KT BS 22-27;200000000;102.3500000;0.2566667;0.104;1.803;205213333;205213333;;2022-12-01;2026-11-30;2025-11-24;2026-11-24;Maturity;2027-11-24;2027-11-24;100.0;100.0;1.90;Domestic Non Government;1.4000;AAA;1.0000000;52515100;CH;001102
2026-01-30;SBR14D;SBI AAA-BBB D;CH0027441929;Duration;CHF;;;;;7.12;1988;;;;18590708;CH0185907083;CH18590708=S;1.375 MFP 12-27;200000000;101.6900000;0.8861111;0.126;1.342;205152222;205152222;;2012-07-02;2026-06-30;2025-06-08;2026-06-08;Maturity;2027-06-08;2027-06-08;100.0;100.0;1.44;Foreign Government;1.3750;AA;1.0000000;52015100;FI;010341
2026-01-30;SBR14D;SBI AAA-BBB D;CH0027441929;Duration;CHF;;;;;7.12;1988;;;;117953495;CH1179534958;CH17953495=S;0.967 CIBC 22-29;200000000;101.8000000;0.7363750;0.407;3.182;205072750;205072750;;2022-05-02;2028-04-28;2025-04-26;2026-04-26;Maturity;2029-04-26;2029-04-26;100.0;100.0;3.32;Foreign Corporate;0.9675;AAA;1.0000000;61515100;CA;002681
2026-01-30;SBR14D;SBI AAA-BBB D;CH0027441929;Duration;CHF;;;;;7.12;1988;;;;41904158;CH0419041584;CH41904158=S;0.10 SG KB 19-41;240000000;85.3000000;0.0305556;1.127;15.562;204793333;204793333;;2019-11-01;2040-10-31;2025-10-10;2026-10-10;Maturity;2041-10-10;2041-10-10;100.0;100.0;15.78;Domestic Non Government;0.1000;AA;1.0000000;52510100;CH;000371
2026-01-30;SBR14D;SBI AAA-BBB D;CH0027441929;Duration;CHF;;;;;7.12;1988;;;;117953493;CH1179534933;CH17953493=S;1.05 SONOVA 22-29;200000000;101.4000000;0.9945833;0.586;2.992;204789167;204789167;;2022-06-01;2028-02-29;2025-02-19;2026-02-19;Maturity;2029-02-19;2029-02-19;100.0;100.0;3.13;Domestic Non Government;1.0500;A;1.0000000;73510100;CH;018470
2026-01-30;SBR14D;SBI AAA-BBB D;CH0027441929;Duration;CHF;;;;;7.12;1988;;;;14380834;CH0143808340;CH14380834=S;1.25 KT BE 12-27;200000000;101.3100000;1.0416667;0.126;1.154;204703333;204703333;;2012-04-02;2026-03-31;2025-03-30;2026-03-30;Maturity;2027-03-30;2027-03-30;100.0;100.0;1.25;Domestic Non Government;1.2500;AA;1.0000000;52515100;CH;001103
2026-01-30;SBR14D;SBI AAA-BBB D;CH0027441929;Duration;CHF;;;;;7.12;1988;;;;144645235;CH1446452356;CH44645235=S;1.375 DORMFI 25-30;200000000;101.4000000;0.8479167;1.027;4.014;204495833;204495833;;2025-07-01;2029-03-29;2025-06-18;2026-06-18;Next Call;2030-03-18;2030-06-18;100.0;100.0;4.21;Domestic Non Government;1.3750;BBB;1.0000000;72010100;CH;020622
2026-01-30;SBR14D;SBI AAA-BBB D;CH0027441929;Duration;CHF;;;;;7.12;1988;;;;141230291;CH1412302916;CH41230291=S;1.322 BANSAN 25-33;200000000;102.2000000;0.0073472;0.995;6.730;204414694;204414694;;2025-02-03;2032-01-30;2026-01-28;2027-01-28;Maturity;2033-01-28;2033-01-28;100.0;100.0;7.08;Foreign Corporate;1.3225;A;1.0000000;74010100;ES;020586
2026-01-30;SBR14D;SBI AAA-BBB D;CH0027441929;Duration;CHF;;;;;7.12;1988;;;;19339553;CH0193395537;CH19339553=S;1.25 KT NE 12-27;200000000;101.7500000;0.4375000;0.187;1.638;204375000;204375000;;2012-10-01;2026-09-30;2025-09-24;2026-09-24;Maturity;2027-09-24;2027-09-24;100.0;100.0;1.73;Domestic Non Government;1.2500;AA;1.0000000;52515100;CH;001108
2026-01-30;SBR14D;SBI AAA-BBB D;CH0027441929;Duration;CHF;;;;;7.12;1988;;;;130591677;CH1305916772;CH30591677=S;1.75 ROK 23-33;190000000;106.9000000;0.6562500;0.813;7.179;204356875;204356875;;2023-12-19;2032-09-30;2025-09-15;2026-09-15;Maturity;2033-09-15;2033-09-15;100.0;100.0;7.71;Domestic Non Government;1.7500;AA;1.0000000;73515100;CH;010368
2026-01-30;SBR14D;SBI AAA-BBB D;CH0027441929;Duration;CHF;;;;;7.12;1988;;;;135785273;CH1357852735;CH35785273=S;1.49 QENSOL 24-27;200000000;101.4000000;0.7201667;0.560;1.502;204240333;204240333;;2024-09-02;2026-08-31;2025-08-06;2026-08-06;Maturity;2027-08-06;2027-08-06;100.0;100.0;1.60;Foreign Corporate;1.4900;AA;1.0000000;52010100;DE;021195
2026-01-30;SBR14D;SBI AAA-BBB D;CH0027441929;Duration;CHF;;;;;7.12;1988;;;;28285787;CH0282857876;CH28285787=S;0.75 KT BL 15-32;200000000;101.6500000;0.4500000;0.487;6.247;204200000;204200000;;2015-07-01;2031-06-30;2025-06-24;2026-06-24;Maturity;2032-06-24;2032-06-24;100.0;100.0;6.48;Domestic Non Government;0.7500;AAA;1.0000000;52515100;CH;001096
2026-01-30;SBR14D;SBI AAA-BBB D;CH0027441929;Duration;CHF;;;;;7.12;1988;;;;19977323;CH0199773232;CH19977323=S;1.125 KT SO 12-27;200000000;101.8000000;0.1906250;0.140;1.820;203981250;203981250;;2012-12-03;2026-11-30;2025-11-29;2026-11-29;Maturity;2027-11-29;2027-11-29;100.0;100.0;1.91;Domestic Non Government;1.1250;AAA;1.0000000;52515100;CH;001110
2026-01-30;SBR14D;SBI AAA-BBB D;CH0027441929;Duration;CHF;;;;;7.12;1988;;;;140006461;CH1400064619;CH40006461=S;1.135 SLH 25-30;200000000;101.4000000;0.5675000;0.799;4.151;203935000;203935000;;2025-02-03;2029-04-30;2025-07-31;2026-07-31;Next Call;2030-04-30;2030-07-31;100.0;100.0;4.33;Domestic Non Government;1.1350;A;1.0000000;74020100;CH;011974
2026-01-30;SBR14D;SBI AAA-BBB D;CH0027441929;Duration;CHF;;;;;7.12;1988;;;;128099431;CH1280994315;CH28099431=S;3.012 AMAG 23-29;190000000;106.0500000;1.2217361;1.278;3.429;203816299;203816299;;2023-10-02;2028-09-29;2025-09-04;2026-09-04;Maturity;2029-09-04;2029-09-04;100.0;100.0;3.67;Domestic Non Government;3.0125;BBB;1.0000000;74015100;CH;020626
2026-01-30;SBR14D;SBI AAA-BBB D;CH0027441929;Duration;CHF;;;;;7.12;1988;;;;25421223;CH0254212233;CH25421223=S;1 KT ZH 14-27;200000000;101.5500000;0.3166667;0.078;1.674;203733333;203733333;;2014-11-03;2026-10-30;2025-10-06;2026-10-06;Maturity;2027-10-06;2027-10-06;100.0;100.0;1.76;Domestic Non Government;1.0000;AAA;1.0000000;52515100;CH;001116
2026-01-30;SBR14D;SBI AAA-BBB D;CH0027441929;Duration;CHF;;;;;7.12;1988;;;;140598788;CH1405987889;CH40598788=S;1.125 PB S768 25-45;200000000;100.8000000;1.0531250;1.078;17.095;203706250;203706250;;2025-02-03;2044-02-29;2025-02-23;2026-02-23;Maturity;2045-02-23;2045-02-23;100.0;100.0;19.14;Swiss Pfandbrief;1.1250;AAA;1.0000000;61010100;CH;001205
2026-01-30;SBR14D;SBI AAA-BBB D;CH0027441929;Duration;CHF;;;;;7.12;1988;;;;132503706;CH1325037062;CH32503706=S;0.70 KT BS 24-30;200000000;101.5500000;0.2800000;0.360;4.532;203660000;203660000;;2024-09-17;2029-09-28;2025-09-06;2026-09-06;Maturity;2030-09-06;2030-09-06;100.0;100.0;4.68;Domestic Non Government;0.7000;AAA;1.0000000;52515100;CH;001102
2026-01-30;SBR14D;SBI AAA-BBB D;CH0027441929;Duration;CHF;;;;;7.12;1988;;;;20889759;CH0208897592;CH20889759=S;1.65 ZG KB 13-38;188000000;106.9500000;1.3658333;1.039;11.030;203633767;203633767;;2013-05-02;2037-04-30;2025-04-02;2026-04-02;Maturity;2038-04-02;2038-04-02;100.0;100.0;12.25;Domestic Non Government;1.6500;AAA;1.0000000;52510100;CH;000155
2026-01-30;SBR14D;SBI AAA-BBB D;CH0027441929;Duration;CHF;;;;;7.12;1988;;;;37347663;CH0373476636;CH37347663=S;1.05 FISCHER 18-28;200000000;101.0000000;0.8166667;0.595;2.191;203633333;203633333;;2018-05-02;2027-04-30;2025-04-20;2026-04-20;Maturity;2028-04-20;2028-04-20;100.0;100.0;2.30;Domestic Non Government;1.0500;BBB;1.0000000;72010100;CH;001386
2026-01-30;SBR14D;SBI AAA-BBB D;CH0027441929;Duration;CHF;;;;;7.12;1988;;;;47129799;CH0471297991;CH47129799=S;0.25 MHB 19-30;205000000;99.1000000;0.1805556;0.463;4.253;203525139;203525139;;2019-06-03;2029-05-31;2025-05-10;2026-05-10;Maturity;2030-05-10;2030-05-10;100.0;100.0;4.36;Foreign Corporate;0.2500;AAA;1.0000000;61010100;DE;010705
2026-01-30;SBR14D;SBI AAA-BBB D;CH0027441929;Duration;CHF;;;;;7.12;1988;;;;48526090;CH0485260902;CH48526090=S;0.10 FR KB 19-44;255000000;79.7500000;0.0247222;1.327;18.555;203425542;203425542;;2020-02-03;2043-11-30;2025-11-01;2026-11-01;Maturity;2044-11-01;2044-11-01;100.0;100.0;18.83;Domestic Non Government;0.1000;AA;1.0000000;52510100;CH;002995
2026-01-30;SBR14D;SBI AAA-BBB D;CH0027441929;Duration;CHF;;;;;7.12;1988;;;;39863354;CH0398633542;CH39863354=S;1 ZVG 18-28;200000000;101.4500000;0.2500000;0.416;2.476;203400000;203400000;;2018-11-01;2027-07-30;2025-10-30;2026-10-30;Next Call;2028-07-30;2028-10-30;100.0;100.0;2.58;Domestic Non Government;1.0000;AA;1.0000000;74020100;CH;011691
2026-01-30;SBR14D;SBI AAA-BBB D;CH0027441929;Duration;CHF;;;;;7.12;1988;;;;147843079;CH1478430791;CH47843079=S;2.05 BOBST 25-30;200000000;100.9500000;0.6833333;1.835;4.471;203266667;203266667;;2025-10-01;2029-09-28;2025-09-30;2026-09-30;Maturity;2030-09-30;2030-09-30;100.0;100.0;4.75;Domestic Non Government;2.0500;BBB;1.0000000;72010100;CH;011720
2026-01-30;SBR14D;SBI AAA-BBB D;CH0027441929;Duration;CHF;;;;;7.12;1988;;;;23764996;CH0237649964;CH23764996=S;2.125 PB S589 14-44;170000000;117.6300000;1.9302083;1.050;15.227;203252354;203252354;;2014-03-19;2043-03-31;2025-03-03;2026-03-03;Maturity;2044-03-03;2044-03-03;100.0;100.0;18.17;Swiss Pfandbrief;2.1250;AAA;1.0000000;61010100;CH;001205
2026-01-30;SBR14D;SBI AAA-BBB D;CH0027441929;Duration;CHF;;;;;7.12;1988;;;;145418588;CH1454185880;CH45418588=S;1.315 BAL 25-35;200000000;100.9000000;0.7086389;1.214;8.900;203217278;203217278;;2025-08-04;2034-04-28;2025-07-16;2026-07-16;Maturity;2035-04-16;2035-07-16;100.0;100.0;9.29;Domestic Non Government;1.3150;A;1.0000000;74020100;CH;021282
2026-01-30;SBR14D;SBI AAA-BBB D;CH0027441929;Duration;CHF;;;;;7.12;1988;;;;139784681;CH1397846812;CH39784681=S;0.85 SHKB 24-29;200000000;101.4500000;0.1180556;0.470;3.811;203136111;203136111;;2025-01-03;2028-12-29;2025-12-10;2026-12-10;Maturity;2029-12-10;2029-12-10;100.0;100.0;3.94;Domestic Non Government;0.8500;AAA;1.0000000;52510100;CH;002998
2026-01-30;SBR14D;SBI AAA-BBB D;CH0027441929;Duration;CHF;;;;;7.12;1988;;;;53689323;CH0536893230;CH53689323=S;0.95 FISCHER 20-30;200000000;100.7500000;0.8048611;0.766;4.060;203109722;203109722;;2020-10-01;2029-03-30;2025-03-25;2026-03-25;Maturity;2030-03-25;2030-03-25;100.0;100.0;4.23;Domestic Non Government;0.9500;BBB;1.0000000;72010100;CH;001386
2026-01-30;SBR14D;SBI AAA-BBB D;CH0027441929;Duration;CHF;;;;;7.12;1988;;;;145340263;CH1453402633;CH45340263=S;0.95 GR KB 25-35;200000000;100.9500000;0.6016667;0.844;8.956;203103333;203103333;;2025-07-01;2034-06-30;2025-06-12;2026-06-12;Maturity;2035-06-12;2035-06-12;100.0;100.0;9.45;Domestic Non Government;0.9500;AA;1.0000000;52510100;CH;000346
2026-01-30;SBR14D;SBI AAA-BBB D;CH0027441929;Duration;CHF;;;;;7.12;1988;;;;137795560;CH1377955609;CH37795560=S;1.03 FISCHER 25-29;200000000;100.8500000;0.6695000;0.772;3.290;203039000;203039000;;2025-07-01;2028-06-30;2025-06-06;2026-06-06;Maturity;2029-06-06;2029-06-06;100.0;100.0;3.43;Domestic Non Government;1.0300;BBB;1.0000000;72010100;CH;001386
2026-01-30;SBR14D;SBI AAA-BBB D;CH0027441929;Duration;CHF;;;;;7.12;1988;;;;147485711;CH1474857112;CH47485711=S;2 OCOER 25-30;200000000;100.6500000;0.8166667;1.850;4.400;202933333;202933333;;2025-10-01;2029-09-28;2025-09-03;2026-09-03;Maturity;2030-09-03;2030-09-03;100.0;100.0;4.67;Domestic Non Government;2.0000;BBB;1.0000000;72010100;CH;017729
2026-01-30;SBR14D;SBI AAA-BBB D;CH0027441929;Duration;CHF;;;;;7.12;1988;;;;126589094;CH1265890942;CH26589094=S;0.70 BKB 25-28;200000000;100.8500000;0.5833333;0.273;1.982;202866667;202866667;;2025-05-02;2027-01-29;2025-03-31;2026-01-31;Maturity;2028-01-31;2028-01-31;100.0;100.0;2.08;Domestic Non Government;0.7000;AA;1.0000000;52510100;CH;002929
2026-01-30;SBR14D;SBI AAA-BBB D;CH0027441929;Duration;CHF;;;;;7.12;1988;;;;119106624;CH1191066245;CH19106624=S;0.80 ASIA  22-27;200000000;100.9800000;0.4533333;0.115;1.425;202866667;202866667;;2022-08-02;2026-07-31;2025-07-06;2026-07-06;Maturity;2027-07-06;2027-07-06;100.0;100.0;1.51;Foreign Supranational;0.8000;AAA;1.0000000;51515100;PH;010846
2026-01-30;SBR14D;SBI AAA-BBB D;CH0027441929;Duration;CHF;;;;;7.12;1988;;;;141400352;CH1414003520;CH41400352=S;0.81 CDM 25-30;200000000;100.6000000;0.7492500;0.660;3.996;202698500;202698500;;2025-03-03;2029-02-28;2025-02-27;2026-02-27;Maturity;2030-02-27;2030-02-27;100.0;100.0;4.16;Foreign Government;0.8100;A;1.0000000;52015100;FR;015494
2026-01-30;SBR14D;SBI AAA-BBB D;CH0027441929;Duration;CHF;;;;;7.12;1988;;;;143324116;CH1433241168;CH43324116=S;0.9823 KUEHNE 25-31;200000000;101.0500000;0.2101031;0.788;5.405;202520206;202520206;;2025-06-02;2030-08-30;2025-11-13;2026-11-13;Next Call;2031-08-13;2031-11-13;100.0;100.0;5.62;Domestic Non Government;0.9823;A;1.0000000;72020100;CH;004005
2026-01-30;SBR14D;SBI AAA-BBB D;CH0027441929;Duration;CHF;;;;;7.12;1988;;;;139290366;CH1392903667;CH39290366=S;1.25 Bossard Group 24-29;200000000;100.9000000;0.2465278;1.007;3.730;202293056;202293056;;2025-01-03;2028-11-30;2025-11-19;2026-11-19;Maturity;2029-11-19;2029-11-19;100.0;100.0;3.88;Domestic Non Government;1.2500;BBB;1.0000000;72010100;CH;021221
2026-01-30;SBR14D;SBI AAA-BBB D;CH0027441929;Duration;CHF;;;;;7.12;1988;;;;28559737;CH0285597370;CH28559737=S;0.625 KOM KR 15-27;200000000;100.7200000;0.3489583;0.125;1.435;202137917;202137917;;2015-08-03;2026-07-31;2025-07-09;2026-07-09;Maturity;2027-07-09;2027-07-09;100.0;100.0;1.52;Foreign Government;0.6250;AAA;1.0000000;52015100;DK;010343
2026-01-30;SBR14D;SBI AAA-BBB D;CH0027441929;Duration;CHF;;;;;7.12;1988;;;;130022488;CH1300224883;CH30022488=S;2.107 MERBEN 23-29;190000000;105.7500000;0.6322500;0.534;3.582;202126275;202126275;;2023-11-01;2028-10-31;2025-10-12;2026-10-12;Maturity;2029-10-12;2029-10-12;100.0;100.0;3.78;Foreign Corporate;2.1075;A;1.0000000;72510100;NL;021007
2026-01-30;SBR14D;SBI AAA-BBB D;CH0027441929;Duration;CHF;;;;;7.12;1988;;;;41904079;CH0419040792;CH41904079=S;0.75 ZVG 19-27;200000000;100.8500000;0.2041667;0.174;1.472;202108333;202108333;;2019-02-01;2026-07-31;2025-10-22;2026-10-22;Next Call;2027-07-22;2027-10-22;100.0;100.0;1.56;Domestic Non Government;0.7500;AA;1.0000000;74020100;CH;011691
2026-01-30;SBR14D;SBI AAA-BBB D;CH0027441929;Duration;CHF;;;;;7.12;1988;;;;31941613;CH0319416134;CH31941613=S;0.50 BERN 16-36;210000000;95.6000000;0.4166667;0.956;9.889;201635000;201635000;;2016-04-01;2035-03-30;2025-03-31;2026-03-31;Maturity;2036-03-31;2036-03-31;100.0;100.0;10.25;Domestic Non Government;0.5000;AA;1.0000000;53015100;CH;001126
2026-01-30;SBR14D;SBI AAA-BBB D;CH0027441929;Duration;CHF;;;;;7.12;1988;;;;145239651;CH1452396513;CH45239651=S;1.40 KBLU 25-37;200000000;100.2500000;0.5172222;1.376;10.761;201534444;201534444;;2025-10-01;2031-09-30;2025-09-17;2026-09-17;Maturity;2032-09-17;2037-09-17;100.0;100.0;6.71;Domestic Non Government;1.4000;BBB;1.0000000;74010200;CH;000431
2026-01-30;SBR14D;SBI AAA-BBB D;CH0027441929;Duration;CHF;;;;;7.12;1988;;;;37961097;CH0379610972;CH37961097=S;0.60 BFCM 17-27;200000000;100.2500000;0.4916667;0.387;1.175;201483333;201483333;;2017-11-01;2026-04-30;2025-04-05;2026-04-05;Maturity;2027-04-05;2027-04-05;100.0;100.0;1.26;Foreign Corporate;0.6000;A;1.0000000;74010100;FR;012623
2026-01-30;SBR14D;SBI AAA-BBB D;CH0027441929;Duration;CHF;;;;;7.12;1988;;;;41904098;CH0419040982;CH41904098=S;0.50 SCM 19-29;200000000;100.2500000;0.4375000;0.419;3.095;201375000;201375000;;2019-04-01;2027-12-30;2025-03-15;2026-03-15;Maturity;2028-12-15;2029-03-15;100.0;100.0;2.96;Domestic Non Government;0.5000;A;1.0000000;75010100;CH;010711
2026-01-30;SBR14D;SBI AAA-BBB D;CH0027441929;Duration;CHF;;;;;7.12;1988;;;;110109653;CH1101096530;CH10109653=S;0.10 PZ S535 21-32;207000000;97.1900000;0.0680556;0.554;6.298;201324175;201324175;;2021-04-20;2031-05-30;2025-05-25;2026-05-25;Maturity;2032-05-25;2032-05-25;100.0;100.0;6.40;Swiss Pfandbrief;0.1000;AAA;1.0000000;61010100;CH;001211
2026-01-30;SBR14D;SBI AAA-BBB D;CH0027441929;Duration;CHF;;;;;7.12;1988;;;;143324115;CH1433241150;CH43324115=S;0.684 KUEHNE 25-28;200000000;100.5000000;0.1464711;0.486;2.519;201292942;201292942;;2025-06-02;2027-08-31;2025-11-13;2026-11-13;Next Call;2028-08-13;2028-11-13;100.0;100.0;2.62;Domestic Non Government;0.6848;A;1.0000000;72020100;CH;004005
2026-01-30;SBR14D;SBI AAA-BBB D;CH0027441929;Duration;CHF;;;;;7.12;1988;;;;28201898;CH0282018982;CH28201898=S;0.50 TCISA 15-27;200000000;100.2900000;0.3319444;0.282;1.331;201243889;201243889;;2015-07-01;2026-06-30;2025-06-01;2026-06-01;Maturity;2027-06-01;2027-06-01;100.0;100.0;1.42;Foreign Corporate;0.5000;A;1.0000000;71010100;FR;019719
2026-01-30;SBR14D;SBI AAA-BBB D;CH0027441929;Duration;CHF;;;;;7.12;1988;;;;26969793;CH0269697931;CH26969793=S;0.375 SHKB 15-27;200000000;100.2400000;0.3583333;0.145;1.041;201196667;201196667;;2015-03-02;2026-02-27;2025-02-16;2026-02-16;Maturity;2027-02-16;2027-02-16;100.0;100.0;1.12;Domestic Non Government;0.3750;AAA;1.0000000;52510100;CH;002998
2026-01-30;SBR14D;SBI AAA-BBB D;CH0027441929;Duration;CHF;;;;;7.12;1988;;;;147843070;CH1478430700;CH47843070=S;0.95 GEBM 25-33;200000000;100.2500000;0.3272222;0.916;7.397;201154444;201154444;;2025-10-01;2032-06-30;2025-09-26;2026-09-26;Maturity;2033-06-26;2033-09-26;100.0;100.0;7.49;Domestic Non Government;0.9500;A;1.0000000;72010100;CH;010824
2026-01-30;SBR14D;SBI AAA-BBB D;CH0027441929;Duration;CHF;;;;;7.12;1988;;;;57640216;CH0576402165;CH57640216=S;0.875 SULZER 20-27;200000000;100.4000000;0.1750000;0.650;1.791;201150000;201150000;;2020-12-01;2026-11-30;2025-11-18;2026-11-18;Maturity;2027-11-18;2027-11-18;100.0;100.0;1.88;Domestic Non Government;0.8750;BBB;1.0000000;72010100;CH;001421
2026-01-30;SBR14D;SBI AAA-BBB D;CH0027441929;Duration;CHF;;;;;7.12;1988;;;;39867892;CH0398678927;CH39867892=S;0.50 WBC 18-28;200000000;100.2000000;0.3527778;0.412;2.280;201105556;201105556;;2018-03-01;2027-05-31;2025-05-16;2026-05-16;Maturity;2028-05-16;2028-05-16;100.0;100.0;2.38;Foreign Corporate;0.5000;AA;1.0000000;74010100;AU;010386
2026-01-30;SBR14D;SBI AAA-BBB D;CH0027441929;Duration;CHF;;;;;7.12;1988;;;;131034624;CH1310346247;CH31034624=S;1.625 PB S749 24-38;185000000;108.5100000;0.1760417;0.922;11.773;201069177;201069177;;2024-02-01;2037-12-31;2025-12-21;2026-12-21;Maturity;2038-12-21;2038-12-21;100.0;100.0;12.97;Swiss Pfandbrief;1.6250;AAA;1.0000000;61010100;CH;001205
2026-01-30;SBR14D;SBI AAA-BBB D;CH0027441929;Duration;CHF;;;;;7.12;1988;;;;149462633;CH1494626331;CH49462633=S;1.65 CLA 25-30;200000000;100.1500000;0.2841667;1.617;4.668;200868333;200868333;;2025-12-01;2029-11-30;2025-11-28;2026-11-28;Maturity;2030-11-28;2030-11-28;100.0;100.0;4.91;Domestic Non Government;1.6500;BBB;1.0000000;71510100;CH;010039
2026-01-30;SBR14D;SBI AAA-BBB D;CH0027441929;Duration;CHF;;;;;7.12;1988;;;;114251233;CH1142512339;CH14251233=S;0.599 BCI 22-27;200000000;99.9500000;0.4562100;0.640;1.233;200812420;200812420;;2022-02-01;2026-04-30;2025-04-26;2026-04-26;Maturity;2027-04-26;2027-04-26;100.0;100.0;1.32;Foreign Corporate;0.5994;A;1.0000000;74010100;CL;020134
2026-01-30;SBR14D;SBI AAA-BBB D;CH0027441929;Duration;CHF;;;;;7.12;1988;;;;140547219;CH1405472197;CH40547219=S;1.0725 ZH 25-75;210000000;94.6500000;0.9712083;1.218;37.677;200804537;200804537;;2025-03-18;2074-03-30;2025-03-04;2026-03-04;Maturity;2075-03-04;2075-03-04;100.0;100.0;49.17;Domestic Non Government;1.0725;AAA;1.0000000;53015100;CH;001146
2026-01-30;SBR14D;SBI AAA-BBB D;CH0027441929;Duration;CHF;;;;;7.12;1988;;;;34708280;CH0347082809;CH34708280=S;0.30 FR KB 17-27;200000000;100.0900000;0.2858333;0.214;1.044;200751667;200751667;;2017-03-01;2026-02-27;2025-02-17;2026-02-17;Maturity;2027-02-17;2027-02-17;100.0;100.0;1.13;Domestic Non Government;0.3000;AA;1.0000000;52510100;CH;002995
2026-01-30;SBR14D;SBI AAA-BBB D;CH0027441929;Duration;CHF;;;;;7.12;1988;;;;147140377;CH1471403779;CH14714037=S;1.20 SCM 25-37;200000000;99.8500000;0.5166667;1.214;10.816;200733333;200733333;;2025-09-01;2036-05-30;2025-08-25;2026-08-25;Maturity;2037-05-25;2037-08-25;100.0;100.0;11.40;Domestic Non Government;1.2000;A;1.0000000;75010100;CH;010711
2026-01-30;SBR14D;SBI AAA-BBB D;CH0027441929;Duration;CHF;;;;;7.12;1988;;;;37926871;CH0379268714;CH37926871=S;0.50 COOP 17-27;200000000;100.1500000;0.1680556;0.409;1.659;200636111;200636111;;2017-10-02;2026-09-30;2025-09-29;2026-09-29;Maturity;2027-09-29;2027-09-29;100.0;100.0;1.74;Domestic Non Government;0.5000;BBB;1.0000000;73010100;CH;019998
2026-01-30;SBR14D;SBI AAA-BBB D;CH0027441929;Duration;CHF;;;;;7.12;1988;;;;34736603;CH0347366038;CH34736603=S;0.375 ZG KB 16-27;200000000;100.2500000;0.0468750;0.241;1.871;200593750;200593750;;2017-01-03;2026-12-30;2025-12-15;2026-12-15;Maturity;2027-12-15;2027-12-15;100.0;100.0;1.96;Domestic Non Government;0.3750;AAA;1.0000000;52510100;CH;000155
2026-01-30;SBR14D;SBI AAA-BBB D;CH0027441929;Duration;CHF;;;;;7.12;1988;;;;38787904;CH0387879049;CH38787904=S;0.50 KT GE 17-31;200000000;100.2000000;0.0861111;0.465;5.754;200572222;200572222;;2017-12-01;2030-11-29;2025-11-28;2026-11-28;Maturity;2031-11-28;2031-11-28;100.0;100.0;5.91;Domestic Non Government;0.5000;AA;1.0000000;52515100;CH;001105
2026-01-30;SBR14D;SBI AAA-BBB D;CH0027441929;Duration;CHF;;;;;7.12;1988;;;;31792166;CH0317921663;CH31792166=S;0.375 SCM 16-28;200000000;99.9500000;0.3125000;0.398;2.155;200525000;200525000;;2016-04-01;2027-03-31;2025-03-31;2026-03-31;Maturity;2028-03-31;2028-03-31;100.0;100.0;2.25;Domestic Non Government;0.3750;A;1.0000000;75010100;CH;010711
2026-01-30;SBR14D;SBI AAA-BBB D;CH0027441929;Duration;CHF;;;;;7.12;1988;;;;116018831;CH1160188319;CH16018831=S;0.292 NAB 22-28;200000000;99.9500000;0.2900625;0.318;2.000;200480125;200480125;;2022-03-01;2027-02-26;2025-02-03;2026-02-03;Maturity;2028-02-03;2028-02-03;100.0;100.0;2.09;Foreign Corporate;0.2925;AA;1.0000000;74010100;AU;001616
2026-01-30;SBR14D;SBI AAA-BBB D;CH0027441929;Duration;CHF;;;;;7.12;1988;;;;138091027;CH1380910278;CH38091027=S;0.95 KT BE 24-41;200000000;99.9500000;0.2506944;0.953;14.655;200401389;200401389;;2024-11-01;2040-10-31;2025-10-25;2026-10-25;Maturity;2041-10-25;2041-10-25;100.0;100.0;15.82;Domestic Non Government;0.9500;AA;1.0000000;52515100;CH;001103
2026-01-30;SBR14D;SBI AAA-BBB D;CH0027441929;Duration;CHF;;;;;7.12;1988;;;;114872821;CH1148728210;CH14872821=S;0.30 BAL 22-27;200000000;99.9000000;0.2866667;0.396;1.041;200373333;200373333;;2022-03-01;2026-02-27;2025-02-16;2026-02-16;Maturity;2027-02-16;2027-02-16;100.0;100.0;1.12;Domestic Non Government;0.3000;A;1.0000000;74020100;CH;021282
2026-01-30;SBR14D;SBI AAA-BBB D;CH0027441929;Duration;CHF;;;;;7.12;1988;;;;58194779;CH0581947790;CH58194779=S;0.50 ATHENE 21-27;200000000;100.1600000;0.0208333;0.332;0.958;200361667;200361667;;2021-02-01;2026-01-30;2026-01-15;2027-01-15;Maturity;2027-01-15;2027-01-15;100.0;100.0;1.04;Foreign Corporate;0.5000;A;1.0000000;62510100;US;020906
2026-01-30;SBR14D;SBI AAA-BBB D;CH0027441929;Duration;CHF;;;;;7.12;1988;;;;55499207;CH0554992070;CH55499207=S;0.262 KOROIL 20-27;200000000;100.0300000;0.1312500;0.242;1.497;200322500;200322500;;2020-08-03;2026-07-31;2025-07-30;2026-07-30;Maturity;2027-07-30;2027-07-30;100.0;100.0;1.58;Foreign Corporate;0.2625;AA;1.0000000;71010100;KR;019403
2026-01-30;SBR14D;SBI AAA-BBB D;CH0027441929;Duration;CHF;;;;;7.12;1988;;;;147843077;CH1478430775;CH47843077=S;1.2775 TELSTAR 25-37;200000000;99.7000000;0.4471250;1.305;10.850;200294250;200294250;;2025-10-01;2036-09-30;2025-09-24;2026-09-24;Maturity;2037-09-24;2037-09-24;100.0;100.0;11.73;Foreign Corporate;1.2775;A;1.0000000;75010100;AU;021267
2026-01-30;SBR14D;SBI AAA-BBB D;CH0027441929;Duration;CHF;;;;;7.12;1988;;;;34458378;CH0344583783;CH34458378=S;0.375 SCM 16-27;200000000;100.1000000;0.0468750;0.321;1.871;200293750;200293750;;2017-01-03;2026-12-30;2025-12-15;2026-12-15;Maturity;2027-12-15;2027-12-15;100.0;100.0;1.96;Domestic Non Government;0.3750;A;1.0000000;75010100;CH;010711
2026-01-30;SBR14D;SBI AAA-BBB D;CH0027441929;Duration;CHF;;;;;7.12;1988;;;;115488715;CH1154887157;CH15488715=S;0.602 LLOYBA 22-29;200000000;99.5500000;0.5874375;0.754;2.989;200274875;200274875;;2022-03-01;2027-02-26;2025-02-09;2026-02-09;Maturity;2028-02-09;2029-02-09;100.0;100.0;2.11;Foreign Corporate;0.6025;A;1.0000000;74010100;GB;020743
2026-01-30;SBR14D;SBI AAA-BBB D;CH0027441929;Duration;CHF;;;;;7.12;1988;;;;36817287;CH0368172877;CH36817287=S;0.30 TI KB 17-27;200000000;99.9400000;0.1875000;0.344;1.372;200255000;200255000;;2017-07-03;2026-06-30;2025-06-15;2026-06-15;Maturity;2027-06-15;2027-06-15;100.0;100.0;1.46;Domestic Non Government;0.3000;AA;1.0000000;52510100;CH;001220
2026-01-30;SBR14D;SBI AAA-BBB D;CH0027441929;Duration;CHF;;;;;7.12;1988;;;;148733209;CH1487332095;CH48733209=S;0.95 LANDESBK 25-32;200000000;99.9000000;0.2058333;0.965;6.589;200211667;200211667;;2025-12-01;2031-11-28;2025-11-12;2026-11-12;Maturity;2032-11-12;2032-11-12;100.0;100.0;6.86;Domestic Non Government;0.9500;AA;1.0000000;74010100;LI;002428
2026-01-30;SBR14D;SBI AAA-BBB D;CH0027441929;Duration;CHF;;;;;7.12;1988;;;;147843086;CH1478430866;CH47843086=S;0.875 BKW 25-31;200000000;99.8500000;0.2552083;0.902;5.580;200210417;200210417;;2025-11-03;2030-10-31;2025-10-15;2026-10-15;Maturity;2031-10-15;2031-10-15;100.0;100.0;5.79;Domestic Non Government;0.8750;A;1.0000000;75510100;CH;019547
2026-01-30;SBR14D;SBI AAA-BBB D;CH0027441929;Duration;CHF;;;;;7.12;1988;;;;31251264;CH0312512640;CH31251264=S;0.25 GR KB 16-28;200000000;99.8500000;0.2222222;0.321;2.104;200144444;200144444;;2016-04-01;2027-03-31;2025-03-10;2026-03-10;Maturity;2028-03-10;2028-03-10;100.0;100.0;2.19;Domestic Non Government;0.2500;AA;1.0000000;52510100;CH;000346
2026-01-30;SBR14D;SBI AAA-BBB D;CH0027441929;Duration;CHF;;;;;7.12;1988;;;;53876354;CH0538763548;CH53876354=S;0.125 EUF 20-27;200000000;99.9700000;0.0944444;0.149;1.243;200128889;200128889;;2020-05-04;2026-04-30;2025-04-28;2026-04-28;Maturity;2027-04-28;2027-04-28;100.0;100.0;1.32;Domestic Non Government;0.1250;AA;1.0000000;51515100;CH;002993
2026-01-30;SBR14D;SBI AAA-BBB D;CH0027441929;Duration;CHF;;;;;7.12;1988;;;;48217235;CH0482172357;CH48217235=S;0.125 NAB 19-27;200000000;99.9600000;0.0760417;0.154;1.390;200072083;200072083;;2019-07-01;2026-06-30;2025-06-21;2026-06-21;Maturity;2027-06-21;2027-06-21;100.0;100.0;1.47;Foreign Corporate;0.1250;AA;1.0000000;74010100;AU;001616
2026-01-30;SBR14D;SBI AAA-BBB D;CH0027441929;Duration;CHF;;;;;7.12;1988;;;;53527120;CH0535271206;CH53527120=S;0.155 RY 20-27;200000000;99.8500000;0.1265833;0.282;1.182;199953167;199953167;;2020-05-04;2026-04-30;2025-04-06;2026-04-06;Maturity;2027-04-06;2027-04-06;100.0;100.0;1.26;Foreign Corporate;0.1550;AAA;1.0000000;61515100;CA;003105
2026-01-30;SBR14D;SBI AAA-BBB D;CH0027441929;Duration;CHF;;;;;7.12;1988;;;;145239652;CH1452396521;CH45239652=S;0.45 KT BE 25-32;200000000;99.8000000;0.1575000;0.481;6.557;199915000;199915000;;2025-10-01;2031-09-30;2025-09-24;2026-09-24;Maturity;2032-09-24;2032-09-24;100.0;100.0;6.73;Domestic Non Government;0.4500;AA;1.0000000;52515100;CH;001103
2026-01-30;SBR14D;SBI AAA-BBB D;CH0027441929;Duration;CHF;;;;;7.12;1988;;;;37394503;CH0373945036;CH37394503=S;0.25 CAHL 17-27;200000000;99.8000000;0.1270833;0.385;1.489;199854167;199854167;;2017-08-02;2026-07-31;2025-07-27;2026-07-27;Maturity;2027-07-27;2027-07-27;100.0;100.0;1.57;Foreign Corporate;0.2500;AAA;1.0000000;61515100;FR;019224
2026-01-30;SBR14D;SBI AAA-BBB D;CH0027441929;Duration;CHF;;;;;7.12;1988;;;;110109661;CH1101096613;CH10109661=S;0.25 MOBN 21-27;200000000;99.6700000;0.2159722;0.542;1.134;199771944;199771944;;2021-06-01;2026-03-31;2025-03-19;2026-03-19;Maturity;2027-03-19;2027-03-19;100.0;100.0;1.22;Domestic Non Government;0.2500;BBB;1.0000000;76015100;CH;012643
2026-01-30;SBR14D;SBI AAA-BBB D;CH0027441929;Duration;CHF;;;;;7.12;1988;;;;114826625;CH1148266252;CH14826625=S;0.385 SCOTIA 22-29;200000000;99.5000000;0.3839306;0.553;2.980;199767861;199767861;;2022-03-01;2028-02-29;2025-02-01;2026-02-01;Maturity;2029-02-01;2029-02-01;100.0;100.0;3.08;Foreign Corporate;0.3850;A;1.0000000;74010100;CA;002748
2026-01-30;SBR14D;SBI AAA-BBB D;CH0027441929;Duration;CHF;;;;;7.12;1988;;;;126589108;CH1265891080;CH26589108=S;0 KT BS 25-27;200000000;99.8500000;0.0000000;0.083;1.819;199700000;199700000;;2025-12-01;2026-11-30;2025-11-25;2026-11-25;Maturity;2027-11-25;2027-11-25;100.0;100.0;1.90;Domestic Non Government;0.0000;AAA;1.0000000;52515100;CH;001102
2026-01-30;SBR14D;SBI AAA-BBB D;CH0027441929;Duration;CHF;;;;;7.12;1988;;;;30595456;CH0305954569;CH30595456=S;0.25 KT AG 15-29;200000000;99.8000000;0.0340278;0.302;3.849;199668056;199668056;;2015-12-16;2028-12-29;2025-12-11;2026-12-11;Maturity;2029-12-11;2029-12-11;100.0;100.0;3.94;Domestic Non Government;0.2500;AAA;1.0000000;52515100;CH;001089
2026-01-30;SBR14D;SBI AAA-BBB D;CH0027441929;Duration;CHF;;;;;7.12;1988;;;;147485700;CH1474857005;CH147485700=S;0.8225 PSA 25-35;200000000;99.4000000;0.3655556;0.888;9.195;199531111;199531111;;2025-09-01;2034-08-31;2025-08-20;2026-08-20;Maturity;2035-08-20;2035-08-20;100.0;100.0;9.64;Foreign Government;0.8225;AA;1.0000000;52515100;CA;001492
2026-01-30;SBR14D;SBI AAA-BBB D;CH0027441929;Duration;CHF;;;;;7.12;1988;;;;48708729;CH0487087295;CH48708729=S;0.25 BKW 19-27;200000000;99.6200000;0.1256944;0.505;1.495;199491389;199491389;;2019-08-02;2026-07-31;2025-07-29;2026-07-29;Maturity;2027-07-29;2027-07-29;100.0;100.0;1.58;Domestic Non Government;0.2500;A;1.0000000;75510100;CH;019547
2026-01-30;SBR14D;SBI AAA-BBB D;CH0027441929;Duration;CHF;;;;;7.12;1988;;;;114170041;CH1141700414;CH14170041=S;0.417 CEMBRA 21-28;200000000;99.6500000;0.0869792;0.544;2.779;199473958;199473958;;2021-12-01;2027-11-30;2025-11-15;2026-11-15;Maturity;2028-11-15;2028-11-15;100.0;100.0;2.87;Domestic Non Government;0.4175;A;1.0000000;74015100;CH;020177
2026-01-30;SBR14D;SBI AAA-BBB D;CH0027441929;Duration;CHF;;;;;7.12;1988;;;;46123893;CH0461238930;CH46123893=S;0.25 MIGROSBK 19-27;200000000;99.6500000;0.0347222;0.439;1.859;199369444;199369444;;2020-01-03;2026-12-30;2025-12-10;2026-12-10;Maturity;2027-12-10;2027-12-10;100.0;100.0;1.94;Domestic Non Government;0.2500;A;1.0000000;74010100;CH;010307
2026-01-30;SBR14D;SBI AAA-BBB D;CH0027441929;Duration;CHF;;;;;7.12;1988;;;;149842280;CH1498422802;CH49842280=S;0.35 KT ZH 25-31;200000000;99.6000000;0.0554167;0.419;5.789;199310833;199310833;;2025-12-16;2030-12-31;2025-12-03;2026-12-03;Maturity;2031-12-03;2031-12-03;100.0;100.0;5.92;Domestic Non Government;0.3500;AAA;1.0000000;52515100;CH;001116
2026-01-30;SBR14D;SBI AAA-BBB D;CH0027441929;Duration;CHF;;;;;7.12;1988;;;;52215881;CH0522158812;CH52215881=S;0.50 BNP 21-29;200000000;99.2000000;0.4361111;0.760;3.098;199272222;199272222;;2021-04-01;2027-03-31;2025-03-16;2026-03-16;Maturity;2028-03-16;2029-03-16;100.0;100.0;2.21;Foreign Corporate;0.5000;A;1.0000000;74010100;FR;011329
2026-01-30;SBR14D;SBI AAA-BBB D;CH0027441929;Duration;CHF;;;;;7.12;1988;;;;116038298;CH1160382987;CH16038298=S;0.625 KT BE 22-35;200000000;99.1000000;0.5260417;0.727;8.882;199252083;199252083;;2022-04-01;2034-03-31;2025-03-27;2026-03-27;Maturity;2035-03-27;2035-03-27;100.0;100.0;9.24;Domestic Non Government;0.6250;AA;1.0000000;52515100;CH;001103
2026-01-30;SBR14D;SBI AAA-BBB D;CH0027441929;Duration;CHF;;;;;7.12;1988;;;;135785268;CH1357852685;CH35785268=S;1.562 IBERFI 24-31;190000000;104.0000000;0.8637153;0.809;5.227;199241059;199241059;;2024-08-02;2030-07-31;2025-07-11;2026-07-11;Maturity;2031-07-11;2031-07-11;100.0;100.0;5.53;Foreign Corporate;1.5625;BBB;1.0000000;75510100;ES;021189
2026-01-30;SBR14D;SBI AAA-BBB D;CH0027441929;Duration;CHF;;;;;7.12;1988;;;;57057656;CH0570576568;CH57057656=S;0.10 FLUGH 20-27;200000000;99.6000000;0.0083333;0.310;1.916;199216667;199216667;;2021-01-04;2026-12-30;2025-12-30;2026-12-30;Maturity;2027-12-30;2027-12-30;100.0;100.0;2.00;Domestic Non Government;0.1000;A;1.0000000;72020100;CH;011171
2026-01-30;SBR14D;SBI AAA-BBB D;CH0027441929;Duration;CHF;;;;;7.12;1988;;;;126589089;CH1265890892;CH26589089=S;0.55 KT BS 24-29;197000000;100.9000000;0.0718056;0.316;3.837;198914457;198914457;;2024-12-17;2028-12-29;2025-12-13;2026-12-13;Maturity;2029-12-13;2029-12-13;100.0;100.0;3.95;Domestic Non Government;0.5500;AAA;1.0000000;52515100;CH;001102
2026-01-30;SBR14D;SBI AAA-BBB D;CH0027441929;Duration;CHF;;;;;7.12;1988;;;;34336678;CH0343366784;CH34336678=S;0.625 GIV 16-31;200000000;99.3500000;0.0954861;0.739;5.754;198890972;198890972;;2017-01-03;2030-12-31;2025-12-05;2026-12-05;Maturity;2031-12-05;2031-12-05;100.0;100.0;5.93;Domestic Non Government;0.6250;BBB;1.0000000;71510100;CH;011181
2026-01-30;SBR14D;SBI AAA-BBB D;CH0027441929;Duration;CHF;;;;;7.12;1988;;;;113555558;CH1135555584;CH13555558=S;0.25 EBO 21-28;200000000;99.3500000;0.0819444;0.495;2.665;198863889;198863889;;2021-10-01;2027-10-29;2025-10-02;2026-10-02;Maturity;2028-10-02;2028-10-02;100.0;100.0;2.75;Foreign Corporate;0.2500;A;1.0000000;74010100;AT;002809
2026-01-30;SBR14D;SBI AAA-BBB D;CH0027441929;Duration;CHF;;;;;7.12;1988;;;;134896865;CH1348968657;CH34896865=S;1.60 GR KB 24-34;185000000;106.5000000;0.9511111;0.797;7.881;198784556;198784556;;2024-07-01;2033-06-30;2025-06-26;2026-06-26;Maturity;2034-06-26;2034-06-26;100.0;100.0;8.49;Domestic Non Government;1.6000;AA;1.0000000;52510100;CH;000346
2026-01-30;SBR14D;SBI AAA-BBB D;CH0027441929;Duration;CHF;;;;;7.12;1988;;;;47738091;CH0477380916;CH47738091=S;0.25 FR KB 19-29;200000000;99.2000000;0.1708333;0.494;3.302;198741667;198741667;;2019-06-03;2028-05-31;2025-05-24;2026-05-24;Maturity;2029-05-24;2029-05-24;100.0;100.0;3.40;Domestic Non Government;0.2500;AA;1.0000000;52510100;CH;002995
2026-01-30;SBR14D;SBI AAA-BBB D;CH0027441929;Duration;CHF;;;;;7.12;1988;;;;131494145;CH1314941456;CH31494145=S;2.75 AMAG 24-29;185000000;104.6500000;2.6583333;1.180;2.881;198520417;198520417;;2024-03-01;2028-02-29;2025-02-12;2026-02-12;Maturity;2029-02-12;2029-02-12;100.0;100.0;3.11;Domestic Non Government;2.7500;BBB;1.0000000;74015100;CH;020626
2026-01-30;SBR14D;SBI AAA-BBB D;CH0027441929;Duration;CHF;;;;;7.12;1988;;;;34090792;CH0340907929;CH34090792=S;0.10 SZ KB 16-28;200000000;99.2000000;0.0263889;0.395;2.733;198452778;198452778;;2016-11-01;2027-10-29;2025-10-25;2026-10-25;Maturity;2028-10-25;2028-10-25;100.0;100.0;2.82;Domestic Non Government;0.1000;AA;1.0000000;52510100;CH;002996
2026-01-30;SBR14D;SBI AAA-BBB D;CH0027441929;Duration;CHF;;;;;7.12;1988;;;;129371435;CH1293714353;CH29371435=S;2.40 PARTNERS 23-33;180000000;109.3500000;0.8266667;1.118;7.063;198318000;198318000;;2023-10-02;2032-09-30;2025-09-26;2026-09-26;Maturity;2033-09-26;2033-09-26;100.0;100.0;7.74;Domestic Non Government;2.4000;A;1.0000000;74015100;CH;014428
2026-01-30;SBR14D;SBI AAA-BBB D;CH0027441929;Duration;CHF;;;;;7.12;1988;;;;114830874;CH1148308740;CH14830874=S;0.362 BONZEA 21-29;200000000;99.1000000;0.0463194;0.598;3.850;198292639;198292639;;2022-01-03;2028-12-29;2025-12-14;2026-12-14;Maturity;2029-12-14;2029-12-14;100.0;100.0;3.95;Foreign Corporate;0.3625;A;1.0000000;74010100;NZ;020993
2026-01-30;SBR14D;SBI AAA-BBB D;CH0027441929;Duration;CHF;;;;;7.12;1988;;;;41904123;CH0419041238;CH41904123=S;0.125 ZKB 19-29;200000000;99.0500000;0.0812500;0.411;3.342;198262500;198262500;;2019-07-01;2028-06-30;2025-06-06;2026-06-06;Maturity;2029-06-06;2029-06-06;100.0;100.0;3.43;Domestic Non Government;0.1250;AAA;1.0000000;52510100;CH;000210
2026-01-30;SBR14D;SBI AAA-BBB D;CH0027441929;Duration;CHF;;;;;7.12;1988;;;;114872812;CH1148728129;CH14872812=S;0.85 BE KB 22-32;200000000;99.1000000;0.0212500;1.006;5.849;198242500;198242500;;2022-02-01;2029-01-31;2026-01-21;2027-01-21;Maturity;2030-01-21;2032-01-21;100.0;100.0;4.06;Domestic Non Government;0.8500;A;1.0000000;74010200;CH;000221
2026-01-30;SBR14D;SBI AAA-BBB D;CH0027441929;Duration;CHF;;;;;7.12;1988;;;;111245580;CH1112455808;CH11245580=S;0.80 OCOER 21-28;200000000;98.9500000;0.1400000;1.180;2.801;198180000;198180000;;2021-06-01;2027-11-30;2025-11-27;2026-11-27;Maturity;2028-11-27;2028-11-27;100.0;100.0;2.91;Domestic Non Government;0.8000;BBB;1.0000000;72010100;CH;017729
2026-01-30;SBR14D;SBI AAA-BBB D;CH0027441929;Duration;CHF;;;;;7.12;1988;;;;148733205;CH1487332053;CH48733205=S;0.90 PZ S618 25-39;200000000;98.9300000;0.1125000;0.983;13.086;198085000;198085000;;2025-11-18;2038-12-31;2025-12-15;2026-12-15;Maturity;2039-12-15;2039-12-15;100.0;100.0;13.96;Swiss Pfandbrief;0.9000;AAA;1.0000000;61010100;CH;001211
2026-01-30;SBR14D;SBI AAA-BBB D;CH0027441929;Duration;CHF;;;;;7.12;1988;;;;137744381;CH1377443812;CH37744381=S;2.1275 ENGIEC 24-29;190000000;103.5000000;0.7328056;1.144;3.535;198042331;198042331;;2024-10-01;2028-09-29;2025-09-26;2026-09-26;Maturity;2029-09-26;2029-09-26;100.0;100.0;3.74;Foreign Corporate;2.1275;BBB;1.0000000;75510100;CL;021201
2026-01-30;SBR14D;SBI AAA-BBB D;CH0027441929;Duration;CHF;;;;;7.12;1988;;;;124301881;CH1243018814;CH24301881=S;2.26 BAOMO 23-29;185000000;104.7500000;2.2537222;0.657;2.877;197956886;197956886;;2023-02-01;2028-02-29;2025-02-01;2026-02-01;Maturity;2029-02-01;2029-02-01;100.0;100.0;3.08;Foreign Corporate;2.2600;A;1.0000000;74010100;CA;018890
2026-01-30;SBR14D;SBI AAA-BBB D;CH0027441929;Duration;CHF;;;;;7.12;1988;;;;113555559;CH1135555592;CH13555559=S;0.25 LANDESBW 21-29;200000000;98.8500000;0.0805556;0.567;3.663;197861111;197861111;;2021-11-01;2028-10-31;2025-10-04;2026-10-04;Maturity;2029-10-04;2029-10-04;100.0;100.0;3.76;Foreign Corporate;0.2500;AA;1.0000000;74010100;DE;010747
2026-01-30;SBR14D;SBI AAA-BBB D;CH0027441929;Duration;CHF;;;;;7.12;1988;;;;32621391;CH0326213912;CH32621391=S;0.25 KSPITALZH 16-28;200000000;98.8000000;0.1263889;0.737;2.487;197852778;197852778;;2017-06-01;2027-07-30;2025-07-28;2026-07-28;Maturity;2028-07-28;2028-07-28;100.0;100.0;2.58;Domestic Non Government;0.2500;AA;1.0000000;73510100;CH;021051
2026-01-30;SBR14D;SBI AAA-BBB D;CH0027441929;Duration;CHF;;;;;7.12;1988;;;;137390450;CH1373904502;CH37390450=S;1.65 COOP 24-34;190000000;103.5500000;0.5637500;1.215;8.108;197816125;197816125;;2024-10-01;2033-09-30;2025-09-27;2026-09-27;Maturity;2034-09-27;2034-09-27;100.0;100.0;8.74;Domestic Non Government;1.6500;BBB;1.0000000;73010100;CH;019998
2026-01-30;SBR14D;SBI AAA-BBB D;CH0027441929;Duration;CHF;;;;;7.12;1988;;;;113081883;CH1130818839;CH13081883=S;0.125 BAL 21-30;200000000;98.8000000;0.0739583;0.400;4.396;197747917;197747917;;2021-10-01;2029-06-29;2025-06-27;2026-06-27;Maturity;2030-06-27;2030-06-27;100.0;100.0;4.49;Domestic Non Government;0.1250;A;1.0000000;74020100;CH;021282
2026-01-30;SBR14D;SBI AAA-BBB D;CH0027441929;Duration;CHF;;;;;7.12;1988;;;;51782532;CH0517825326;CH51782532=S;0.065 NAB 20-29;200000000;98.8500000;0.0001806;0.452;2.995;197700361;197700361;;2020-02-03;2028-01-31;2026-01-29;2027-01-29;Maturity;2029-01-29;2029-01-29;100.0;100.0;3.08;Foreign Corporate;0.0650;AA;1.0000000;74010100;AU;001616
2026-01-30;SBR14D;SBI AAA-BBB D;CH0027441929;Duration;CHF;;;;;7.12;1988;;;;41904149;CH0419041493;CH41904149=S;0.40 ALL 19-29;200000000;98.6000000;0.1377778;0.790;3.631;197475556;197475556;;2019-10-01;2028-09-29;2025-09-26;2026-09-26;Maturity;2029-09-26;2029-09-26;100.0;100.0;3.74;Domestic Non Government;0.4000;BBB;1.0000000;76015100;CH;011120
2026-01-30;SBR14D;SBI AAA-BBB D;CH0027441929;Duration;CHF;;;;;7.12;1988;;;;51090689;CH0510906891;CH51090689=S;0.125 ZG KB 19-29;200000000;98.7000000;0.0197917;0.467;3.834;197439583;197439583;;2020-01-03;2028-12-29;2025-12-03;2026-12-03;Maturity;2029-12-03;2029-12-03;100.0;100.0;3.92;Domestic Non Government;0.1250;AAA;1.0000000;52510100;CH;000155
2026-01-30;SBR14D;SBI AAA-BBB D;CH0027441929;Duration;CHF;;;;;7.12;1988;;;;134674306;CH1346743060;CH34674306=S;1.75 COOP 24-28;190000000;102.9500000;0.9381944;0.541;2.414;197387569;197387569;;2024-08-02;2027-07-30;2025-07-17;2026-07-17;Maturity;2028-07-17;2028-07-17;100.0;100.0;2.54;Domestic Non Government;1.7500;BBB;1.0000000;73010100;CH;019998
2026-01-30;SBR14D;SBI AAA-BBB D;CH0027441929;Duration;CHF;;;;;7.12;1988;;;;48101380;CH0481013800;CH48101380=S;0.166 TCISA 19-29;200000000;98.6500000;0.0179833;0.517;3.882;197335967;197335967;;2019-07-01;2028-12-29;2025-12-21;2026-12-21;Maturity;2029-12-21;2029-12-21;100.0;100.0;3.97;Foreign Corporate;0.1660;A;1.0000000;71010100;FR;019719
2026-01-30;SBR14D;SBI AAA-BBB D;CH0027441929;Duration;CHF;;;;;7.12;1988;;;;136140171;CH1361401719;CH36140171=S;1.25 PZ S596 24-33;187000000;104.4600000;0.9756944;0.616;6.892;197164749;197164749;;2024-07-16;2032-04-30;2025-04-19;2026-04-19;Maturity;2033-04-19;2033-04-19;100.0;100.0;7.30;Swiss Pfandbrief;1.2500;AAA;1.0000000;61010100;CH;001211
2026-01-30;SBR14D;SBI AAA-BBB D;CH0027441929;Duration;CHF;;;;;7.12;1988;;;;51250299;CH0512502995;CH51250299=S;0.113 CWBA 19-29;200000000;98.5000000;0.0156944;0.506;3.854;197031389;197031389;;2020-01-03;2028-12-29;2025-12-10;2026-12-10;Maturity;2029-12-10;2029-12-10;100.0;100.0;3.94;Foreign Corporate;0.1130;AA;1.0000000;74010100;AU;011046
2026-01-30;SBR14D;SBI AAA-BBB D;CH0027441929;Duration;CHF;;;;;7.12;1988;;;;31251273;CH0312512731;CH31251273=S;0.32 EGW 16-36;204700000;95.9500000;0.2320000;0.731;10.096;196884554;196884554;;2016-05-18;2035-05-31;2025-05-09;2026-05-09;Maturity;2036-05-09;2036-05-09;100.0;100.0;10.36;Domestic Non Government;0.3200;AAA;1.0000000;52010100;CH;003083
2026-01-30;SBR14D;SBI AAA-BBB D;CH0027441929;Duration;CHF;;;;;7.12;1988;;;;59389391;CH0593893917;CH59389391=S;0.125 VLB 21-28;200000000;98.3500000;0.0545139;0.777;2.560;196809028;196809028;;2021-03-01;2027-08-31;2025-08-23;2026-08-23;Maturity;2028-08-23;2028-08-23;100.0;100.0;2.64;Foreign Corporate;0.1250;A;1.0000000;74010100;AT;020665
2026-01-30;SBR14D;SBI AAA-BBB D;CH0027441929;Duration;CHF;;;;;7.12;1988;;;;149842281;CH1498422810;CH49842281=S;0.80 KT ZH 25-40;200000000;98.2500000;0.1266667;0.927;14.027;196753333;196753333;;2025-12-16;2039-12-30;2025-12-03;2026-12-03;Maturity;2040-12-03;2040-12-03;100.0;100.0;14.92;Domestic Non Government;0.8000;AAA;1.0000000;52515100;CH;001116
2026-01-30;SBR14D;SBI AAA-BBB D;CH0027441929;Duration;CHF;;;;;7.12;1988;;;;48130103;CH0481301031;CH48130103=S;0.125 ZG KB 19-30;200000000;98.2000000;0.0739583;0.539;4.396;196547917;196547917;;2019-07-01;2029-06-29;2025-06-27;2026-06-27;Maturity;2030-06-27;2030-06-27;100.0;100.0;4.49;Domestic Non Government;0.1250;AAA;1.0000000;52510100;CH;000155
2026-01-30;SBR14D;SBI AAA-BBB D;CH0027441929;Duration;CHF;;;;;7.12;1988;;;;114638248;CH1146382481;CH14638248=S;0.375 EMMI 21-31;200000000;98.2000000;0.0614583;0.691;5.780;196522917;196522917;;2022-01-03;2030-12-31;2025-12-01;2026-12-01;Maturity;2031-12-01;2031-12-01;100.0;100.0;5.92;Domestic Non Government;0.3750;A;1.0000000;73015100;CH;019454
2026-01-30;SBR14D;SBI AAA-BBB D;CH0027441929;Duration;CHF;;;;;7.12;1988;;;;129087089;CH1290870893;CH29087089=S;1.945  23-29;185000000;105.4500000;0.7131667;0.430;3.524;196401858;196401858;;2023-10-02;2028-09-29;2025-09-18;2026-09-18;Maturity;2029-09-18;2029-09-18;100.0;100.0;3.71;Foreign Corporate;1.9450;AAA;1.0000000;61515100;CA;002851
2026-01-30;SBR14D;SBI AAA-BBB D;CH0027441929;Duration;CHF;;;;;7.12;1988;;;;56464205;CH0564642053;CH56464205=S;0.07 CREAGR 20-29;200000000;98.1000000;0.0256667;0.600;3.629;196251333;196251333;;2020-10-01;2028-09-29;2025-09-18;2026-09-18;Maturity;2029-09-18;2029-09-18;100.0;100.0;3.71;Domestic Non Government;0.0700;AAA;1.0000000;61515100;CH;020901
2026-01-30;SBR14D;SBI AAA-BBB D;CH0027441929;Duration;CHF;;;;;7.12;1988;;;;41904115;CH0419041154;CH41904115=S;0.35 KT BE 19-34;200000000;97.8000000;0.2547222;0.624;8.146;196109444;196109444;;2019-05-14;2033-05-31;2025-05-08;2026-05-08;Maturity;2034-05-08;2034-05-08;100.0;100.0;8.35;Domestic Non Government;0.3500;AA;1.0000000;52515100;CH;001103
2026-01-30;SBR14D;SBI AAA-BBB D;CH0027441929;Duration;CHF;;;;;7.12;1988;;;;112183722;CH1121837228;CH12183722=S;0.17 KDB 21-31;200000000;97.8000000;0.0887778;0.579;5.452;195777556;195777556;;2021-08-02;2030-07-31;2025-07-22;2026-07-22;Maturity;2031-07-22;2031-07-22;100.0;100.0;5.56;Foreign Government;0.1700;AA;1.0000000;52015100;KR;001603
2026-01-30;SBR14D;SBI AAA-BBB D;CH0027441929;Duration;CHF;;;;;7.12;1988;;;;139999997;CH1399999973;CH39999997=S;1.402 GALD 25-29;190000000;101.8000000;1.2077083;0.804;2.978;195714646;195714646;;2025-04-01;2028-02-29;2025-03-20;2026-03-20;Next Call;2029-02-20;2029-03-20;100.0;100.0;3.14;Domestic Non Government;1.4025;BBB;1.0000000;73515100;CH;021202
2026-01-30;SBR14D;SBI AAA-BBB D;CH0027441929;Duration;CHF;;;;;7.12;1988;;;;149462631;CH1494626315;CH49462631=S;1 PB S777 25-50;200000000;97.6500000;0.2027778;1.109;21.999;195705556;195705556;;2025-11-18;2049-11-30;2025-11-17;2026-11-17;Maturity;2050-11-17;2050-11-17;100.0;100.0;24.88;Swiss Pfandbrief;1.0000;AAA;1.0000000;61010100;CH;001205
2026-01-30;SBR14D;SBI AAA-BBB D;CH0027441929;Duration;CHF;;;;;7.12;1988;;;;50607111;CH0506071114;CH50607111=S;0 FR KB 20-30;200000000;97.8500000;0.0000000;0.535;4.072;195700000;195700000;;2020-03-02;2029-02-28;2020-02-26;2021-02-26;Maturity;2030-02-26;2030-02-26;100.0;100.0;4.15;Domestic Non Government;0.0000;AA;1.0000000;52510100;CH;002995
2026-01-30;SBR14D;SBI AAA-BBB D;CH0027441929;Duration;CHF;;;;;7.12;1988;;;;50607136;CH0506071361;CH50607136=S;0.20 PSP 21-31;200000000;97.6000000;0.1977778;0.689;4.981;195595556;195595556;;2021-03-01;2030-02-28;2025-02-04;2026-02-04;Maturity;2031-02-04;2031-02-04;100.0;100.0;5.09;Domestic Non Government;0.2000;A;1.0000000;76015100;CH;011129
2026-01-30;SBR14D;SBI AAA-BBB D;CH0027441929;Duration;CHF;;;;;7.12;1988;;;;129022231;CH1290222319;CH29022231=S;2.50 HOCHHOST 23-38;175000000;110.7000000;1.0000000;1.558;10.964;195475000;195475000;;2023-10-02;2037-09-30;2025-09-06;2026-09-06;Maturity;2038-09-06;2038-09-06;100.0;100.0;12.68;Domestic Non Government;2.5000;AA;1.0000000;73510100;CH;021240
2026-01-30;SBR14D;SBI AAA-BBB D;CH0027441929;Duration;CHF;;;;;7.12;1988;;;;111848375;CH1118483754;CH11848375=S;0.45 LGT 21-31;200000000;97.3000000;0.2262500;0.956;5.429;195052500;195052500;;2021-08-02;2030-07-31;2025-07-29;2026-07-29;Maturity;2031-07-29;2031-07-29;100.0;100.0;5.58;Domestic Non Government;0.4500;A;1.0000000;74010100;LI;019844
2026-01-30;SBR14D;SBI AAA-BBB D;CH0027441929;Duration;CHF;;;;;7.12;1988;;;;35865494;CH0358654942;CH35865494=S;0.60 KT GE 17-38;200000000;96.9000000;0.5100000;0.870;11.685;194820000;194820000;;2017-04-03;2037-03-31;2025-03-24;2026-03-24;Maturity;2038-03-24;2038-03-24;100.0;100.0;12.23;Domestic Non Government;0.6000;AA;1.0000000;52515100;CH;001105
2026-01-30;SBR14D;SBI AAA-BBB D;CH0027441929;Duration;CHF;;;;;7.12;1988;;;;113886978;CH1138869784;CH13886978=S;0.125 BL KB 21-31;200000000;97.3000000;0.0395833;0.610;5.664;194679167;194679167;;2021-11-01;2030-10-31;2025-10-06;2026-10-06;Maturity;2031-10-06;2031-10-06;100.0;100.0;5.76;Domestic Non Government;0.1250;AA;1.0000000;52510100;CH;000414
2026-01-30;SBR14D;SBI AAA-BBB D;CH0027441929;Duration;CHF;;;;;7.12;1988;;;;126684725;CH1266847255;CH26684725=S;1.80 WKB 23-29;185000000;104.4500000;0.7550000;0.541;3.479;194629250;194629250;;2023-09-01;2028-08-31;2025-08-29;2026-08-29;Maturity;2029-08-29;2029-08-29;100.0;100.0;3.66;Domestic Non Government;1.8000;AA;1.0000000;52510100;CH;001215
2026-01-30;SBR14D;SBI AAA-BBB D;CH0027441929;Duration;CHF;;;;;7.12;1988;;;;34336679;CH0343366792;CH34336679=S;0.05 KT BE 16-31;200000000;97.3000000;0.0100000;0.524;5.792;194620000;194620000;;2016-12-01;2030-11-29;2025-11-18;2026-11-18;Maturity;2031-11-18;2031-11-18;100.0;100.0;5.88;Domestic Non Government;0.0500;AA;1.0000000;52515100;CH;001103
2026-01-30;SBR14D;SBI AAA-BBB D;CH0027441929;Duration;CHF;;;;;7.12;1988;;;;113296628;CH1132966289;CH13296628=S;0.20 RY 21-31;200000000;97.2000000;0.0711111;0.708;5.614;194542222;194542222;;2021-10-01;2030-09-30;2025-09-22;2026-09-22;Maturity;2031-09-22;2031-09-22;100.0;100.0;5.72;Foreign Corporate;0.2000;A;1.0000000;74010100;CA;003105
2026-01-30;SBR14D;SBI AAA-BBB D;CH0027441929;Duration;CHF;;;;;7.12;1988;;;;130027788;CH1300277881;CH30027788=S;2.25 LONZA 23-28;185000000;103.5500000;1.5875000;0.685;2.231;194504375;194504375;;2023-12-01;2027-05-31;2025-05-16;2026-05-16;Maturity;2028-05-16;2028-05-16;100.0;100.0;2.38;Domestic Non Government;2.2500;BBB;1.0000000;73515100;CH;018926
2026-01-30;SBR14D;SBI AAA-BBB D;CH0027441929;Duration;CHF;;;;;7.12;1988;;;;110025977;CH1100259774;CH10025977=S;0.125 CREAGR 21-31;200000000;97.0500000;0.1010417;0.706;5.173;194302083;194302083;;2021-05-03;2030-04-30;2025-04-09;2026-04-09;Maturity;2031-04-09;2031-04-09;100.0;100.0;5.27;Domestic Non Government;0.1250;AAA;1.0000000;61515100;CH;020901
2026-01-30;SBR14D;SBI AAA-BBB D;CH0027441929;Duration;CHF;;;;;7.12;1988;;;;57034734;CH0570347341;CH57034734=S;0.10 ZG KB 20-31;200000000;97.0500000;0.0294444;0.628;5.690;194158889;194158889;;2020-11-02;2030-10-31;2025-10-14;2026-10-14;Maturity;2031-10-14;2031-10-14;100.0;100.0;5.79;Domestic Non Government;0.1000;AAA;1.0000000;52510100;CH;000155
2026-01-30;SBR14D;SBI AAA-BBB D;CH0027441929;Duration;CHF;;;;;7.12;1988;;;;114998595;CH1149985959;CH14998595=S;0 EUF 21-31;200000000;97.0000000;0.0000000;0.518;5.894;194000000;194000000;;2022-01-18;2030-12-31;2021-12-22;2022-12-22;Maturity;2031-12-22;2031-12-22;100.0;100.0;5.97;Domestic Non Government;0.0000;AA;1.0000000;51515100;CH;002993
2026-01-30;SBR14D;SBI AAA-BBB D;CH0027441929;Duration;CHF;;;;;7.12;1988;;;;127758200;CH1277582008;CH27758200=S;2.34 ENGIE 23-27;190000000;101.8100000;0.1690000;0.382;0.928;193760100;193760100;;2023-08-02;2026-01-30;2026-01-04;2027-01-04;Maturity;2027-01-04;2027-01-04;100.0;100.0;1.01;Foreign Corporate;2.3400;BBB;1.0000000;75510100;FR;020644
2026-01-30;SBR14D;SBI AAA-BBB D;CH0027441929;Duration;CHF;;;;;7.12;1988;;;;134930291;CH1349302914;CH34930291=S;1.050 KBLU 24-46;200000000;96.5000000;0.3645833;1.243;18.561;193729167;193729167;;2024-10-01;2045-09-29;2025-09-25;2026-09-25;Maturity;2046-09-25;2046-09-25;100.0;100.0;20.73;Domestic Non Government;1.0500;AA;1.0000000;52510100;CH;000431
2026-01-30;SBR14D;SBI AAA-BBB D;CH0027441929;Duration;CHF;;;;;7.12;1988;;;;111822352;CH1118223523;CH11822352=S;0 ZVG 21-31;200000000;96.7000000;0.0000000;0.604;5.572;193400000;193400000;;2021-09-01;2030-05-31;2021-08-26;2022-08-26;Maturity;2031-05-26;2031-08-26;100.0;100.0;5.40;Domestic Non Government;0.0000;AA;1.0000000;74020100;CH;011691
2026-01-30;SBR14D;SBI AAA-BBB D;CH0027441929;Duration;CHF;;;;;7.12;1988;;;;37961098;CH0379610980;CH37961098=S;0.50 KT BE 17-37;200000000;96.4000000;0.1694444;0.825;11.330;193138889;193138889;;2017-10-02;2036-09-30;2025-09-28;2026-09-28;Maturity;2037-09-28;2037-09-28;100.0;100.0;11.74;Domestic Non Government;0.5000;AA;1.0000000;52515100;CH;001103
2026-01-30;SBR14D;SBI AAA-BBB D;CH0027441929;Duration;CHF;;;;;7.12;1988;;;;21245956;CH0212459561;CH21245956=S;1.75 KT GE 13-34;175000000;109.1000000;1.1958333;0.624;7.755;193017708;193017708;;2013-06-03;2033-05-31;2025-05-24;2026-05-24;Maturity;2034-05-24;2034-05-24;100.0;100.0;8.40;Domestic Non Government;1.7500;AA;1.0000000;52515100;CH;001105
2026-01-30;SBR14D;SBI AAA-BBB D;CH0027441929;Duration;CHF;;;;;7.12;1988;;;;54575468;CH0545754688;CH54575468=S;0.125 BKB 20-32;200000000;96.4500000;0.0486111;0.676;6.584;192997222;192997222;;2020-10-01;2031-09-30;2025-09-10;2026-09-10;Maturity;2032-09-10;2032-09-10;100.0;100.0;6.69;Domestic Non Government;0.1250;AA;1.0000000;52510100;CH;002929
2026-01-30;SBR14D;SBI AAA-BBB D;CH0027441929;Duration;CHF;;;;;7.12;1988;;;;145190326;CH1451903269;CH45190326=S;0.90 AKB 25-34;190000000;101.0000000;0.5700000;0.776;8.054;192983000;192983000;;2025-07-01;2033-06-30;2025-06-12;2026-06-12;Maturity;2034-06-12;2034-06-12;100.0;100.0;8.45;Domestic Non Government;0.9000;AAA;1.0000000;52510100;CH;000123
2026-01-30;SBR14D;SBI AAA-BBB D;CH0027441929;Duration;CHF;;;;;7.12;1988;;;;37283153;CH0372831534;CH37283153=S;1.125 BANSAN 17-27;190000000;100.8000000;0.5937500;0.577;1.461;192648125;192648125;;2017-08-02;2026-07-31;2025-07-20;2026-07-20;Maturity;2027-07-20;2027-07-20;100.0;100.0;1.55;Foreign Corporate;1.1250;A;1.0000000;74010100;ES;020586
2026-01-30;SBR14D;SBI AAA-BBB D;CH0027441929;Duration;CHF;;;;;7.12;1988;;;;20672882;CH0206728823;CH20672882=S;1.50 BERN 13-28;185000000;102.6000000;1.3958333;0.239;2.026;192392292;192392292;;2013-06-19;2027-02-26;2025-02-25;2026-02-25;Maturity;2028-02-25;2028-02-25;100.0;100.0;2.15;Domestic Non Government;1.5000;AA;1.0000000;53015100;CH;001126
2026-01-30;SBR14D;SBI AAA-BBB D;CH0027441929;Duration;CHF;;;;;7.12;1988;;;;113555557;CH1135555576;CH1355555=S;0.17 CABEI 21-31;200000000;96.0500000;0.0571389;0.888;5.638;192214278;192214278;;2021-10-01;2030-09-30;2025-09-29;2026-09-29;Maturity;2031-09-29;2031-09-29;100.0;100.0;5.74;Foreign Supranational;0.1700;AA;1.0000000;51515100;HN;019271
2026-01-30;SBR14D;SBI AAA-BBB D;CH0027441929;Duration;CHF;;;;;7.12;1988;;;;135785269;CH1357852693;CH35785269=S;1.65 SWPIFI 24-29;185000000;102.8500000;0.8891667;0.811;3.367;191917458;191917458;;2024-08-02;2028-07-31;2025-07-16;2026-07-16;Maturity;2029-07-16;2029-07-16;100.0;100.0;3.54;Domestic Non Government;1.6500;A;1.0000000;76015100;CH;020888
2026-01-30;SBR14D;SBI AAA-BBB D;CH0027441929;Duration;CHF;;;;;7.12;1988;;;;20479075;CH0204790759;CH20479075=S;1.50 SG KB 13-31;180000000;104.6000000;1.4500000;0.570;4.823;190890000;190890000;;2013-03-01;2030-02-28;2025-02-12;2026-02-12;Maturity;2031-02-12;2031-02-12;100.0;100.0;5.11;Domestic Non Government;1.5000;AA;1.0000000;52510100;CH;000371
2026-01-30;SBR14D;SBI AAA-BBB D;CH0027441929;Duration;CHF;;;;;7.12;1988;;;;120636763;CH1206367638;CH20636763=S;1.85 ZKB 22-27;185000000;102.8500000;0.3134722;0.287;1.813;190852424;190852424;;2022-12-01;2026-11-30;2025-11-29;2026-11-29;Maturity;2027-11-29;2027-11-29;100.0;100.0;1.91;Domestic Non Government;1.8500;AAA;1.0000000;52510100;CH;000210
2026-01-30;SBR14D;SBI AAA-BBB D;CH0027441929;Duration;CHF;;;;;7.12;1988;;;;132150834;CH1321508348;CH32150834=S;2.28 MEDIO 24-29;180000000;104.5000000;1.3996667;0.923;3.258;190619400;190619400;;2024-07-01;2028-06-30;2025-06-19;2026-06-19;Maturity;2029-06-19;2029-06-19;100.0;100.0;3.47;Foreign Corporate;2.2800;BBB;1.0000000;74010100;LU;020666
2026-01-30;SBR14D;SBI AAA-BBB D;CH0027441929;Duration;CHF;;;;;7.12;1988;;;;121706658;CH1217066583;CH21706658=S;1.875 BL KB 23-29;180000000;105.0500000;0.8177083;0.443;3.458;190561875;190561875;;2023-03-01;2028-08-31;2025-08-23;2026-08-23;Maturity;2029-08-23;2029-08-23;100.0;100.0;3.64;Domestic Non Government;1.8750;AA;1.0000000;52510100;CH;000414
2026-01-30;SBR14D;SBI AAA-BBB D;CH0027441929;Duration;CHF;;;;;7.12;1988;;;;58903112;CH0589031126;CH58903112=S;0.25 PZ S533 21-36;201000000;94.4600000;0.1937500;0.817;10.083;190254038;190254038;;2021-03-16;2035-04-30;2025-04-21;2026-04-21;Maturity;2036-04-21;2036-04-21;100.0;100.0;10.31;Swiss Pfandbrief;0.2500;AAA;1.0000000;61010100;CH;001211
2026-01-30;SBR14D;SBI AAA-BBB D;CH0027441929;Duration;CHF;;;;;7.12;1988;;;;141679750;CH1416797509;CH41679750=S;1.55 BE KB 25-37;180000000;104.3000000;1.2227778;1.139;10.279;189941000;189941000;;2025-05-02;2036-04-30;2025-04-16;2026-04-16;Maturity;2037-04-16;2037-04-16;100.0;100.0;11.29;Domestic Non Government;1.5500;A;1.0000000;74010100;CH;000221
2026-01-30;SBR14D;SBI AAA-BBB D;CH0027441929;Duration;CHF;;;;;7.12;1988;;;;11100804;CH0111008048;CH11100804=S;2.625 PB S512 10-30;170000000;109.3800000;2.2093750;0.349;3.924;189701938;189701938;;2010-04-01;2029-03-30;2025-03-27;2026-03-27;Maturity;2030-03-27;2030-03-27;100.0;100.0;4.24;Swiss Pfandbrief;2.6250;AAA;1.0000000;61010100;CH;001205
2026-01-30;SBR14D;SBI AAA-BBB D;CH0027441929;Duration;CHF;;;;;7.12;1988;;;;142303688;CH1423036883;CH42303688=S;1.495 BPCE 25-30;185000000;101.2000000;1.3122778;1.195;3.978;189647714;189647714;;2025-04-01;2029-03-30;2025-03-14;2026-03-14;Maturity;2030-03-14;2030-03-14;100.0;100.0;4.20;Foreign Corporate;1.4950;BBB;1.0000000;74010100;FR;020228
2026-01-30;SBR14D;SBI AAA-BBB D;CH0027441929;Duration;CHF;;;;;7.12;1988;;;;125636716;CH1256367165;CH25636716=S;2.052 BAWAG PSK 23-28;180000000;103.6500000;1.6305972;0.387;2.147;189505075;189505075;;2023-05-02;2027-04-30;2025-04-14;2026-04-14;Maturity;2028-04-14;2028-04-14;100.0;100.0;2.29;Foreign Corporate;2.0525;AAA;1.0000000;61515100;AT;019204
2026-01-30;SBR14D;SBI AAA-BBB D;CH0027441929;Duration;CHF;;;;;7.12;1988;;;;36427741;CH0364277415;CH36427741=S;0.625 BERN 17-39;200000000;94.3500000;0.3940972;1.081;12.796;189488194;189488194;;2017-06-21;2038-06-30;2025-06-13;2026-06-13;Maturity;2039-06-13;2039-06-13;100.0;100.0;13.45;Domestic Non Government;0.6250;AA;1.0000000;53015100;CH;001126
2026-01-30;SBR14D;SBI AAA-BBB D;CH0027441929;Duration;CHF;;;;;7.12;1988;;;;110870483;CH1108704839;CH10870483=S;0.875 TRANSQ 21-31;190000000;99.3500000;0.1725694;0.991;5.674;189092882;189092882;;2021-06-01;2030-11-29;2025-11-19;2026-11-19;Maturity;2031-11-19;2031-11-19;100.0;100.0;5.88;Foreign Corporate;0.8750;BBB;1.0000000;72020100;AU;020473
2026-01-30;SBR14D;SBI AAA-BBB D;CH0027441929;Duration;CHF;;;;;7.12;1988;;;;129022230;CH1290222301;CH29022230=S;2.40 HOCHHOST 23-33;175000000;106.9500000;0.9600000;1.428;7.000;188842500;188842500;;2023-10-02;2032-09-30;2025-09-06;2026-09-06;Maturity;2033-09-06;2033-09-06;100.0;100.0;7.68;Domestic Non Government;2.4000;AA;1.0000000;73510100;CH;021240
2026-01-30;SBR14D;SBI AAA-BBB D;CH0027441929;Duration;CHF;;;;;7.12;1988;;;;46718238;CH0467182389;CH46718238=S;0.875 PB S669 19-40;190000000;98.6100000;0.7656250;0.981;13.239;188813688;188813688;;2019-03-19;2039-03-31;2025-03-15;2026-03-15;Maturity;2040-03-15;2040-03-15;100.0;100.0;14.21;Swiss Pfandbrief;0.8750;AAA;1.0000000;61010100;CH;001205
2026-01-30;SBR14D;SBI AAA-BBB D;CH0027441929;Duration;CHF;;;;;7.12;1988;;;;137795557;CH1377955575;CH37795557=S;1.022 RBC 25-31;185000000;101.0000000;1.0225000;0.768;3.901;188741625;188741625;;2025-02-03;2029-01-31;2025-01-31;2026-01-31;Next Call;2030-01-31;2031-01-31;100.0;100.0;4.08;Foreign Corporate;1.0225;A;1.0000000;74010100;GB;019968
2026-01-30;SBR14D;SBI AAA-BBB D;CH0027441929;Duration;CHF;;;;;7.12;1988;;;;142394854;CH1423948541;CH42394854=S;0.62 WELTBK 25-35;190000000;99.0500000;0.2411111;0.723;9.337;188653111;188653111;;2025-10-01;2034-09-29;2025-09-10;2026-09-10;Maturity;2035-09-10;2035-09-10;100.0;100.0;9.69;Foreign Supranational;0.6200;AAA;1.0000000;51515100;US;001525
2026-01-30;SBR14D;SBI AAA-BBB D;CH0027441929;Duration;CHF;;;;;7.12;1988;;;;127724093;CH1277240938;CH27724093=S;2.772 LABQPO 23-27;180000000;103.2500000;1.5248750;0.516;1.424;188594775;188594775;;2023-08-02;2026-07-31;2025-07-12;2026-07-12;Maturity;2027-07-12;2027-07-12;100.0;100.0;1.53;Foreign Corporate;2.7725;A;1.0000000;52010100;FR;003183
2026-01-30;SBR14D;SBI AAA-BBB D;CH0027441929;Duration;CHF;;;;;7.12;1988;;;;127060948;CH1270609485;CH27060948=S;1.85 VA BK 23-28;180000000;103.4500000;1.2333333;0.362;2.280;188430000;188430000;;2023-06-01;2027-05-31;2025-05-31;2026-05-31;Maturity;2028-05-31;2028-05-31;100.0;100.0;2.41;Domestic Non Government;1.8500;AAA;1.0000000;61515100;CH;012553
2026-01-30;SBR14D;SBI AAA-BBB D;CH0027441929;Duration;CHF;;;;;7.12;1988;;;;126589082;CH1265890827;CH26589082=S;1.60 BKB 24-44;175000000;106.7000000;0.9422222;1.192;16.043;188373889;188373889;;2024-07-01;2043-06-30;2025-06-28;2026-06-28;Maturity;2044-06-28;2044-06-28;100.0;100.0;18.49;Domestic Non Government;1.6000;AA;1.0000000;52510100;CH;002929
2026-01-30;SBR14D;SBI AAA-BBB D;CH0027441929;Duration;CHF;;;;;7.12;1988;;;;20827154;CH0208271541;CH20827154=S;3 KW LINTH 13-48;160000000;115.2500000;2.4833333;2.130;16.596;188373333;188373333;;2013-05-02;2047-04-30;2025-04-02;2026-04-02;Maturity;2048-04-02;2048-04-02;100.0;100.0;22.25;Domestic Non Government;3.0000;BBB;1.0000000;75510100;CH;003007
2026-01-30;SBR14D;SBI AAA-BBB D;CH0027441929;Duration;CHF;;;;;7.12;1988;;;;114170046;CH1141700463;CH14170046S=S;0.20 KT BE 21-36;200000000;94.1000000;0.0355556;0.770;10.709;188271111;188271111;;2021-12-01;2035-11-30;2025-11-26;2026-11-26;Maturity;2036-11-26;2036-11-26;100.0;100.0;10.90;Domestic Non Government;0.2000;AA;1.0000000;52515100;CH;001103
2026-01-30;SBR14D;SBI AAA-BBB D;CH0027441929;Duration;CHF;;;;;7.12;1988;;;;123210718;CH1232107180;CH23210718=S;2.20 BAL 23-32;175000000;107.3000000;0.0000000;0.943;5.699;187775000;187775000;;2023-02-01;2031-01-31;2026-01-30;2027-01-30;Maturity;2032-01-30;2032-01-30;100.0;100.0;6.08;Domestic Non Government;2.2000;A;1.0000000;74020100;CH;021282
2026-01-30;SBR14D;SBI AAA-BBB D;CH0027441929;Duration;CHF;;;;;7.12;1988;;;;147766125;CH1477661255;CH47766125=S;1.337 BFCM 25-33;185000000;100.5500000;0.4458333;1.262;7.308;186842292;186842292;;2025-10-01;2032-09-30;2025-09-30;2026-09-30;Maturity;2033-09-30;2033-09-30;100.0;100.0;7.75;Foreign Corporate;1.3375;A;1.0000000;74010100;FR;012623
2026-01-30;SBR14D;SBI AAA-BBB D;CH0027441929;Duration;CHF;;;;;7.12;1988;;;;134674299;CH1346742997;CH34674299=S;1.45 PZ S595 24-39;175000000;106.2800000;0.4430556;0.958;12.512;186765347;186765347;;2024-06-18;2038-10-29;2025-10-10;2026-10-10;Maturity;2039-10-10;2039-10-10;100.0;100.0;13.78;Swiss Pfandbrief;1.4500;AAA;1.0000000;61010100;CH;001211
2026-01-30;SBR14D;SBI AAA-BBB D;CH0027441929;Duration;CHF;;;;;7.12;1988;;;;137795559;CH1377955591;CH37795559=S;1.507 EIF 25-34;180000000;102.3500000;1.3357239;1.201;7.603;186634303;186634303;;2025-04-01;2033-03-31;2025-03-11;2026-03-10;Maturity;2034-03-10;2034-03-10;100.0;100.0;8.19;Foreign Corporate;1.5074;BBB;1.0000000;75510100;NL;012010
2026-01-30;SBR14D;SBI AAA-BBB D;CH0027441929;Duration;CHF;;;;;7.12;1988;;;;142886707;CH1428867076;CH42886707=S;1.682 CWBA 25-35;180000000;102.0000000;1.3927361;1.188;4.012;186106925;186106925;;2025-05-02;2029-04-30;2025-04-02;2026-04-02;Next Call;2030-04-02;2035-04-02;100.0;100.0;4.25;Foreign Corporate;1.6825;A;1.0000000;74010200;AU;011046
2026-01-30;SBR14D;SBI AAA-BBB D;CH0027441929;Duration;CHF;;;;;7.12;1988;;;;135785281;CH1357852818;CH35785281=S;1.445 NATWEST 24-29;180000000;102.7000000;0.6141250;0.678;3.492;185965425;185965425;;2024-09-02;2028-08-31;2025-08-27;2026-08-27;Maturity;2029-08-27;2029-08-27;100.0;100.0;3.66;Foreign Corporate;1.4450;A;1.0000000;74010100;GB;020684
2026-01-30;SBR14D;SBI AAA-BBB D;CH0027441929;Duration;CHF;;;;;7.12;1988;;;;144958363;CH1449583637;CH44958363=S;1.05 ZH 25-47;190000000;97.2000000;0.6650000;1.199;19.083;185943500;185943500;;2025-06-17;2046-06-29;2025-06-12;2026-06-12;Maturity;2047-06-12;2047-06-12;100.0;100.0;21.45;Domestic Non Government;1.0500;AAA;1.0000000;53015100;CH;001146
2026-01-30;SBR14D;SBI AAA-BBB D;CH0027441929;Duration;CHF;;;;;7.12;1988;;;;114830870;CH1148308708;CH14830870=S;0.157 CWBA 21-31;190000000;97.4500000;0.0227500;0.602;5.832;185198225;185198225;;2022-01-03;2030-12-31;2025-12-08;2026-12-08;Maturity;2031-12-08;2031-12-08;100.0;100.0;5.94;Foreign Corporate;0.1575;AAA;1.0000000;61515100;AU;011046
2026-01-30;SBR14D;SBI AAA-BBB D;CH0027441929;Duration;CHF;;;;;7.12;1988;;;;147485703;CH1474857039;CH47485703=S;1.13 ROK 25-40;185000000;99.3000000;0.4802500;1.182;13.452;184593462;184593462;;2025-09-01;2039-08-31;2025-08-27;2026-08-27;Maturity;2040-08-27;2040-08-27;100.0;100.0;14.66;Domestic Non Government;1.1300;AA;1.0000000;73515100;CH;010368
2026-01-30;SBR14D;SBI AAA-BBB D;CH0027441929;Duration;CHF;;;;;7.12;1988;;;;52215887;CH0522158879;CH52215887=S;0.10 VA BK 21-31;190000000;97.0000000;0.0730556;0.682;5.254;184438806;184438806;;2021-06-01;2030-05-31;2025-05-07;2026-05-07;Maturity;2031-05-07;2031-05-07;100.0;100.0;5.35;Domestic Non Government;0.1000;AAA;1.0000000;61515100;CH;012553
2026-01-30;SBR14D;SBI AAA-BBB D;CH0027441929;Duration;CHF;;;;;7.12;1988;;;;47951429;CH0479514298;CH47951429=S;0.25 RABO 19-27;185000000;99.6000000;0.0451389;0.471;1.817;184343507;184343507;;2019-07-01;2026-11-30;2025-11-25;2026-11-25;Maturity;2027-11-25;2027-11-25;100.0;100.0;1.90;Foreign Corporate;0.2500;A;1.0000000;74010100;NL;001554
2026-01-30;SBR14D;SBI AAA-BBB D;CH0027441929;Duration;CHF;;;;;7.12;1988;;;;138091032;CH1380910328;CH38091032=S;1.375 ACCELL 24-30;180000000;101.8500000;0.2902778;0.977;4.657;183852500;183852500;;2025-02-03;2029-11-30;2025-11-14;2026-11-14;Maturity;2030-11-14;2030-11-14;100.0;100.0;4.87;Domestic Non Government;1.3750;BBB;1.0000000;72010100;CH;021046
2026-01-30;SBR14D;SBI AAA-BBB D;CH0027441929;Duration;CHF;;;;;7.12;1988;;;;121479721;CH1214797214;CH21479721=S;2.955 BAWAG PSK 22-27;175000000;104.5000000;0.5007083;0.479;1.803;183751240;183751240;;2022-12-01;2026-11-30;2025-11-29;2026-11-29;Maturity;2027-11-29;2027-11-29;100.0;100.0;1.91;Foreign Corporate;2.9550;A;1.0000000;74010100;AT;019204
2026-01-30;SBR14D;SBI AAA-BBB D;CH0027441929;Duration;CHF;;;;;7.12;1988;;;;145081021;CH1450810218;CH45081021=S;1.512 HCHTF 25-32;180000000;101.5500000;0.5041667;1.259;6.136;183697500;183697500;;2025-10-01;2031-06-30;2025-09-30;2026-09-30;Next Call;2032-06-30;2032-09-30;100.0;100.0;6.50;Foreign Corporate;1.5125;BBB;1.0000000;72010100;DE;020285
2026-01-30;SBR14D;SBI AAA-BBB D;CH0027441929;Duration;CHF;;;;;7.12;1988;;;;133111359;CH1331113592;CH33111359=S;1.42 FEDDQ 24-30;175000000;103.8500000;1.1123333;0.495;4.082;183684083;183684083;;2024-05-02;2029-04-30;2025-04-18;2026-04-18;Maturity;2030-04-18;2030-04-18;100.0;100.0;4.30;Foreign Corporate;1.4200;AAA;1.0000000;61515100;CA;021100
2026-01-30;SBR14D;SBI AAA-BBB D;CH0027441929;Duration;CHF;;;;;7.12;1988;;;;50501193;CH0505011939;CH50501193=S;0.30 KT GE 19-39;200000000;91.7500000;0.0516667;0.939;13.543;183603333;183603333;;2019-12-02;2038-11-30;2025-11-28;2026-11-28;Maturity;2039-11-28;2039-11-28;100.0;100.0;13.91;Domestic Non Government;0.3000;AA;1.0000000;52515100;CH;001105
2026-01-30;SBR14D;SBI AAA-BBB D;CH0027441929;Duration;CHF;;;;;7.12;1988;;;;141617234;CH1416172349;CH41617234=S;1.25 SHKB 25-33;175000000;103.8000000;1.0138889;0.706;6.860;183424306;183424306;;2025-05-02;2032-04-30;2025-04-08;2026-04-08;Maturity;2033-04-08;2033-04-08;100.0;100.0;7.27;Domestic Non Government;1.2500;AAA;1.0000000;52510100;CH;002998
2026-01-30;SBR14D;SBI AAA-BBB D;CH0027441929;Duration;CHF;;;;;7.12;1988;;;;113193125;CH1131931250;CH13193125=S;0 PZ S539 21-36;200000000;91.6500000;0.0000000;0.824;10.628;183300000;183300000;;2021-10-01;2035-09-28;2021-09-16;2022-09-16;Maturity;2036-09-16;2036-09-16;100.0;100.0;10.71;Swiss Pfandbrief;0.0000;AAA;1.0000000;61010100;CH;001211
2026-01-30;SBR14D;SBI AAA-BBB D;CH0027441929;Duration;CHF;;;;;7.12;1988;;;;137173676;CH1371736765;CH37173676=S;1.125 PB S760 24-39;179000000;102.0700000;0.1156250;0.965;12.941;182912269;182912269;;2024-09-02;2038-12-31;2025-12-23;2026-12-23;Maturity;2039-12-23;2039-12-23;100.0;100.0;13.98;Swiss Pfandbrief;1.1250;AAA;1.0000000;61010100;CH;001205
2026-01-30;SBR14D;SBI AAA-BBB D;CH0027441929;Duration;CHF;;;;;7.12;1988;;;;112726398;CH1127263981;CH12726398=S;0.50 HOLHEL 21-31;185000000;98.4500000;0.2138889;0.785;5.497;182528194;182528194;;2021-09-01;2030-05-31;2025-08-26;2026-08-26;Maturity;2031-05-26;2031-08-26;100.0;100.0;5.40;Domestic Non Government;0.5000;BBB;1.0000000;71510100;CH;020962
2026-01-30;SBR14D;SBI AAA-BBB D;CH0027441929;Duration;CHF;;;;;7.12;1988;;;;120224222;CH1202242223;CH20224222=S;1.520 NBS 22-29;175000000;104.0500000;0.1815914;0.465;3.794;182405285;182405285;;2022-08-02;2028-12-29;2025-12-17;2026-12-17;Maturity;2029-12-17;2029-12-17;100.0;100.0;3.96;Foreign Corporate;1.5203;AAA;1.0000000;61515100;GB;012109
2026-01-30;SBR14D;SBI AAA-BBB D;CH0027441929;Duration;CHF;;;;;7.12;1988;;;;132148146;CH1321481462;CH32148146=S;1.542 UBSWITZ SS24 24-27;180000000;101.2800000;0.0342822;0.231;0.978;182365708;182365708;;2024-02-01;2026-01-30;2026-01-22;2027-01-22;Maturity;2027-01-22;2027-01-22;100.0;100.0;1.06;Domestic Non Government;1.5427;AAA;1.0000000;61515100;CH;021142
2026-01-30;SBR14D;SBI AAA-BBB D;CH0027441929;Duration;CHF;;;;;7.12;1988;;;;110025980;CH1100259808;CH10025980=S;0.25 MHB 21-41;205000000;88.4500000;0.2090278;1.080;14.842;181751007;181751007;;2021-04-01;2040-03-30;2025-03-29;2026-03-29;Maturity;2041-03-29;2041-03-29;100.0;100.0;15.24;Foreign Corporate;0.2500;AAA;1.0000000;61010100;DE;010705
2026-01-30;SBR14D;SBI AAA-BBB D;CH0027441929;Duration;CHF;;;;;7.12;1988;;;;39863380;CH0398633807;CH39863380=S;0.70 PSP 19-27;180000000;100.1800000;0.6844444;0.523;1.015;181556000;181556000;;2019-03-01;2026-02-27;2025-02-08;2026-02-08;Maturity;2027-02-08;2027-02-08;100.0;100.0;1.10;Domestic Non Government;0.7000;A;1.0000000;76015100;CH;011129
2026-01-30;SBR14D;SBI AAA-BBB D;CH0027441929;Duration;CHF;;;;;7.12;1988;;;;147843076;CH1478430767;CH47843076=S;0.947 BAOMO 25-31;180000000;100.5000000;0.3474167;0.856;5.495;181525350;181525350;;2025-10-01;2029-09-28;2025-09-18;2026-09-18;Maturity;2030-09-18;2031-09-18;100.0;100.0;4.71;Foreign Corporate;0.9475;A;1.0000000;74010100;CA;018890
2026-01-30;SBR14D;SBI AAA-BBB D;CH0027441929;Duration;CHF;;;;;7.12;1988;;;;12687580;CH0126875803;CH12687580=S;2.50 BERN 11-41;150000000;118.9000000;2.0763889;1.136;12.820;181464583;181464583;;2011-04-20;2040-04-30;2025-04-01;2026-04-01;Maturity;2041-04-01;2041-04-01;100.0;100.0;15.25;Domestic Non Government;2.5000;AA;1.0000000;53015100;CH;001126
2026-01-30;SBR14D;SBI AAA-BBB D;CH0027441929;Duration;CHF;;;;;7.12;1988;;;;27181981;CH0271819812;CH27181981=S;0.50 ZG KB 15-27;180000000;100.2800000;0.4541667;0.243;1.087;181321500;181321500;;2015-04-01;2026-03-31;2025-03-03;2026-03-03;Maturity;2027-03-03;2027-03-03;100.0;100.0;1.17;Domestic Non Government;0.5000;AAA;1.0000000;52510100;CH;000155
2026-01-30;SBR14D;SBI AAA-BBB D;CH0027441929;Duration;CHF;;;;;7.12;1988;;;;121019814;CH1210198144;CH21019814=S;2.717 CLA 22-27;175000000;102.6000000;0.9509500;1.116;1.624;181214162;181214162;;2022-10-03;2026-09-30;2025-09-24;2026-09-24;Maturity;2027-09-24;2027-09-24;100.0;100.0;1.73;Domestic Non Government;2.7170;BBB;1.0000000;71510100;CH;010039
2026-01-30;SBR14D;SBI AAA-BBB D;CH0027441929;Duration;CHF;;;;;7.12;1988;;;;129022253;CH1290222533;CH29022253=S;2.20 AMAG 23-27;175000000;103.0000000;0.4155556;0.531;1.790;180977222;180977222;;2023-12-01;2026-11-30;2025-11-22;2026-11-22;Maturity;2027-11-22;2027-11-22;100.0;100.0;1.89;Domestic Non Government;2.2000;AAA;1.0000000;61520100;CH;020626
2026-01-30;SBR14D;SBI AAA-BBB D;CH0027441929;Duration;CHF;;;;;7.12;1988;;;;59389399;CH0593893990;CH59389399=S;0.95 AIGE 21-31;180000000;99.6000000;0.8048611;1.030;5.013;180728750;180728750;;2021-04-01;2030-03-29;2025-03-25;2026-03-25;Maturity;2031-03-25;2031-03-25;100.0;100.0;5.23;Domestic Non Government;0.9500;A;1.0000000;72020100;CH;020608
2026-01-30;SBR14D;SBI AAA-BBB D;CH0027441929;Duration;CHF;;;;;7.12;1988;;;;52888119;CH0528881193;CH52888119=S;0.297 SCOTIA 20-28;180000000;100.0000000;0.2454375;0.297;2.166;180441788;180441788;;2020-05-04;2027-04-30;2025-04-03;2026-04-03;Maturity;2028-04-03;2028-04-03;100.0;100.0;2.26;Foreign Corporate;0.2975;AAA;1.0000000;61515100;CA;002748
2026-01-30;SBR14D;SBI AAA-BBB D;CH0027441929;Duration;CHF;;;;;7.12;1988;;;;123636341;CH1236363417;CH23636341=S;2.012 NBS 23-30;170000000;106.0500000;0.0391319;0.475;3.868;180351524;180351524;;2023-02-01;2029-01-31;2026-01-23;2027-01-23;Maturity;2030-01-23;2030-01-23;100.0;100.0;4.06;Foreign Corporate;2.0125;AAA;1.0000000;61515100;GB;012109
2026-01-30;SBR14D;SBI AAA-BBB D;CH0027441929;Duration;CHF;;;;;7.12;1988;;;;146668835;CH1466688350;CH46668835=S;0.675 IADB 25-34;180000000;99.7500000;0.3412500;0.705;8.256;180164250;180164250;;2025-08-04;2033-07-29;2025-07-28;2026-07-28;Maturity;2034-07-28;2034-07-28;100.0;100.0;8.57;Foreign Supranational;0.6750;AAA;1.0000000;51515100;US;001524
2026-01-30;SBR14D;SBI AAA-BBB D;CH0027441929;Duration;CHF;;;;;7.12;1988;;;;141679751;CH1416797517;CH41679751=S;0.95 BE KB 25-33;180000000;99.8500000;0.1187500;0.970;7.616;179943750;179943750;;2026-01-05;2032-12-31;2025-12-15;2026-12-15;Maturity;2033-12-15;2033-12-15;100.0;100.0;7.96;Domestic Non Government;0.9500;A;1.0000000;74010100;CH;000221
2026-01-30;SBR14D;SBI AAA-BBB D;CH0027441929;Duration;CHF;;;;;7.12;1988;;;;132503703;CH1325037039;CH32503703=S;1.50 TI KB 24-34;170000000;104.6500000;1.1125000;0.913;7.760;179796250;179796250;;2024-06-03;2033-05-31;2025-05-03;2026-05-03;Maturity;2034-05-03;2034-05-03;100.0;100.0;8.34;Domestic Non Government;1.5000;AA;1.0000000;52510100;CH;001220
2026-01-30;SBR14D;SBI AAA-BBB D;CH0027441929;Duration;CHF;;;;;7.12;1988;;;;46123889;CH0461238898;CH46123889=S;0.30 EGW 19-39;194700000;92.2500000;0.0541667;0.899;13.536;179716213;179716213;;2019-12-02;2038-11-30;2025-11-25;2026-11-25;Maturity;2039-11-25;2039-11-25;100.0;100.0;13.90;Domestic Non Government;0.3000;AAA;1.0000000;52010100;CH;003083
2026-01-30;SBR14D;SBI AAA-BBB D;CH0027441929;Duration;CHF;;;;;7.12;1988;;;;118469478;CH1184694789;CH18469478=S;1.50 SPBA1SMN 22-27;175000000;101.6500000;0.9375000;0.295;1.360;179528125;179528125;;2022-07-01;2026-06-30;2025-06-15;2026-06-15;Maturity;2027-06-15;2027-06-15;100.0;100.0;1.46;Foreign Corporate;1.5000;AA;1.0000000;74010100;NO;020440
2026-01-30;SBR14D;SBI AAA-BBB D;CH0027441929;Duration;CHF;;;;;7.12;1988;;;;19012503;CH0190125036;CH19012503=S;1.375 NLW 12-27;175000000;102.0500000;0.5232639;0.107;1.606;179503212;179503212;;2012-10-01;2026-09-30;2025-09-13;2026-09-13;Maturity;2027-09-13;2027-09-13;100.0;100.0;1.70;Foreign Government;1.3750;AAA;1.0000000;52015100;NL;010359
2026-01-30;SBR14D;SBI AAA-BBB D;CH0027441929;Duration;CHF;;;;;7.12;1988;;;;129371433;CH1293714338;CH29371433=S;2.717 COC 23-28;170000000;104.5000000;0.9813194;0.981;2.562;179318243;179318243;;2023-10-02;2027-09-30;2025-09-20;2026-09-20;Maturity;2028-09-20;2028-09-20;100.0;100.0;2.72;Foreign Corporate;2.7175;BBB;1.0000000;73015100;CL;021139
2026-01-30;SBR14D;SBI AAA-BBB D;CH0027441929;Duration;CHF;;;;;7.12;1988;;;;18557783;CH0185577837;CH18557783=S;1.45 FR KB 12-27;175000000;101.4700000;0.9384722;0.358;1.339;179214826;179214826;;2012-07-02;2026-06-30;2025-06-07;2026-06-07;Maturity;2027-06-07;2027-06-07;100.0;100.0;1.43;Domestic Non Government;1.4500;AA;1.0000000;52510100;CH;002995
2026-01-30;SBR14D;SBI AAA-BBB D;CH0027441929;Duration;CHF;;;;;7.12;1988;;;;118745081;CH1187450817;CH18745081=S;1.50 BFCM 22-27;175000000;101.4000000;0.9958333;0.446;1.321;179192708;179192708;;2022-07-01;2026-06-30;2025-06-01;2026-06-01;Maturity;2027-06-01;2027-06-01;100.0;100.0;1.42;Foreign Corporate;1.5000;A;1.0000000;74010100;FR;012623
2026-01-30;SBR14D;SBI AAA-BBB D;CH0027441929;Duration;CHF;;;;;7.12;1988;;;;142394856;CH1423948566;CH42394856=S;0.535 KFW 25-33;180000000;99.3500000;0.1887361;0.622;7.499;179169725;179169725;;2025-10-01;2032-09-30;2025-09-23;2026-09-23;Maturity;2033-09-23;2033-09-23;100.0;100.0;7.73;Foreign Government;0.5350;AAA;1.0000000;52015100;DE;011457
2026-01-30;SBR14D;SBI AAA-BBB D;CH0027441929;Duration;CHF;;;;;7.12;1988;;;;144645241;CH1446452414;CH44645241=S;0.891 PZ S609 25-41;181000000;98.4400000;0.5370750;1.003;14.032;179148506;179148506;;2025-07-01;2040-02-29;2025-06-23;2026-02-04;Maturity;2041-02-04;2041-02-04;100.0;100.0;15.09;Swiss Pfandbrief;0.8910;AAA;1.0000000;61010100;CH;001211
2026-01-30;SBR14D;SBI AAA-BBB D;CH0027441929;Duration;CHF;;;;;7.12;1988;;;;56192385;CH0561923852;CH56192385=S;0.25 LANDESBW 20-28;180000000;99.4000000;0.0965278;0.481;2.606;179093750;179093750;;2020-10-01;2027-09-30;2025-09-11;2026-09-11;Maturity;2028-09-11;2028-09-11;100.0;100.0;2.69;Foreign Corporate;0.2500;AA;1.0000000;74010100;DE;010747
2026-01-30;SBR14D;SBI AAA-BBB D;CH0027441929;Duration;CHF;;;;;7.12;1988;;;;148582705;CH1485827054;CH48582705=S;0.737 NZLGOF 25-34;180000000;99.2500000;0.2335417;0.827;8.423;179070375;179070375;;2025-11-03;2033-10-31;2025-10-06;2026-10-06;Maturity;2034-10-06;2034-10-06;100.0;100.0;8.76;Foreign Government;0.7375;AA;1.0000000;52010100;NZ;021233
2026-01-30;SBR14D;SBI AAA-BBB D;CH0027441929;Duration;CHF;;;;;7.12;1988;;;;58046469;CH0580464698;CH58046469=S;1.50 RAI 20-34;175000000;102.0000000;0.2791667;1.230;7.417;178988542;178988542;;2020-12-01;2032-11-30;2025-11-23;2026-11-23;Next Call;2033-11-23;2034-11-23;100.0;100.0;7.89;Domestic Non Government;1.5000;A;1.0000000;74010100;CH;017757
2026-01-30;SBR14D;SBI AAA-BBB D;CH0027441929;Duration;CHF;;;;;7.12;1988;;;;54576654;CH0545766542;CH54576654=S;0.20 NADB 20-28;180000000;99.4000000;0.0344444;0.414;2.822;178982000;178982000;;2020-07-01;2027-08-31;2025-11-28;2026-11-28;Maturity;2028-08-28;2028-11-28;100.0;100.0;2.66;Foreign Supranational;0.2000;AA;1.0000000;51515100;US;020347
2026-01-30;SBR14D;SBI AAA-BBB D;CH0027441929;Duration;CHF;;;;;7.12;1988;;;;114826620;CH1148266203;CH14826620=S;0.332 SOGE 21-28;180000000;99.3500000;0.0563403;0.565;2.821;178931413;178931413;;2021-12-01;2027-11-30;2025-11-29;2026-11-29;Maturity;2028-11-29;2028-11-29;100.0;100.0;2.91;Foreign Corporate;0.3325;A;1.0000000;74010100;FR;012823
2026-01-30;SBR14D;SBI AAA-BBB D;CH0027441929;Duration;CHF;;;;;7.12;1988;;;;50607120;CH0506071205;CH50607120=S;0.15 BNP 20-28;180000000;99.2000000;0.1333333;0.532;2.107;178800000;178800000;;2020-04-01;2026-03-31;2025-03-10;2026-03-10;Maturity;2027-03-10;2028-03-10;100.0;100.0;1.19;Foreign Corporate;0.1500;A;1.0000000;74010100;FR;011329
2026-01-30;SBR14D;SBI AAA-BBB D;CH0027441929;Duration;CHF;;;;;7.12;1988;;;;143324128;CH1433241283;CH43324128=S;1.16 NORDEA 25-32;175000000;101.3500000;0.7830000;0.939;6.091;178732750;178732750;;2025-06-02;2031-05-30;2025-05-27;2026-05-27;Maturity;2032-05-27;2032-05-27;100.0;100.0;6.41;Foreign Corporate;1.1600;A;1.0000000;74010100;FI;020756
2026-01-30;SBR14D;SBI AAA-BBB D;CH0027441929;Duration;CHF;;;;;7.12;1988;;;;59389396;CH0593893966;CH59389396=S;0.25 PB S699 21-41;200000000;89.3600000;0.0041667;1.019;14.705;178728333;178728333;;2021-03-16;2040-01-31;2026-01-24;2027-01-24;Maturity;2041-01-24;2041-01-24;100.0;100.0;15.06;Swiss Pfandbrief;0.2500;AAA;1.0000000;61010100;CH;001205
2026-01-30;SBR14D;SBI AAA-BBB D;CH0027441929;Duration;CHF;;;;;7.12;1988;;;;39863353;CH0398633534;CH39863353=S;1.25 SGS 18-28;175000000;101.8000000;0.3229167;0.586;2.705;178715104;178715104;;2018-11-01;2027-10-29;2025-10-27;2026-10-27;Maturity;2028-10-27;2028-10-27;100.0;100.0;2.82;Domestic Non Government;1.2500;A;1.0000000;72015100;CH;001289
2026-01-30;SBR14D;SBI AAA-BBB D;CH0027441929;Duration;CHF;;;;;7.12;1988;;;;51782529;CH0517825292;CH51782529=S;0.20 BFCM 20-28;180000000;99.1500000;0.0483333;0.511;2.752;178557000;178557000;;2020-03-02;2027-11-30;2025-11-03;2026-11-03;Maturity;2028-11-03;2028-11-03;100.0;100.0;2.84;Foreign Corporate;0.2000;A;1.0000000;74010100;FR;012623
2026-01-30;SBR14D;SBI AAA-BBB D;CH0027441929;Duration;CHF;;;;;7.12;1988;;;;131996845;CH1319968454;CH131996845=S;2 NANTDRA 24-34;165000000;106.8000000;1.3555556;1.139;7.676;178456667;178456667;;2024-03-01;2033-05-31;2025-05-26;2026-05-26;Maturity;2034-05-26;2034-05-26;100.0;100.0;8.40;Domestic Non Government;2.0000;A;1.0000000;75510100;CH;019877
2026-01-30;SBR14D;SBI AAA-BBB D;CH0027441929;Duration;CHF;;;;;7.12;1988;;;;141400358;CH1414003587;CH41400358=S;1.13 EFGBNK 25-28;175000000;100.9000000;1.0138611;0.697;2.070;178349257;178349257;;2025-04-01;2027-03-31;2025-03-07;2026-03-07;Maturity;2028-03-07;2028-03-07;100.0;100.0;2.18;Domestic Non Government;1.1300;A;1.0000000;74010100;CH;021185
2026-01-30;SBR14D;SBI AAA-BBB D;CH0027441929;Duration;CHF;;;;;7.12;1988;;;;136140188;CH1361401883;CH36140188=S;1.125 GEBM 24-31;175000000;101.4000000;0.4375000;0.857;5.212;178215625;178215625;;2024-10-01;2030-06-28;2025-09-10;2026-09-10;Next Call;2031-06-10;2031-09-10;100.0;100.0;5.44;Domestic Non Government;1.1250;A;1.0000000;72010100;CH;010824
2026-01-30;SBR14D;SBI AAA-BBB D;CH0027441929;Duration;CHF;;;;;7.12;1988;;;;118921778;CH1189217784;CH18921778=S;1.10 SWISSGRID 22-27;175000000;101.1600000;0.6416667;0.278;1.406;178152917;178152917;;2022-07-01;2026-06-30;2025-06-30;2026-06-30;Maturity;2027-06-30;2027-06-30;100.0;100.0;1.50;Domestic Non Government;1.1000;AA;1.0000000;75510100;CH;019851
2026-01-30;SBR14D;SBI AAA-BBB D;CH0027441929;Duration;CHF;;;;;7.12;1988;;;;127631328;CH1276313280;CH27631328=S;3.45 ENAG 23-28;165000000;105.9000000;1.9550000;0.983;2.338;177960750;177960750;;2023-08-02;2027-07-30;2025-07-06;2026-07-06;Maturity;2028-07-06;2028-07-06;100.0;100.0;2.51;Domestic Non Government;3.4500;BBB;1.0000000;72010100;CH;002881
2026-01-30;SBR14D;SBI AAA-BBB D;CH0027441929;Duration;CHF;;;;;7.12;1988;;;;140006464;CH1400064643;CH40006464=S;0.825 FEDDQ 25-31;175000000;101.4000000;0.0022917;0.540;4.917;177454010;177454010;;2025-02-03;2030-01-31;2026-01-29;2027-01-29;Maturity;2031-01-29;2031-01-29;100.0;100.0;5.08;Foreign Corporate;0.8250;AAA;1.0000000;61515100;CA;021100
2026-01-30;SBR14D;SBI AAA-BBB D;CH0027441929;Duration;CHF;;;;;7.12;1988;;;;25324335;CH0253243353;CH25324335=S;1.125 EGW 14-29;171400000;103.0500000;0.3937500;0.284;3.585;177302588;177302588;;2014-10-01;2028-09-29;2025-09-24;2026-09-24;Maturity;2029-09-24;2029-09-24;100.0;100.0;3.73;Domestic Non Government;1.1250;AAA;1.0000000;52010100;CH;003083
2026-01-30;SBR14D;SBI AAA-BBB D;CH0027441929;Duration;CHF;;;;;7.12;1988;;;;140547199;CH1405471991;CH40547199=S;0.952 FR KB 25-35;175000000;100.3500000;0.9444633;0.912;8.593;177265311;177265311;;2025-03-03;2034-02-28;2025-02-03;2026-02-02;Maturity;2035-02-02;2035-02-02;100.0;100.0;9.09;Domestic Non Government;0.9524;AA;1.0000000;52510100;CH;002995
2026-01-30;SBR14D;SBI AAA-BBB D;CH0027441929;Duration;CHF;;;;;7.12;1988;;;;117953496;CH1179534966;CH17953496=S;1.70 GR DI 22-29;170000000;103.3000000;0.9350000;0.728;3.353;177199500;177199500;;2022-06-01;2028-07-31;2025-07-12;2026-07-12;Maturity;2029-07-12;2029-07-12;100.0;100.0;3.53;Domestic Non Government;1.7000;BBB;1.0000000;75510100;CH;001303
2026-01-30;SBR14D;SBI AAA-BBB D;CH0027441929;Duration;CHF;;;;;7.12;1988;;;;147561523;CH1475615238;CH47561523=S;1.05 TG KB 25-37;175000000;100.8000000;0.4433333;0.976;10.919;177175833;177175833;;2025-09-01;2036-08-29;2025-08-28;2026-08-28;Maturity;2037-08-28;2037-08-28;100.0;100.0;11.66;Domestic Non Government;1.0500;AA;1.0000000;52510100;CH;000108
2026-01-30;SBR14D;SBI AAA-BBB D;CH0027441929;Duration;CHF;;;;;7.12;1988;;;;56563061;CH0565630610;CH56563061=S;0.25 KBLU 20-40;200000000;88.4000000;0.1055556;1.117;14.297;177011111;177011111;;2020-09-01;2039-08-31;2025-08-28;2026-08-28;Maturity;2040-08-28;2040-08-28;100.0;100.0;14.66;Domestic Non Government;0.2500;AA;1.0000000;52510100;CH;000431
2026-01-30;SBR14D;SBI AAA-BBB D;CH0027441929;Duration;CHF;;;;;7.12;1988;;;;117433581;CH1174335815;CH17433581=S;0.545 KOMMUB 22-28;175000000;100.6000000;0.4117778;0.276;2.228;176770611;176770611;;2022-05-02;2027-04-30;2025-04-28;2026-04-28;Maturity;2028-04-28;2028-04-28;100.0;100.0;2.33;Foreign Government;0.5450;AAA;1.0000000;52015100;NO;011242
2026-01-30;SBR14D;SBI AAA-BBB D;CH0027441929;Duration;CHF;;;;;7.12;1988;;;;123210714;CH1232107149;CH23210714=S;1.625 ZH 23-37;165000000;107.1000000;0.0180556;0.942;10.185;176744792;176744792;;2023-02-01;2036-01-31;2026-01-26;2027-01-26;Maturity;2037-01-26;2037-01-26;100.0;100.0;11.07;Domestic Non Government;1.6250;AAA;1.0000000;53015100;CH;001146
2026-01-30;SBR14D;SBI AAA-BBB D;CH0027441929;Duration;CHF;;;;;7.12;1988;;;;142886696;CH1428866961;CH42886696=S;1.094 BNG 25-44;175000000;100.0500000;0.9177444;1.091;16.420;176693553;176693553;;2025-04-01;2043-03-31;2025-03-28;2026-03-28;Maturity;2044-03-28;2044-03-28;100.0;100.0;18.24;Foreign Government;1.0940;AAA;1.0000000;52015100;NL;020748
2026-01-30;SBR14D;SBI AAA-BBB D;CH0027441929;Duration;CHF;;;;;7.12;1988;;;;145081024;CH1450810242;CH45081024=S;1.055 DTFCI 25-31;175000000;100.6000000;0.3545972;0.946;5.510;176670545;176670545;;2025-10-01;2030-09-30;2025-09-29;2026-09-29;Maturity;2031-09-29;2031-09-29;100.0;100.0;5.74;Foreign Corporate;1.0550;A;1.0000000;72510100;CA;021270
2026-01-30;SBR14D;SBI AAA-BBB D;CH0027441929;Duration;CHF;;;;;7.12;1988;;;;34258764;CH0342587646;CH34258764=S;0.20 KT SG 16-41;200000000;88.1500000;0.0344444;1.014;15.570;176368889;176368889;;2016-12-01;2040-11-30;2025-11-28;2026-11-28;Maturity;2041-11-28;2041-11-28;100.0;100.0;15.91;Domestic Non Government;0.2000;AAA;1.0000000;52515100;CH;002345
2026-01-30;SBR14D;SBI AAA-BBB D;CH0027441929;Duration;CHF;;;;;7.12;1988;;;;143927813;CH1439278131;CH43927813=S;1.15 TG KB 25-42;175000000;99.7500000;0.7730556;1.167;14.864;175915347;175915347;;2025-06-02;2041-05-31;2025-05-28;2026-05-28;Maturity;2042-05-28;2042-05-28;100.0;100.0;16.41;Domestic Non Government;1.1500;AA;1.0000000;52510100;CH;000108
2026-01-30;SBR14D;SBI AAA-BBB D;CH0027441929;Duration;CHF;;;;;7.12;1988;;;;122883812;CH1228838129;CH22883812=S;2.285 DEUT BAHN 22-42;150000000;116.6500000;0.3935278;1.187;14.347;175565292;175565292;;2022-12-01;2041-11-29;2025-11-28;2026-11-28;Maturity;2042-11-28;2042-11-28;100.0;100.0;16.91;Foreign Corporate;2.2850;AA;1.0000000;72020100;DE;021252
2026-01-30;SBR14D;SBI AAA-BBB D;CH0027441929;Duration;CHF;;;;;7.12;1988;;;;147485709;CH1474857096;CH47485709=S;0.68 NBS 25-32;175000000;100.0500000;0.2682222;0.672;6.465;175556889;175556889;;2025-10-01;2031-09-30;2025-09-08;2026-09-08;Maturity;2032-09-08;2032-09-08;100.0;100.0;6.69;Foreign Corporate;0.6800;AAA;1.0000000;61515100;GB;012109
2026-01-30;SBR14D;SBI AAA-BBB D;CH0027441929;Duration;CHF;;;;;7.12;1988;;;;53689327;CH0536893271;CH53689327=S;0.70 ALL 20-28;175000000;99.9500000;0.2488889;0.719;2.624;175348056;175348056;;2020-10-01;2027-09-30;2025-09-22;2026-09-22;Maturity;2028-09-22;2028-09-22;100.0;100.0;2.73;Domestic Non Government;0.7000;BBB;1.0000000;76015100;CH;011120
2026-01-30;SBR14D;SBI AAA-BBB D;CH0027441929;Duration;CHF;;;;;7.12;1988;;;;147140378;CH1471403787;CH47140378=S;1.10 MOBN 25-32;175000000;99.7000000;0.4675000;1.147;6.350;175293125;175293125;;2025-09-01;2031-08-29;2025-08-27;2026-08-27;Maturity;2032-08-27;2032-08-27;100.0;100.0;6.66;Domestic Non Government;1.1000;BBB;1.0000000;76015100;CH;012643
2026-01-30;SBR14D;SBI AAA-BBB D;CH0027441929;Duration;CHF;;;;;7.12;1988;;;;142401949;CH1424019490;CH42401949=S;0.40 KBLU 25-28;175000000;100.1500000;0.0022222;0.324;1.990;175266389;175266389;;2025-05-02;2027-01-29;2026-01-28;2027-01-28;Maturity;2028-01-28;2028-01-28;100.0;100.0;2.08;Domestic Non Government;0.4000;AA;1.0000000;52510100;CH;000431
2026-01-30;SBR14D;SBI AAA-BBB D;CH0027441929;Duration;CHF;;;;;7.12;1988;;;;148582739;CH1485827393;CH48582739=S;0.942 GALD 25-30;175000000;100.0000000;0.1309028;0.942;4.769;175229080;175229080;;2026-01-05;2029-09-28;2025-12-10;2026-12-10;Maturity;2030-09-10;2030-12-10;100.0;100.0;4.69;Domestic Non Government;0.9425;BBB;1.0000000;73515100;CH;021202
2026-01-30;SBR14D;SBI AAA-BBB D;CH0027441929;Duration;CHF;;;;;7.12;1988;;;;125103013;CH1251030131;CH25103013=S;3.375 ALPIQ 23-30;155000000;110.5000000;2.5406250;0.847;3.952;175212969;175212969;;2023-04-03;2029-04-30;2025-04-29;2026-04-29;Maturity;2030-04-29;2030-04-29;100.0;100.0;4.33;Domestic Non Government;3.3750;BBB;1.0000000;75510100;CH;018873
2026-01-30;SBR14D;SBI AAA-BBB D;CH0027441929;Duration;CHF;;;;;7.12;1988;;;;144645234;CH1446452349;CH44645234=S;0.50 KT TG 25-32;175000000;99.8000000;0.3166667;0.532;6.260;175204167;175204167;;2025-06-17;2031-06-30;2025-06-12;2026-06-11;Maturity;2032-06-11;2032-06-11;100.0;100.0;6.44;Domestic Non Government;0.5000;AA;1.0000000;52515100;CH;001112
2026-01-30;SBR14D;SBI AAA-BBB D;CH0027441929;Duration;CHF;;;;;7.12;1988;;;;130027787;CH1300277873;CH30027787=S;2.65 BELL 23-31;160000000;108.6500000;0.7729167;1.079;5.353;175076667;175076667;;2023-12-01;2030-10-31;2025-10-15;2026-10-15;Maturity;2031-10-15;2031-10-15;100.0;100.0;5.79;Domestic Non Government;2.6500;BBB;1.0000000;73015100;CH;010791
2026-01-30;SBR14D;SBI AAA-BBB D;CH0027441929;Duration;CHF;;;;;7.12;1988;;;;57289925;CH0572899257;CH57289925=S;0.50 RAI 20-28;175000000;99.8000000;0.1097222;0.573;2.766;174842014;174842014;;2020-12-01;2026-11-30;2025-11-11;2026-11-11;Maturity;2027-11-11;2028-11-11;100.0;100.0;1.86;Domestic Non Government;0.5000;A;1.0000000;74010100;CH;017757
2026-01-30;SBR14D;SBI AAA-BBB D;CH0027441929;Duration;CHF;;;;;7.12;1988;;;;134861419;CH1348614194;CH34861419=S;1.30 ZH 24-49;170000000;101.9500000;0.8522222;1.204;20.154;174763778;174763778;;2024-06-18;2048-06-30;2025-06-04;2026-06-04;Maturity;2049-06-04;2049-06-04;100.0;100.0;23.43;Domestic Non Government;1.3000;AAA;1.0000000;53015100;CH;001146
2026-01-30;SBR14D;SBI AAA-BBB D;CH0027441929;Duration;CHF;;;;;7.12;1988;;;;41904135;CH0419041352;CH41904135=S;0.285 CEMBRA 19-27;175000000;99.7000000;0.1274583;0.479;1.550;174698052;174698052;;2019-09-02;2026-08-31;2025-08-19;2026-08-19;Maturity;2027-08-19;2027-08-19;100.0;100.0;1.63;Domestic Non Government;0.2850;A;1.0000000;74015100;CH;020177
2026-01-30;SBR14D;SBI AAA-BBB D;CH0027441929;Duration;CHF;;;;;7.12;1988;;;;45720681;CH0457206818;CH45720681=S;1 ABBLTD 19-29;170000000;102.0000000;0.7305556;0.333;2.968;174641944;174641944;;2019-03-01;2028-02-29;2025-05-07;2026-05-07;Next Call;2029-02-07;2029-05-07;100.0;100.0;3.10;Domestic Non Government;1.0000;A;1.0000000;72010100;CH;010881
2026-01-30;SBR14D;SBI AAA-BBB D;CH0027441929;Duration;CHF;;;;;7.12;1988;;;;34458383;CH0344583833;CH34458383=S;0.40 EGW 16-31;175200000;99.6000000;0.0566667;0.469;5.799;174598480;174598480;;2016-12-21;2030-12-31;2025-12-09;2026-12-09;Maturity;2031-12-09;2031-12-09;100.0;100.0;5.94;Domestic Non Government;0.4000;AAA;1.0000000;52010100;CH;003083
2026-01-30;SBR14D;SBI AAA-BBB D;CH0027441929;Duration;CHF;;;;;7.12;1988;;;;37926870;CH0379268706;CH37926870=S;0.40 AIGE 17-27;175000000;99.6000000;0.1444444;0.646;1.635;174552778;174552778;;2017-10-02;2026-09-30;2025-09-20;2026-09-20;Maturity;2027-09-20;2027-09-20;100.0;100.0;1.72;Domestic Non Government;0.4000;A;1.0000000;72020100;CH;020608
2026-01-30;SBR14D;SBI AAA-BBB D;CH0027441929;Duration;CHF;;;;;7.12;1988;;;;136140186;CH1361401867;CH36140186=S;1.20 WKB 24-36;170000000;102.1000000;0.4900000;0.990;9.971;174403000;174403000;;2024-10-01;2035-09-28;2025-09-03;2026-09-03;Maturity;2036-09-03;2036-09-03;100.0;100.0;10.67;Domestic Non Government;1.2000;AA;1.0000000;52510100;CH;001215
2026-01-30;SBR14D;SBI AAA-BBB D;CH0027441929;Duration;CHF;;;;;7.12;1988;;;;148582709;CH1485827096;CH48582709=S;0.625 KT GE 25-35;175000000;99.4500000;0.1909722;0.687;8.946;174371701;174371701;;2025-10-14;2034-04-28;2025-10-10;2026-04-10;Maturity;2035-04-10;2035-04-10;100.0;100.0;9.28;Domestic Non Government;0.6250;AA;1.0000000;52515100;CH;001105
2026-01-30;SBR14D;SBI AAA-BBB D;CH0027441929;Duration;CHF;;;;;7.12;1988;;;;141142457;CH1411424570;CH41142457=S;0.597 ASIA 25-35;175000000;99.0500000;0.5875417;0.707;8.752;174365698;174365698;;2025-03-03;2034-02-28;2025-02-06;2026-02-06;Maturity;2035-02-06;2035-02-06;100.0;100.0;9.10;Foreign Supranational;0.5975;AAA;1.0000000;51515100;PH;010846
2026-01-30;SBR14D;SBI AAA-BBB D;CH0027441929;Duration;CHF;;;;;7.12;1988;;;;50501191;CH0505011913;CH50501191=S;0 KT GE 19-28;175000000;99.6000000;0.0000000;0.173;2.322;174300000;174300000;;2019-12-02;2027-05-31;2019-11-28;2020-05-26;Maturity;2028-05-26;2028-05-26;100.0;100.0;2.40;Domestic Non Government;0.0000;AA;1.0000000;52515100;CH;001105
2026-01-30;SBR14D;SBI AAA-BBB D;CH0027441929;Duration;CHF;;;;;7.12;1988;;;;137795558;CH1377955583;CH37795558=S;1.14 EIF 25-30;170000000;101.3500000;1.0101667;0.805;4.004;174012283;174012283;;2025-04-01;2029-03-30;2025-03-11;2026-03-11;Maturity;2030-03-11;2030-03-11;100.0;100.0;4.19;Foreign Corporate;1.1400;BBB;1.0000000;75510100;NL;012010
2026-01-30;SBR14D;SBI AAA-BBB D;CH0027441929;Duration;CHF;;;;;7.12;1988;;;;148990249;CH1489902499;CH48990249=S;0.75 KBLU 25-34 /Z;175000000;99.2500000;0.1229167;0.838;8.571;173902604;173902604;;2026-01-05;2033-12-30;2025-12-01;2026-12-01;Maturity;2034-12-01;2034-12-01;100.0;100.0;8.92;Domestic Non Government;0.7500;AA;1.0000000;52510100;CH;000431
2026-01-30;SBR14D;SBI AAA-BBB D;CH0027441929;Duration;CHF;;;;;7.12;1988;;;;118752046;CH1187520460;CH18752046=S;1.460 CAL 22-27;170000000;101.3500000;0.8478433;0.503;1.405;173736334;173736334;;2022-07-01;2026-07-31;2025-07-01;2026-07-01;Maturity;2027-07-01;2027-07-01;100.0;100.0;1.50;Foreign Corporate;1.4604;A;1.0000000;74010100;GB;012444
2026-01-30;SBR14D;SBI AAA-BBB D;CH0027441929;Duration;CHF;;;;;7.12;1988;;;;113740742;CH1137407420;CH13740742=S;0.142 SCOTIA 21-28;175000000;99.0500000;0.0376042;0.493;2.732;173403307;173403307;;2021-11-01;2027-10-29;2025-10-25;2026-10-25;Maturity;2028-10-25;2028-10-25;100.0;100.0;2.82;Foreign Corporate;0.1425;A;1.0000000;74010100;CA;002748
2026-01-30;SBR14D;SBI AAA-BBB D;CH0027441929;Duration;CHF;;;;;7.12;1988;;;;14233769;CH0142337697;CH14233769=S;2 KT GE 11-41;150000000;115.0000000;0.3444444;0.973;13.854;173016667;173016667;;2011-12-21;2040-11-30;2025-11-28;2026-11-28;Maturity;2041-11-28;2041-11-28;100.0;100.0;15.91;Domestic Non Government;2.0000;AA;1.0000000;52515100;CH;001105
2026-01-30;SBR14D;SBI AAA-BBB D;CH0027441929;Duration;CHF;;;;;7.12;1988;;;;110241773;CH1102417735;CH10241773=S;0.10 BL KB 21-30;175000000;98.4000000;0.0866667;0.492;4.123;172351667;172351667;;2021-04-01;2029-03-30;2025-03-18;2026-03-18;Maturity;2030-03-18;2030-03-18;100.0;100.0;4.21;Domestic Non Government;0.1000;AA;1.0000000;52510100;CH;000414
2026-01-30;SBR14D;SBI AAA-BBB D;CH0027441929;Duration;CHF;;;;;7.12;1988;;;;142864827;CH1428648278;CH42864827=S;0.85 RAI 25-29;170000000;100.7500000;0.6044444;0.619;3.239;172302556;172302556;;2025-06-02;2028-05-31;2025-05-14;2026-05-14;Maturity;2029-05-14;2029-05-14;100.0;100.0;3.37;Domestic Non Government;0.8500;AA;1.0000000;74010100;CH;017757
2026-01-30;SBR14D;SBI AAA-BBB D;CH0027441929;Duration;CHF;;;;;7.12;1988;;;;2667431;CH0026674314;CH2667431=S;3.125 BND IMM 31;150000000;113.4000000;1.2934028;0.672;5.183;172040104;172040104;;2006-10-02;2030-09-30;2025-09-01;2026-09-01;Maturity;2031-09-01;2031-09-01;100.0;100.0;5.67;Foreign Corporate;3.1250;AA;1.0000000;52010100;AT;010231
2026-01-30;SBR14D;SBI AAA-BBB D;CH0027441929;Duration;CHF;;;;;7.12;1988;;;;52215900;CH0522159000;CH52215900=S;1.625 KBLU 22-42;160000000;107.1500000;0.3475694;1.154;14.860;171996111;171996111;;2022-06-01;2041-11-29;2025-11-13;2026-11-13;Maturity;2042-11-13;2042-11-13;100.0;100.0;16.87;Domestic Non Government;1.6250;AA;1.0000000;52510100;CH;000431
2026-01-30;SBR14D;SBI AAA-BBB D;CH0027441929;Duration;CHF;;;;;7.12;1988;;;;25858639;CH0258586392;CH25858639=S;1.50 PB S601 14-35;160000000;106.8300000;0.3375000;0.772;9.162;171468000;171468000;;2014-11-19;2034-11-30;2025-11-09;2026-11-09;Maturity;2035-11-09;2035-11-09;100.0;100.0;9.86;Swiss Pfandbrief;1.5000;AAA;1.0000000;61010100;CH;001205
2026-01-30;SBR14D;SBI AAA-BBB D;CH0027441929;Duration;CHF;;;;;7.12;1988;;;;127136040;CH1271360401;CH27136040=S;2.772 SWEDBK 23-28;160000000;105.4000000;1.7482153;0.475;2.292;171437144;171437144;;2023-07-03;2027-06-30;2025-06-13;2026-06-13;Maturity;2028-06-13;2028-06-13;100.0;100.0;2.45;Foreign Corporate;2.7725;A;1.0000000;74010100;SE;018856
2026-01-30;SBR14D;SBI AAA-BBB D;CH0027441929;Duration;CHF;;;;;7.12;1988;;;;21782533;CH0217825337;CH21782533=S;2 KT SG 13-38;150000000;113.1500000;1.0777778;0.881;11.144;171341667;171341667;;2013-08-02;2037-07-31;2025-07-16;2026-07-16;Maturity;2038-07-16;2038-07-16;100.0;100.0;12.54;Domestic Non Government;2.0000;AAA;1.0000000;52515100;CH;002345
2026-01-30;SBR14D;SBI AAA-BBB D;CH0027441929;Duration;CHF;;;;;7.12;1988;;;;132148149;CH1321481496;CH32148149=S;2.39 LBW 24-29;160000000;104.3500000;2.3368889;0.924;2.889;170699022;170699022;;2024-03-01;2028-02-29;2025-02-08;2026-02-08;Maturity;2029-02-08;2029-02-08;100.0;100.0;3.10;Foreign Corporate;2.3900;A;1.0000000;74010100;DE;010747
2026-01-30;SBR14D;SBI AAA-BBB D;CH0027441929;Duration;CHF;;;;;7.12;1988;;;;56923766;CH0569237669;CH56923766=S;0.20 KT GE 20-35;180000000;94.7000000;0.0677778;0.771;9.569;170582000;170582000;;2020-10-01;2034-09-29;2025-09-28;2026-09-28;Maturity;2035-09-28;2035-09-28;100.0;100.0;9.74;Domestic Non Government;0.2000;AA;1.0000000;52515100;CH;001105
2026-01-30;SBR14D;SBI AAA-BBB D;CH0027441929;Duration;CHF;;;;;7.12;1988;;;;137693162;CH1376931627;CH37693162=S;0.762 EIB 25-37;170000000;99.6000000;0.7392014;0.801;10.542;170576642;170576642;;2025-03-03;2036-02-29;2025-02-11;2026-02-11;Maturity;2037-02-11;2037-02-11;100.0;100.0;11.11;Foreign Supranational;0.7625;AAA;1.0000000;51515100;LU;010844
2026-01-30;SBR14D;SBI AAA-BBB D;CH0027441929;Duration;CHF;;;;;7.12;1988;;;;117056567;CH1170565670;CH17056567=S;1 PZ S549 22-37;168000000;101.2200000;0.3000000;0.890;11.073;170553600;170553600;;2022-04-01;2036-10-31;2025-10-12;2026-10-12;Maturity;2037-10-12;2037-10-12;100.0;100.0;11.78;Swiss Pfandbrief;1.0000;AAA;1.0000000;61010100;CH;001211
2026-01-30;SBR14D;SBI AAA-BBB D;CH0027441929;Duration;CHF;;;;;7.12;1988;;;;22853146;CH0228531460;CH22853146=S;2 ZH 13-43;150000000;113.4000000;0.2333333;1.165;15.375;170450000;170450000;;2014-01-03;2042-12-31;2025-12-18;2026-12-18;Maturity;2043-12-18;2043-12-18;100.0;100.0;17.96;Domestic Non Government;2.0000;AAA;1.0000000;53015100;CH;001146
2026-01-30;SBR14D;SBI AAA-BBB D;CH0027441929;Duration;CHF;;;;;7.12;1988;;;;127926114;CH1279261148;CH27926114=S;1.837 COMP FIN 23-30;160000000;105.5000000;0.9800000;0.586;4.296;170368000;170368000;;2023-08-02;2029-07-31;2025-07-18;2026-07-18;Maturity;2030-07-18;2030-07-18;100.0;100.0;4.55;Foreign Corporate;1.8375;AAA;1.0000000;61510100;FR;001556
2026-01-30;SBR14D;SBI AAA-BBB D;CH0027441929;Duration;CHF;;;;;7.12;1988;;;;56565083;CH0565650832;CH56565083=S;0.25 BL KB 20-32;175000000;97.2500000;0.1027778;0.678;6.536;170367361;170367361;;2020-10-01;2031-09-30;2025-09-02;2026-09-02;Maturity;2032-09-02;2032-09-02;100.0;100.0;6.67;Domestic Non Government;0.2500;AA;1.0000000;52510100;CH;000414
2026-01-30;SBR14D;SBI AAA-BBB D;CH0027441929;Duration;CHF;;;;;7.12;1988;;;;134674289;CH1346742898;CH34674289=S;1.65 VISPAY 24-28;165000000;102.1500000;1.0725000;0.723;2.302;170317125;170317125;;2024-07-01;2027-06-30;2025-06-06;2026-06-06;Maturity;2028-06-06;2028-06-06;100.0;100.0;2.43;Domestic Non Government;1.6500;A;1.0000000;74015100;CH;021143
2026-01-30;SBR14D;SBI AAA-BBB D;CH0027441929;Duration;CHF;;;;;7.12;1988;;;;34144031;CH0341440318;CH34144031=S;0.40 ZH 16-46;200000000;85.0000000;0.0766667;1.221;19.901;170153333;170153333;;2016-12-01;2045-11-30;2025-11-21;2026-11-21;Maturity;2046-11-21;2046-11-21;100.0;100.0;20.89;Domestic Non Government;0.4000;AAA;1.0000000;53015100;CH;001146
2026-01-30;SBR14D;SBI AAA-BBB D;CH0027441929;Duration;CHF;;;;;7.12;1988;;;;142303674;CH1423036743;CH42303674=S;1.4475 EFGBNK 25-31;165000000;101.8000000;1.2987292;1.083;4.895;170112903;170112903;;2025-04-01;2030-03-29;2025-03-07;2026-03-07;Maturity;2031-03-07;2031-03-07;100.0;100.0;5.18;Domestic Non Government;1.4475;A;1.0000000;74010100;CH;021185
2026-01-30;SBR14D;SBI AAA-BBB D;CH0027441929;Duration;CHF;;;;;7.12;1988;;;;118469472;CH1184694722;CH18469472=S;1.80 HEAT 22-27;165000000;101.8400000;1.2150000;0.404;1.308;170040750;170040750;;2022-06-01;2026-05-29;2025-05-27;2026-05-27;Maturity;2027-05-27;2027-05-27;100.0;100.0;1.41;Foreign Corporate;1.8000;BBB;1.0000000;72020100;JE;019736
2026-01-30;SBR14D;SBI AAA-BBB D;CH0027441929;Duration;CHF;;;;;7.12;1988;;;;126589080;CH1265890801;CH26589080=S;1.60 BKB 24-31;160000000;105.2500000;0.9600000;0.609;5.176;169936000;169936000;;2024-07-01;2030-06-28;2025-06-24;2026-06-24;Maturity;2031-06-24;2031-06-24;100.0;100.0;5.48;Domestic Non Government;1.6000;AA;1.0000000;52510100;CH;002929
2026-01-30;SBR14D;SBI AAA-BBB D;CH0027441929;Duration;CHF;;;;;7.12;1988;;;;140544780;CH1405447801;CH40544780=S;1.20 BCV 25-35;165000000;101.8000000;1.1800000;0.990;8.506;169917000;169917000;;2025-03-03;2034-02-28;2025-02-06;2026-02-06;Maturity;2035-02-06;2035-02-06;100.0;100.0;9.10;Domestic Non Government;1.2000;AA;1.0000000;74010100;CH;000230
2026-01-30;SBR14D;SBI AAA-BBB D;CH0027441929;Duration;CHF;;;;;7.12;1988;;;;135325790;CH1353257905;CH35325790=S;2 SCOTIA 24-30;160000000;105.1500000;0.9888889;0.830;4.319;169822222;169822222;;2024-08-02;2029-08-31;2025-08-02;2026-08-02;Maturity;2030-08-02;2030-08-02;100.0;100.0;4.59;Foreign Corporate;2.0000;A;1.0000000;74010100;CA;002748
2026-01-30;SBR14D;SBI AAA-BBB D;CH0027441929;Duration;CHF;;;;;7.12;1988;;;;36153311;CH0361533117;CH36153311=S;0.625 NLW 17-37;175000000;96.6000000;0.2760417;0.937;11.148;169533073;169533073;;2017-09-01;2036-08-29;2025-08-21;2026-08-21;Maturity;2037-08-21;2037-08-21;100.0;100.0;11.64;Foreign Government;0.6250;AAA;1.0000000;52015100;NL;010359
2026-01-30;SBR14D;SBI AAA-BBB D;CH0027441929;Duration;CHF;;;;;7.12;1988;;;;135325793;CH1353257939;CH35325793=S;1.625 KW OBERH 24-32;160000000;105.0500000;0.8756944;0.819;6.144;169481111;169481111;;2024-08-02;2031-07-31;2025-07-16;2026-07-16;Maturity;2032-07-16;2032-07-16;100.0;100.0;6.54;Domestic Non Government;1.6250;A;1.0000000;75510100;CH;003002
2026-01-30;SBR14D;SBI AAA-BBB D;CH0027441929;Duration;CHF;;;;;7.12;1988;;;;132173778;CH1321737780;CH32173778=S;2.245 DB 24-30;160000000;105.8500000;0.0311806;0.750;3.860;169409889;169409889;;2024-02-01;2029-01-31;2026-01-25;2027-01-25;Maturity;2030-01-25;2030-01-25;100.0;100.0;4.07;Foreign Corporate;2.2450;A;1.0000000;74010100;DE;002079
2026-01-30;SBR14D;SBI AAA-BBB D;CH0027441929;Duration;CHF;;;;;7.12;1988;;;;129448635;CH1294486357;CH29448635=S;2.362 CAL 23-28;160000000;104.9000000;0.7546875;0.517;2.614;169047500;169047500;;2023-11-01;2027-10-29;2025-10-05;2026-10-05;Maturity;2028-10-05;2028-10-05;100.0;100.0;2.76;Foreign Corporate;2.3625;A;1.0000000;74010100;FR;012788
2026-01-30;SBR14D;SBI AAA-BBB D;CH0027441929;Duration;CHF;;;;;7.12;1988;;;;142886702;CH1428867027;CH42886702=S;1.25 SANDGR 25-28;165000000;101.2500000;1.0416667;0.642;2.043;168781250;168781250;;2025-04-01;2027-02-26;2025-03-31;2026-03-31;Next Call;2028-02-28;2028-03-31;100.0;100.0;2.16;Domestic Non Government;1.2500;BBB;1.0000000;73515100;CH;021141
2026-01-30;SBR14D;SBI AAA-BBB D;CH0027441929;Duration;CHF;;;;;7.12;1988;;;;126684707;CH1266847073;CH26684707=S;2.55 KSBADEN 23-38;150000000;110.9500000;1.5512500;1.570;10.730;168751875;168751875;;2023-07-03;2037-06-30;2025-06-21;2026-06-21;Maturity;2038-06-21;2038-06-21;100.0;100.0;12.47;Domestic Non Government;2.5500;AA;1.0000000;73510100;CH;020682
2026-01-30;SBR14D;SBI AAA-BBB D;CH0027441929;Duration;CHF;;;;;7.12;1988;;;;136140172;CH1361401727;CH36140172=S;1.30 PZ S597 24-39;161000000;104.3200000;0.2744444;0.964;12.708;168397056;168397056;;2024-07-16;2038-11-30;2025-11-14;2026-11-14;Maturity;2039-11-14;2039-11-14;100.0;100.0;13.87;Swiss Pfandbrief;1.3000;AAA;1.0000000;61010100;CH;001211
2026-01-30;SBR14D;SBI AAA-BBB D;CH0027441929;Duration;CHF;;;;;7.12;1988;;;;145418582;CH1454185823;CH45418582=S;1.155 CIBC 25-33;165000000;100.8500000;0.7154583;1.035;7.070;167583006;167583006;;2025-07-01;2031-06-30;2025-06-17;2026-06-17;Maturity;2032-06-17;2033-06-17;100.0;100.0;6.46;Foreign Corporate;1.1550;A;1.0000000;74010100;CA;002681
2026-01-30;SBR14D;SBI AAA-BBB D;CH0027441929;Duration;CHF;;;;;7.12;1988;;;;13015864;CH0130158642;CH13015864=S;2.50 ZKB 11-31;150000000;110.1000000;1.5972222;0.581;5.029;167545833;167545833;;2011-07-01;2030-06-28;2025-06-10;2026-06-10;Maturity;2031-06-10;2031-06-10;100.0;100.0;5.44;Domestic Non Government;2.5000;AAA;1.0000000;52510100;CH;000210
2026-01-30;SBR14D;SBI AAA-BBB D;CH0027441929;Duration;CHF;;;;;7.12;1988;;;;147140374;CH1471403746;CH47140374=S;0.95 ZKB 25-35;165000000;100.9000000;0.4380556;0.851;9.128;167207792;167207792;;2025-09-01;2034-08-31;2025-08-14;2026-08-14;Maturity;2035-08-14;2035-08-14;100.0;100.0;9.62;Domestic Non Government;0.9500;AAA;1.0000000;52510100;CH;000210
2026-01-30;SBR14D;SBI AAA-BBB D;CH0027441929;Duration;CHF;;;;;7.12;1988;;;;129097593;CH1290975932;CH29097593=S;1.867 SPAREB 23-28;160000000;104.0000000;0.5031875;0.392;2.677;167205100;167205100;;2023-11-01;2027-10-29;2025-10-23;2026-10-23;Maturity;2028-10-23;2028-10-23;100.0;100.0;2.81;Foreign Corporate;1.8675;AAA;1.0000000;61515100;NO;021016
2026-01-30;SBR14D;SBI AAA-BBB D;CH0027441929;Duration;CHF;;;;;7.12;1988;;;;18575416;CH0185754162;CH18575416=S;1.25 EGW 12-27;163400000;101.5200000;0.7812500;0.143;1.363;167160242;167160242;;2012-06-20;2026-06-30;2025-06-15;2026-06-15;Maturity;2027-06-15;2027-06-15;100.0;100.0;1.46;Domestic Non Government;1.2500;AAA;1.0000000;52010100;CH;003083
2026-01-30;SBR14D;SBI AAA-BBB D;CH0027441929;Duration;CHF;;;;;7.12;1988;;;;18042853;CH0180428531;CH18042853=S;2.875 KW LINTH 12-42;150000000;109.0000000;2.4197917;2.206;13.012;167129688;167129688;;2012-04-02;2041-03-29;2025-03-27;2026-03-27;Maturity;2042-03-27;2042-03-27;100.0;100.0;16.24;Domestic Non Government;2.8750;BBB;1.0000000;75510100;CH;003007
2026-01-30;SBR14D;SBI AAA-BBB D;CH0027441929;Duration;CHF;;;;;7.12;1988;;;;129022228;CH1290222285;CH29022228=S;2.375 JB 23-27;160000000;103.1500000;0.9500000;0.395;1.577;166560000;166560000;;2023-10-02;2026-09-30;2025-09-06;2026-09-06;Maturity;2027-09-06;2027-09-06;100.0;100.0;1.68;Domestic Non Government;2.3750;A;1.0000000;74010100;CH;000578
2026-01-30;SBR14D;SBI AAA-BBB D;CH0027441929;Duration;CHF;;;;;7.12;1988;;;;25414750;CH0254147504;CH25414750=S;1.50 SCM 14-29;160000000;103.5500000;0.5083333;0.518;3.575;166493333;166493333;;2014-10-01;2028-09-29;2025-09-28;2026-09-28;Maturity;2029-09-28;2029-09-28;100.0;100.0;3.74;Domestic Non Government;1.5000;A;1.0000000;75010100;CH;010711
2026-01-30;SBR14D;SBI AAA-BBB D;CH0027441929;Duration;CHF;;;;;7.12;1988;;;;22200041;CH0222000413;CH22200041=S;2.125 ZH 13-33;150000000;110.2500000;0.7319444;0.742;7.130;166472917;166472917;;2013-10-01;2032-09-30;2025-09-26;2026-09-26;Maturity;2033-09-26;2033-09-26;100.0;100.0;7.74;Domestic Non Government;2.1250;AAA;1.0000000;53015100;CH;001146
2026-01-30;SBR14D;SBI AAA-BBB D;CH0027441929;Duration;CHF;;;;;7.12;1988;;;;129087087;CH1290870877;CH29087087=S;2.50 MIGROSBK 23-33;150000000;110.0500000;0.8611111;1.122;7.043;166366667;166366667;;2023-10-02;2032-09-30;2025-09-26;2026-09-26;Maturity;2033-09-26;2033-09-26;100.0;100.0;7.74;Domestic Non Government;2.5000;A;1.0000000;74010100;CH;010307
2026-01-30;SBR14D;SBI AAA-BBB D;CH0027441929;Duration;CHF;;;;;7.12;1988;;;;148582699;CH1485826999;CH48582699=S;1.16 AMAG 25-28;165000000;100.3000000;0.4027778;1.044;2.619;166159583;166159583;;2025-10-01;2027-09-30;2025-09-25;2026-09-25;Maturity;2028-09-25;2028-09-25;100.0;100.0;2.73;Domestic Non Government;1.1600;BBB;1.0000000;74015100;CH;020626
2026-01-30;SBR14D;SBI AAA-BBB D;CH0027441929;Duration;CHF;;;;;7.12;1988;;;;142886710;CH1428867100;CH42886710=S;1.1197 KIWIBANK 25-33;160000000;102.5500000;0.8833189;0.755;6.908;165493310;165493310;;2025-05-02;2032-04-30;2025-04-16;2026-04-14;Maturity;2033-04-14;2033-04-14;100.0;100.0;7.29;Foreign Government;1.1197;AAA;1.0000000;61515100;NZ;019979
2026-01-30;SBR14D;SBI AAA-BBB D;CH0027441929;Duration;CHF;;;;;7.12;1988;;;;25361276;CH0253612763;CH25361276=S;1.375 BIE 14-29;160000000;102.9000000;0.4812500;0.570;3.571;165410000;165410000;;2014-10-01;2028-09-29;2025-09-24;2026-09-24;Maturity;2029-09-24;2029-09-24;100.0;100.0;3.73;Domestic Non Government;1.3750;A;1.0000000;53015100;CH;001127
2026-01-30;SBR14D;SBI AAA-BBB D;CH0027441929;Duration;CHF;;;;;7.12;1988;;;;146143817;CH1461438173;CH46143817=S;0.855 Rep Austria 25-37;165000000;99.6500000;0.4465000;0.887;10.933;165159225;165159225;;2025-08-04;2036-07-31;2025-07-22;2026-07-22;Maturity;2037-07-22;2037-07-22;100.0;100.0;11.56;Foreign Government;0.8550;AA;1.0000000;51010100;AT;010848
2026-01-30;SBR14D;SBI AAA-BBB D;CH0027441929;Duration;CHF;;;;;7.12;1988;;;;127136041;CH1271360419;CH27136041=S;1.842 AKAH 23-35;150000000;108.5500000;1.1515625;0.888;8.639;164552344;164552344;;2023-07-03;2034-06-30;2025-06-15;2026-06-15;Maturity;2035-06-15;2035-06-15;100.0;100.0;9.46;Foreign Government;1.8425;AA;1.0000000;52015100;SE;011244
2026-01-30;SBR14D;SBI AAA-BBB D;CH0027441929;Duration;CHF;;;;;7.12;1988;;;;14954957;CH0149549575;CH14954957=S;1.50 BKB 12-27;160000000;101.4500000;1.3666667;0.166;1.074;164506667;164506667;;2012-04-02;2026-03-31;2025-03-02;2026-03-02;Maturity;2027-03-02;2027-03-02;100.0;100.0;1.17;Domestic Non Government;1.5000;AA;1.0000000;52510100;CH;002929
2026-01-30;SBR14D;SBI AAA-BBB D;CH0027441929;Duration;CHF;;;;;7.12;1988;;;;140006456;CH1400064569;CH40006456=S;1.80 BARRY 25-31;160000000;102.7000000;0.0450000;1.237;4.804;164392000;164392000;;2025-02-03;2030-01-31;2026-01-21;2027-01-21;Maturity;2031-01-21;2031-01-21;100.0;100.0;5.06;Domestic Non Government;1.8000;BBB;1.0000000;73015100;CH;010480
2026-01-30;SBR14D;SBI AAA-BBB D;CH0027441929;Duration;CHF;;;;;7.12;1988;;;;127724094;CH1277240946;CH27724094=S;2.827 LABQPO 23-30;150000000;108.0000000;1.5551250;0.981;4.196;164332688;164332688;;2023-08-02;2029-07-31;2025-07-12;2026-07-12;Maturity;2030-07-12;2030-07-12;100.0;100.0;4.53;Foreign Corporate;2.8275;A;1.0000000;52010100;FR;003183
2026-01-30;SBR14D;SBI AAA-BBB D;CH0027441929;Duration;CHF;;;;;7.12;1988;;;;114275430;CH1142754303;CH14275430=S;0.15 BFCM 21-28;165000000;99.3000000;0.1350000;0.486;2.095;164067750;164067750;;2022-01-03;2027-03-31;2025-03-06;2026-03-06;Maturity;2028-03-06;2028-03-06;100.0;100.0;2.18;Foreign Corporate;0.1500;A;1.0000000;74010100;FR;012623
2026-01-30;SBR14D;SBI AAA-BBB D;CH0027441929;Duration;CHF;;;;;7.12;1988;;;;48526160;CH0485261603;CH48526160=S;0.35 EGW 20-40;176800000;92.5000000;0.2654167;0.914;13.861;164009257;164009257;;2020-05-04;2039-04-29;2025-04-27;2026-04-27;Maturity;2040-04-27;2040-04-27;100.0;100.0;14.32;Domestic Non Government;0.3500;AAA;1.0000000;52010100;CH;003083
2026-01-30;SBR14D;SBI AAA-BBB D;CH0027441929;Duration;CHF;;;;;7.12;1988;;;;126732927;CH1267329279;CH26732927=S;2.10 BCV 23-32;150000000;107.7500000;1.3591667;0.842;5.955;163663750;163663750;;2023-07-03;2031-06-30;2025-06-07;2026-06-07;Maturity;2032-06-07;2032-06-07;100.0;100.0;6.43;Domestic Non Government;2.1000;AA;1.0000000;74010100;CH;000230
2026-01-30;SBR14D;SBI AAA-BBB D;CH0027441929;Duration;CHF;;;;;7.12;1988;;;;127929300;CH1279293000;CH27929300=S;1.95 ZG KB 23-32;150000000;108.0000000;1.0995833;0.675;6.066;163649375;163649375;;2023-08-02;2031-07-31;2025-07-07;2026-07-07;Maturity;2032-07-07;2032-07-07;100.0;100.0;6.52;Domestic Non Government;1.9500;AAA;1.0000000;52510100;CH;000155
2026-01-30;SBR14D;SBI AAA-BBB D;CH0027441929;Duration;CHF;;;;;7.12;1988;;;;121479719;CH1214797198;CH21479719=S;2.375 ABBLTD 22-30;150000000;107.0000000;1.9461806;0.569;3.736;163419271;163419271;;2022-11-01;2029-01-31;2025-04-05;2026-04-05;Next Call;2030-01-05;2030-04-05;100.0;100.0;4.01;Domestic Non Government;2.3750;A;1.0000000;72010100;CH;010881
2026-01-30;SBR14D;SBI AAA-BBB D;CH0027441929;Duration;CHF;;;;;7.12;1988;;;;118171364;CH1181713640;CH18171364=S;1.362 RABO 22-28;160000000;101.0000000;1.0294444;0.553;1.231;163247111;163247111;;2022-06-01;2026-04-30;2025-04-28;2026-04-28;Next Call;2027-04-28;2028-04-28;100.0;100.0;1.32;Foreign Corporate;1.3625;A;1.0000000;74010100;NL;021021
2026-01-30;SBR14D;SBI AAA-BBB D;CH0027441929;Duration;CHF;;;;;7.12;1988;;;;51515248;CH0515152483;CH51515248=S;0.405 RAICH 21-29;165000000;98.7500000;0.1372500;0.752;3.637;163163962;163163962;;2021-10-01;2027-09-30;2025-09-28;2026-09-28;Maturity;2028-09-28;2029-09-28;100.0;100.0;2.74;Domestic Non Government;0.4050;A;1.0000000;74010100;CH;017757
2026-01-30;SBR14D;SBI AAA-BBB D;CH0027441929;Duration;CHF;;;;;7.12;1988;;;;145418595;CH1454185955;CH45418595=S;1.617 OROUR 25-35;160000000;100.9500000;0.8402014;1.509;8.798;162864322;162864322;;2025-08-04;2034-07-31;2025-07-23;2026-07-23;Maturity;2035-07-23;2035-07-23;100.0;100.0;9.56;Foreign Government;1.6175;BBB;1.0000000;51010100;UY;021256
2026-01-30;SBR14D;SBI AAA-BBB D;CH0027441929;Duration;CHF;;;;;7.12;1988;;;;141574694;CH1415746945;CH41574694=S;0.815 WELTBK 25-41;165000000;97.9000000;0.7584028;0.965;14.122;162786365;162786365;;2025-03-03;2040-02-29;2025-02-25;2026-02-25;Maturity;2041-02-25;2041-02-25;100.0;100.0;15.15;Foreign Supranational;0.8150;AAA;1.0000000;51515100;US;001525
2026-01-30;SBR14D;SBI AAA-BBB D;CH0027441929;Duration;CHF;;;;;7.12;1988;;;;141578010;CH1415780100;CH41578010=S;1.25 AXPO 25-33;160000000;100.7500000;0.8715278;1.142;6.967;162594444;162594444;;2025-06-02;2032-05-31;2025-05-19;2026-05-19;Maturity;2033-05-19;2033-05-19;100.0;100.0;7.38;Domestic Non Government;1.2500;A;1.0000000;75510100;CH;019086
2026-01-30;SBR14D;SBI AAA-BBB D;CH0027441929;Duration;CHF;;;;;7.12;1988;;;;126482349;CH1264823498;CH26482349=S;2.55 UBS 23-29;150000000;106.4500000;1.8487500;0.557;3.134;162448125;162448125;;2023-06-01;2028-05-31;2025-05-09;2026-05-09;Maturity;2029-05-09;2029-05-09;100.0;100.0;3.36;Foreign Corporate;2.5500;A;1.0000000;74015100;GB;011502
2026-01-30;SBR14D;SBI AAA-BBB D;CH0027441929;Duration;CHF;;;;;7.12;1988;;;;120636762;CH1206367620;CH20636762=S;2.125 EGW 22-42;136900000;118.2500000;0.3895833;0.946;14.509;162417590;162417590;;2022-12-01;2041-11-29;2025-11-24;2026-11-24;Maturity;2042-11-24;2042-11-24;100.0;100.0;16.90;Domestic Non Government;2.1250;AAA;1.0000000;52010100;CH;003083
2026-01-30;SBR14D;SBI AAA-BBB D;CH0027441929;Duration;CHF;;;;;7.12;1988;;;;138091035;CH1380910351;CH38091035=S;0.9 BERN 24-33;160000000;101.2000000;0.2225000;0.740;7.509;162276000;162276000;;2024-11-19;2032-11-30;2025-11-01;2026-11-01;Maturity;2033-11-01;2033-11-01;100.0;100.0;7.83;Domestic Non Government;0.9000;AA;1.0000000;53015100;CH;001126
2026-01-30;SBR14D;SBI AAA-BBB D;CH0027441929;Duration;CHF;;;;;7.12;1988;;;;50607127;CH0506071270;CH50607127=S;0.14 FR KB 20-30;165000000;98.0500000;0.0886667;0.594;4.353;161928800;161928800;;2020-07-01;2029-06-29;2025-06-12;2026-06-12;Maturity;2030-06-12;2030-06-12;100.0;100.0;4.45;Domestic Non Government;0.1400;AA;1.0000000;52510100;CH;002995
2026-01-30;SBR14D;SBI AAA-BBB D;CH0027441929;Duration;CHF;;;;;7.12;1988;;;;53689351;CH0536893511;CH53689351=S;0.10 EGW 20-38;178100000;90.8000000;0.0244444;0.865;12.673;161758336;161758336;;2020-11-17;2037-11-30;2025-11-02;2026-11-02;Maturity;2038-11-02;2038-11-02;100.0;100.0;12.84;Domestic Non Government;0.1000;AAA;1.0000000;52010100;CH;003083
2026-01-30;SBR14D;SBI AAA-BBB D;CH0027441929;Duration;CHF;;;;;7.12;1988;;;;125636717;CH1256367173;CH25636717=S;1.75 KT TI 23-31;150000000;106.4500000;1.3562500;0.496;4.983;161709375;161709375;;2023-05-02;2030-04-30;2025-04-21;2026-04-21;Maturity;2031-04-21;2031-04-21;100.0;100.0;5.31;Domestic Non Government;1.7500;AA;1.0000000;52515100;CH;001111
2026-01-30;SBR14D;SBI AAA-BBB D;CH0027441929;Duration;CHF;;;;;7.12;1988;;;;145418594;CH1454185948;CH45418594=S;1.04 OROUR 25-30;160000000;100.5000000;0.5402222;0.925;4.379;161664356;161664356;;2025-08-04;2029-07-31;2025-07-23;2026-07-23;Maturity;2030-07-23;2030-07-23;100.0;100.0;4.56;Foreign Government;1.0400;BBB;1.0000000;51010100;UY;021256
2026-01-30;SBR14D;SBI AAA-BBB D;CH0027441929;Duration;CHF;;;;;7.12;1988;;;;35767611;CH0357676110;CH35767611=S;0.875 ALL 17-27;160000000;100.2800000;0.7291667;0.633;1.158;161614667;161614667;;2017-04-03;2026-03-31;2025-03-30;2026-03-30;Maturity;2027-03-30;2027-03-30;100.0;100.0;1.25;Domestic Non Government;0.8750;BBB;1.0000000;76015100;CH;011120
2026-01-30;SBR14D;SBI AAA-BBB D;CH0027441929;Duration;CHF;;;;;7.12;1988;;;;132148154;CH1321481546;CH32148154=S;2.565 VONOVIA 24-29;150000000;105.2000000;2.4652500;0.779;2.819;161497875;161497875;;2024-03-01;2028-01-31;2025-02-14;2026-02-14;Next Call;2029-01-14;2029-02-14;100.0;100.0;3.04;Foreign Corporate;2.5650;BBB;1.0000000;76015100;DE;021164
2026-01-30;SBR14D;SBI AAA-BBB D;CH0027441929;Duration;CHF;;;;;7.12;1988;;;;145771647;CH1457716475;CH45771647=S;1.03 TRATON 25-28;160000000;100.3000000;0.6122778;0.903;2.375;161459644;161459644;;2025-07-01;2027-05-31;2025-06-26;2026-06-26;Maturity;2028-05-26;2028-06-26;100.0;100.0;2.40;Foreign Corporate;1.0300;BBB;1.0000000;72010100;LU;021180
2026-01-30;SBR14D;SBI AAA-BBB D;CH0027441929;Duration;CHF;;;;;7.12;1988;;;;130027782;CH1300277824;CH30027782=S;1.922 HILTI 23-31;150000000;107.1000000;0.4272222;0.666;5.513;161290833;161290833;;2023-12-01;2030-11-29;2025-11-10;2026-11-10;Maturity;2031-11-10;2031-11-10;100.0;100.0;5.86;Domestic Non Government;1.9225;A;1.0000000;72010100;LI;001459
2026-01-30;SBR14D;SBI AAA-BBB D;CH0027441929;Duration;CHF;;;;;7.12;1988;;;;133724898;CH1337248988;CH33724898=S;2.1175 RAICH 24-32;150000000;105.9500000;1.5057778;0.958;4.998;161183667;161183667;;2024-06-03;2031-05-30;2025-05-14;2026-05-14;Next Call;2031-05-14;2032-05-14;100.0;100.0;5.37;Domestic Non Government;2.1175;A;1.0000000;74010100;CH;017757
2026-01-30;SBR14D;SBI AAA-BBB D;CH0027441929;Duration;CHF;;;;;7.12;1988;;;;123946469;CH1239464691;CH23946469=S;3 ALL 23-28;150000000;105.1000000;2.3416667;0.676;2.136;161162500;161162500;;2023-05-02;2027-04-30;2025-04-19;2026-04-19;Maturity;2028-04-19;2028-04-19;100.0;100.0;2.30;Domestic Non Government;3.0000;BBB;1.0000000;76015100;CH;011120
2026-01-30;SBR14D;SBI AAA-BBB D;CH0027441929;Duration;CHF;;;;;7.12;1988;;;;131996857;CH1319968579;CH31996857=S;2.10 ALL 24-31;150000000;105.7000000;1.7266667;0.966;4.889;161140000;161140000;;2024-05-02;2030-04-30;2025-04-04;2026-04-04;Maturity;2031-04-04;2031-04-04;100.0;100.0;5.26;Domestic Non Government;2.1000;BBB;1.0000000;76015100;CH;011120
2026-01-30;SBR14D;SBI AAA-BBB D;CH0027441929;Duration;CHF;;;;;7.12;1988;;;;18974244;CH0189742445;CH18974244=S;1.625 LU KB 12-37;150000000;106.5500000;0.8576389;1.017;10.511;161111458;161111458;;2012-08-02;2036-07-31;2025-07-20;2026-07-20;Maturity;2037-07-20;2037-07-20;100.0;100.0;11.55;Domestic Non Government;1.6250;AA;1.0000000;52510100;CH;000431
2026-01-30;SBR14D;SBI AAA-BBB D;CH0027441929;Duration;CHF;;;;;7.12;1988;;;;133111351;CH1331113519;CH33111351=S;2.75 CLA 24-31;150000000;105.1000000;2.3069444;1.709;4.787;161110417;161110417;;2024-04-02;2030-03-29;2025-03-28;2026-03-28;Maturity;2031-03-28;2031-03-28;100.0;100.0;5.24;Domestic Non Government;2.7500;BBB;1.0000000;71510100;CH;010039
2026-01-30;SBR14D;SBI AAA-BBB D;CH0027441929;Duration;CHF;;;;;7.12;1988;;;;135657031;CH1356570312;CH35657031=S;1.742 EDF 24-32;155000000;103.2000000;0.6970000;1.234;6.257;161040350;161040350;;2024-10-01;2031-09-30;2025-09-06;2026-09-06;Maturity;2032-09-06;2032-09-06;100.0;100.0;6.68;Foreign Corporate;1.7425;BBB;1.0000000;75510100;FR;001699
2026-01-30;SBR14D;SBI AAA-BBB D;CH0027441929;Duration;CHF;;;;;7.12;1988;;;;123390000;CH1233900005;CH23390000=S;1.875 MHB 23-30;150000000;105.9500000;1.3697917;0.464;4.096;160979688;160979688;;2023-03-01;2029-05-31;2025-05-07;2026-05-07;Maturity;2030-05-07;2030-05-07;100.0;100.0;4.35;Foreign Corporate;1.8750;AAA;1.0000000;61010100;DE;010705
2026-01-30;SBR14D;SBI AAA-BBB D;CH0027441929;Duration;CHF;;;;;7.12;1988;;;;145239650;CH1452396505;CH45239650=S;0.80 KBLU 25-34;160000000;100.1000000;0.4733333;0.788;8.128;160917333;160917333;;2025-07-01;2033-06-30;2025-06-27;2026-06-27;Maturity;2034-06-27;2034-06-27;100.0;100.0;8.49;Domestic Non Government;0.8000;AA;1.0000000;52510100;CH;000431
2026-01-30;SBR14D;SBI AAA-BBB D;CH0027441929;Duration;CHF;;;;;7.12;1988;;;;123946479;CH1239464790;CH23946479=S;2.05 TI KB 23-30;150000000;105.8500000;1.4008333;0.670;4.127;160876250;160876250;;2023-06-01;2029-05-31;2025-05-24;2026-05-24;Maturity;2030-05-24;2030-05-24;100.0;100.0;4.40;Domestic Non Government;2.0500;AA;1.0000000;52510100;CH;001220
2026-01-30;SBR14D;SBI AAA-BBB D;CH0027441929;Duration;CHF;;;;;7.12;1988;;;;131494141;CH1314941415;CH31494141=S;1.845 KHFC 24-30;150000000;105.3000000;1.8398750;0.504;3.831;160709812;160709812;;2024-03-01;2029-02-28;2025-02-01;2026-02-01;Maturity;2030-02-01;2030-02-01;100.0;100.0;4.08;Foreign Corporate;1.8450;AAA;1.0000000;61510100;KR;021049
2026-01-30;SBR14D;SBI AAA-BBB D;CH0027441929;Duration;CHF;;;;;7.12;1988;;;;130611704;CH1306117040;CH30611704=S;2.50 LANDESBK 23-30;150000000;106.6000000;0.4722222;1.084;4.582;160608333;160608333;;2023-12-01;2029-11-30;2025-11-22;2026-11-22;Maturity;2030-11-22;2030-11-22;100.0;100.0;4.89;Domestic Non Government;2.5000;A;1.0000000;74010100;LI;002428
2026-01-30;SBR14D;SBI AAA-BBB D;CH0027441929;Duration;CHF;;;;;7.12;1988;;;;48526157;CH0485261579;CH48526157=S;0.375 KT GE 20-30;160000000;100.0000000;0.3468750;0.375;4.038;160555000;160555000;;2020-05-04;2029-02-28;2025-02-27;2026-02-27;Maturity;2030-02-27;2030-02-27;100.0;100.0;4.16;Domestic Non Government;0.3750;AA;1.0000000;52515100;CH;001105
2026-01-30;SBR14D;SBI AAA-BBB D;CH0027441929;Duration;CHF;;;;;7.12;1988;;;;129022249;CH1290222491;CH29022249=S;2.625 ZKB 23-30;150000000;106.3500000;0.6489583;0.896;3.607;160498437;160498437;;2023-12-01;2028-11-30;2025-11-01;2026-11-01;Next Call;2029-11-01;2030-11-01;100.0;100.0;3.83;Domestic Non Government;2.6250;AA;1.0000000;74010100;CH;000210
2026-01-30;SBR14D;SBI AAA-BBB D;CH0027441929;Duration;CHF;;;;;7.12;1988;;;;144958362;CH1449583629;CH44958362=S;0.45 ZH 25-30;160000000;99.9000000;0.2850000;0.473;4.322;160296000;160296000;;2025-06-17;2029-06-29;2025-06-12;2026-06-12;Maturity;2030-06-12;2030-06-12;100.0;100.0;4.45;Domestic Non Government;0.4500;AAA;1.0000000;53015100;CH;001146
2026-01-30;SBR14D;SBI AAA-BBB D;CH0027441929;Duration;CHF;;;;;7.12;1988;;;;52161733;CH0521617339;CH52161733=S;0.25 SOGE 20-27;160000000;99.8600000;0.2326389;0.381;1.067;160148222;160148222;;2020-03-02;2026-02-27;2025-02-25;2026-02-25;Maturity;2027-02-25;2027-02-25;100.0;100.0;1.15;Foreign Corporate;0.2500;BBB;1.0000000;74010100;FR;012823
2026-01-30;SBR14D;SBI AAA-BBB D;CH0027441929;Duration;CHF;;;;;7.12;1988;;;;111201158;CH1112011585;CH11201158=S;0.75 HIAG 21-28;160000000;99.6500000;0.4375000;0.897;2.394;160140000;160140000;;2021-08-02;2027-06-30;2025-06-30;2026-06-30;Maturity;2028-06-30;2028-06-30;100.0;100.0;2.50;Domestic Non Government;0.7500;BBB;1.0000000;76015100;CH;020234
2026-01-30;SBR14D;SBI AAA-BBB D;CH0027441929;Duration;CHF;;;;;7.12;1988;;;;132150836;CH1321508363;CH32150836=S;1.565 EDF 24-29;155000000;102.6500000;0.6260000;0.815;3.510;160077800;160077800;;2024-10-01;2028-09-29;2025-09-06;2026-09-06;Maturity;2029-09-06;2029-09-06;100.0;100.0;3.68;Foreign Corporate;1.5650;BBB;1.0000000;75510100;FR;001699
2026-01-30;SBR14D;SBI AAA-BBB D;CH0027441929;Duration;CHF;;;;;7.12;1988;;;;41904164;CH0419041642;CH41904164=S;0.30 BNP 19-27;160000000;99.8500000;0.0875000;0.388;1.705;159900000;159900000;;2019-11-01;2026-10-30;2025-10-15;2026-10-15;Maturity;2027-10-15;2027-10-15;100.0;100.0;1.79;Foreign Corporate;0.3000;A;1.0000000;74010100;FR;011329
2026-01-30;SBR14D;SBI AAA-BBB D;CH0027441929;Duration;CHF;;;;;7.12;1988;;;;115984133;CH1159841332;CH15984133=S;0.28 SOGE 22-27;160000000;99.8500000;0.0031111;0.432;0.989;159764978;159764978;;2022-02-01;2026-01-30;2026-01-26;2027-01-26;Maturity;2027-01-26;2027-01-26;100.0;100.0;1.07;Foreign Corporate;0.2800;A;1.0000000;74010100;FR;012823
2026-01-30;SBR14D;SBI AAA-BBB D;CH0027441929;Duration;CHF;;;;;7.12;1988;;;;123946466;CH1239464667;CH23946466=S;2.20 WTHUR 23-58;125000000;125.9000000;1.8516667;1.221;24.119;159689583;159689583;;2023-04-03;2057-03-30;2025-03-27;2026-03-27;Maturity;2058-03-27;2058-03-27;100.0;100.0;32.24;Domestic Non Government;2.2000;AA;1.0000000;53015100;CH;003145
2026-01-30;SBR14D;SBI AAA-BBB D;CH0027441929;Duration;CHF;;;;;7.12;1988;;;;124866693;CH1248666930;CH24866693=S;1.875 SCM 23-30;150000000;105.5500000;0.8177083;0.637;4.389;159551562;159551562;;2023-03-01;2029-08-31;2025-08-23;2026-08-23;Maturity;2030-08-23;2030-08-23;100.0;100.0;4.64;Domestic Non Government;1.8750;A;1.0000000;75010100;CH;010711
2026-01-30;SBR14D;SBI AAA-BBB D;CH0027441929;Duration;CHF;;;;;7.12;1988;;;;133585034;CH1335850348;CH33585034=S;1.6925 EDTDPM 24-31;155000000;102.3500000;0.4278264;1.266;5.509;159305631;159305631;;2024-11-01;2030-10-31;2025-10-29;2026-10-29;Maturity;2031-10-30;2031-10-30;100.0;100.0;5.83;Foreign Government;1.6925;A;1.0000000;52015100;CL;021215
2026-01-30;SBR14D;SBI AAA-BBB D;CH0027441929;Duration;CHF;;;;;7.12;1988;;;;26076944;CH0260769440;CH26076944=S;1.875 AT&T 14-30;150000000;105.8500000;0.2916667;0.644;4.670;159212500;159212500;;2014-12-01;2029-12-31;2025-12-04;2026-12-04;Maturity;2030-12-04;2030-12-04;100.0;100.0;4.92;Foreign Corporate;1.8750;BBB;1.0000000;75010100;US;014282
2026-01-30;SBR14D;SBI AAA-BBB D;CH0027441929;Duration;CHF;;;;;7.12;1988;;;;28006349;CH0280063493;CH28006349=S;0.90 TPG 15-35;160000000;98.8500000;0.6225000;1.030;8.913;159156000;159156000;;2015-06-01;2034-05-31;2025-05-21;2026-05-21;Maturity;2035-05-21;2035-05-21;100.0;100.0;9.39;Domestic Non Government;0.9000;AA;1.0000000;52010100;CH;003187
2026-01-30;SBR14D;SBI AAA-BBB D;CH0027441929;Duration;CHF;;;;;7.12;1988;;;;130095001;CH1300950016;CH30095001=S;2.12 TOMOFI 23-29;150000000;105.5500000;0.5535556;0.614;3.620;159155333;159155333;;2023-11-01;2028-10-31;2025-10-26;2026-10-26;Maturity;2029-10-26;2029-10-26;100.0;100.0;3.82;Foreign Corporate;2.1200;A;1.0000000;72510100;CH;021127
2026-01-30;SBR14D;SBI AAA-BBB D;CH0027441929;Duration;CHF;;;;;7.12;1988;;;;130027783;CH1300277832;CH30027783=S;1.625 NESTLE 23-27;155000000;102.3500000;0.3159722;0.317;1.790;159132257;159132257;;2023-12-01;2026-11-30;2025-11-20;2026-11-20;Maturity;2027-11-20;2027-11-20;100.0;100.0;1.89;Domestic Non Government;1.6250;AA;1.0000000;73015100;CH;021262
2026-01-30;SBR14D;SBI AAA-BBB D;CH0027441929;Duration;CHF;;;;;7.12;1988;;;;134674296;CH1346742963;CH34674296=S;2.10 LUSPIT 24-34;150000000;104.7000000;1.2775000;1.499;7.706;158966250;158966250;;2024-07-01;2033-06-30;2025-06-21;2026-06-21;Maturity;2034-06-21;2034-06-21;100.0;100.0;8.47;Domestic Non Government;2.1000;AA;1.0000000;73510100;CH;020742
2026-01-30;SBR14D;SBI AAA-BBB D;CH0027441929;Duration;CHF;;;;;7.12;1988;;;;134674302;CH1346743029;CH34674302=S;2.05 MOBN 24-30;150000000;104.7000000;1.1901389;0.958;4.228;158835208;158835208;;2024-08-02;2029-07-31;2025-07-01;2026-07-01;Maturity;2030-07-01;2030-07-01;100.0;100.0;4.50;Domestic Non Government;2.0500;BBB;1.0000000;76015100;CH;012643
2026-01-30;SBR14D;SBI AAA-BBB D;CH0027441929;Duration;CHF;;;;;7.12;1988;;;;134861414;CH1348614145;CH34861414=S;1.75 BAL 24-34;150000000;104.7500000;1.1326389;1.150;7.776;158823958;158823958;;2024-07-01;2033-03-31;2025-06-07;2026-06-07;Maturity;2034-06-07;2034-06-07;100.0;100.0;8.43;Domestic Non Government;1.7500;A;1.0000000;74020100;CH;021282
2026-01-30;SBR14D;SBI AAA-BBB D;CH0027441929;Duration;CHF;;;;;7.12;1988;;;;38694931;CH0386949314;CH38694931=S;0.55 MHB 17-32;160000000;99.1500000;0.1038889;0.678;6.697;158806222;158806222;;2017-12-01;2031-11-28;2025-11-22;2026-11-22;Maturity;2032-11-22;2032-11-22;100.0;100.0;6.89;Foreign Corporate;0.5500;AAA;1.0000000;61010100;DE;010705
2026-01-30;SBR14D;SBI AAA-BBB D;CH0027441929;Duration;CHF;;;;;7.12;1988;;;;121324387;CH1213243871;CH21324387=S;1.802 WBC 22-29;150000000;105.0500000;0.6458958;0.403;3.540;158543844;158543844;;2022-10-03;2028-09-29;2025-09-21;2026-09-21;Maturity;2029-09-21;2029-09-21;100.0;100.0;3.72;Foreign Corporate;1.8025;AAA;1.0000000;61515100;AU;010386
2026-01-30;SBR14D;SBI AAA-BBB D;CH0027441929;Duration;CHF;;;;;7.12;1988;;;;52215883;CH0522158838;CH52215883=S;0.037 TRNEZE 21-29;160000000;98.7000000;0.0327083;0.457;3.126;157972333;157972333;;2021-04-01;2028-03-31;2025-03-16;2026-03-16;Maturity;2029-03-16;2029-03-16;100.0;100.0;3.21;Foreign Government;0.0375;AA;1.0000000;52015100;NZ;020850
2026-01-30;SBR14D;SBI AAA-BBB D;CH0027441929;Duration;CHF;;;;;7.12;1988;;;;50501187;CH0505011871;CH50501187=S;0.375 LGT 19-29;160000000;98.6500000;0.0781250;0.737;3.769;157965000;157965000;;2019-12-02;2028-11-30;2025-11-15;2026-11-15;Maturity;2029-11-15;2029-11-15;100.0;100.0;3.87;Domestic Non Government;0.3750;A;1.0000000;74010100;LI;019844
2026-01-30;SBR14D;SBI AAA-BBB D;CH0027441929;Duration;CHF;;;;;7.12;1988;;;;129448633;CH1294486332;CH29448633=S;2.602 LBW 23-28;150000000;104.4500000;0.8385833;0.912;2.604;157932875;157932875;;2023-11-01;2027-10-29;2025-10-04;2026-10-04;Maturity;2028-10-04;2028-10-04;100.0;100.0;2.76;Foreign Corporate;2.6025;A;1.0000000;74010100;DE;010747
2026-01-30;SBR14D;SBI AAA-BBB D;CH0027441929;Duration;CHF;;;;;7.12;1988;;;;111542470;CH1115424702;CH11542470=S;0.25 BFCM 21-29;160000000;98.5000000;0.1520833;0.699;3.377;157843333;157843333;;2021-07-01;2028-06-30;2025-06-21;2026-06-21;Maturity;2029-06-21;2029-06-21;100.0;100.0;3.47;Foreign Corporate;0.2500;A;1.0000000;74010100;FR;012623
2026-01-30;SBR14D;SBI AAA-BBB D;CH0027441929;Duration;CHF;;;;;7.12;1988;;;;123949505;CH1239495059;CH23949505=S;1.91 CREAGR 23-30;150000000;105.2000000;0.0265278;0.586;3.878;157839792;157839792;;2023-02-01;2029-01-31;2026-01-25;2027-01-25;Maturity;2030-01-25;2030-01-25;100.0;100.0;4.07;Domestic Non Government;1.9100;AAA;1.0000000;61515100;CH;020901
2026-01-30;SBR14D;SBI AAA-BBB D;CH0027441929;Duration;CHF;;;;;7.12;1988;;;;119400033;CH1194000332;CH19400033=S;1.95 HELVSI 22-29;150000000;104.0000000;1.1645833;0.664;3.056;157746875;157746875;;2022-07-01;2028-03-31;2025-06-25;2026-06-25;Next Call;2029-03-25;2029-06-25;100.0;100.0;3.23;Domestic Non Government;1.9500;A;1.0000000;74020100;CH;019264
2026-01-30;SBR14D;SBI AAA-BBB D;CH0027441929;Duration;CHF;;;;;7.12;1988;;;;52161729;CH0521617297;CH52161729=S;0 WKB 20-29;160000000;98.5000000;0.0000000;0.499;3.039;157600000;157600000;;2020-03-02;2028-02-29;2020-02-14;2021-02-14;Maturity;2029-02-14;2029-02-14;100.0;100.0;3.12;Domestic Non Government;0.0000;AA;1.0000000;52510100;CH;001215
2026-01-30;SBR14D;SBI AAA-BBB D;CH0027441929;Duration;CHF;;;;;7.12;1988;;;;129087103;CH1290871032;CH29087103=S;1.347 TRNEZE 24-31;150000000;103.9000000;1.1566042;0.575;4.951;157584906;157584906;;2024-04-02;2030-03-29;2025-03-21;2026-03-21;Maturity;2031-03-21;2031-03-21;100.0;100.0;5.22;Foreign Government;1.3475;AA;1.0000000;52015100;NZ;020850
2026-01-30;SBR14D;SBI AAA-BBB D;CH0027441929;Duration;CHF;;;;;7.12;1988;;;;111822350;CH1118223507;CH11822350=S;0.15 EGW 21-41;178000000;88.4500000;0.0587500;0.950;15.415;157545575;157545575;;2021-12-01;2040-09-28;2025-09-09;2026-09-09;Maturity;2041-09-09;2041-09-09;100.0;100.0;15.69;Domestic Non Government;0.1500;AAA;1.0000000;52010100;CH;003083
2026-01-30;SBR14D;SBI AAA-BBB D;CH0027441929;Duration;CHF;;;;;7.12;1988;;;;130591688;CH1305916889;CH30591688=S;2.215 GLENCAP 24-30;150000000;104.9000000;0.0738333;0.870;3.607;157460750;157460750;;2024-02-01;2028-10-31;2026-01-18;2027-01-18;Next Call;2029-10-18;2030-01-18;100.0;100.0;3.80;Foreign Corporate;2.2150;BBB;1.0000000;71510100;IE;020903
2026-01-30;SBR14D;SBI AAA-BBB D;CH0027441929;Duration;CHF;;;;;7.12;1988;;;;141451960;CH1414519608;CH41451960=S;0.635 IFC 25-32;155000000;100.9000000;0.6138333;0.483;5.903;157346442;157346442;;2025-03-03;2031-02-28;2025-02-12;2026-02-12;Maturity;2032-02-12;2032-02-12;100.0;100.0;6.11;Foreign Supranational;0.6350;AAA;1.0000000;51515100;US;010033
2026-01-30;SBR14D;SBI AAA-BBB D;CH0027441929;Duration;CHF;;;;;7.12;1988;;;;129371434;CH1293714346;CH29371434=S;2.25 PARTNERS 23-28;150000000;104.1000000;0.7750000;0.686;2.592;157312500;157312500;;2023-10-02;2027-09-30;2025-09-26;2026-09-26;Maturity;2028-09-26;2028-09-26;100.0;100.0;2.74;Domestic Non Government;2.2500;A;1.0000000;74015100;CH;014428
2026-01-30;SBR14D;SBI AAA-BBB D;CH0027441929;Duration;CHF;;;;;7.12;1988;;;;129022233;CH1290222335;CH29022233=S;2.267 SWPIFI 23-28;150000000;103.9500000;0.8314167;0.746;2.569;157172125;157172125;;2023-10-02;2027-09-30;2025-09-18;2026-09-18;Maturity;2028-09-18;2028-09-18;100.0;100.0;2.71;Domestic Non Government;2.2675;A;1.0000000;76015100;CH;020888
2026-01-30;SBR14D;SBI AAA-BBB D;CH0027441929;Duration;CHF;;;;;7.12;1988;;;;119171471;CH1191714711;CH19171471=S;1.625 GIV 22-29;150000000;103.6500000;1.0156250;0.531;3.282;156998438;156998438;;2022-07-01;2028-06-30;2025-06-15;2026-06-15;Maturity;2029-06-15;2029-06-15;100.0;100.0;3.46;Domestic Non Government;1.6250;BBB;1.0000000;71510100;CH;011181
2026-01-30;SBR14D;SBI AAA-BBB D;CH0027441929;Duration;CHF;;;;;7.12;1988;;;;129323798;CH1293237983;CH29323798=S;1.977 ABBLTD 23-28;150000000;103.9000000;0.7031111;0.489;2.588;156904667;156904667;;2023-10-02;2027-09-30;2025-09-22;2026-09-22;Maturity;2028-09-22;2028-09-22;100.0;100.0;2.73;Domestic Non Government;1.9775;A;1.0000000;72010100;CH;010881
2026-01-30;SBR14D;SBI AAA-BBB D;CH0027441929;Duration;CHF;;;;;7.12;1988;;;;13061488;CH0130614883;CH13061488=S;2.375 KT LU 11-27;150000000;103.0800000;1.4843750;0.131;1.352;156846562;156846562;;2011-06-15;2026-06-30;2025-06-15;2026-06-15;Maturity;2027-06-15;2027-06-15;100.0;100.0;1.46;Domestic Non Government;2.3750;AA;1.0000000;52515100;CH;001107
2026-01-30;SBR14D;SBI AAA-BBB D;CH0027441929;Duration;CHF;;;;;7.12;1988;;;;127100793;CH1271007937;CH27100793=S;2.05 CORNER 23-28;150000000;103.8000000;0.7061111;0.603;2.597;156759167;156759167;;2023-10-02;2027-09-30;2025-09-26;2026-09-26;Maturity;2028-09-26;2028-09-26;100.0;100.0;2.74;Domestic Non Government;2.0500;AAA;1.0000000;61515100;CH;020437
2026-01-30;SBR14D;SBI AAA-BBB D;CH0027441929;Duration;CHF;;;;;7.12;1988;;;;129099138;CH1290991384;CH29099138=S;0.80 BL KB 25-27;155000000;101.0000000;0.1311111;0.253;1.828;156753222;156753222;;2025-04-01;2026-12-30;2025-12-01;2026-12-01;Maturity;2027-12-01;2027-12-01;100.0;100.0;1.92;Domestic Non Government;0.8000;AA;1.0000000;52510100;CH;000414
2026-01-30;SBR14D;SBI AAA-BBB D;CH0027441929;Duration;CHF;;;;;7.12;1988;;;;25251041;CH0252510414;CH25251041=S;1.25 KT BE 14-30;150000000;104.0000000;0.4791667;0.374;4.498;156718750;156718750;;2014-09-17;2029-09-28;2025-09-12;2026-09-12;Maturity;2030-09-12;2030-09-12;100.0;100.0;4.70;Domestic Non Government;1.2500;AA;1.0000000;52515100;CH;001103
2026-01-30;SBR14D;SBI AAA-BBB D;CH0027441929;Duration;CHF;;;;;7.12;1988;;;;134861420;CH1348614202;CH34861420=S;1.5075 UBSWITZ 24-29;150000000;103.4500000;1.0133750;0.460;3.242;156695062;156695062;;2024-07-01;2028-05-31;2025-05-28;2026-05-28;Maturity;2029-05-28;2029-05-28;100.0;100.0;3.41;Domestic Non Government;1.5075;AAA;1.0000000;61515100;CH;021142
2026-01-30;SBR14D;SBI AAA-BBB D;CH0027441929;Duration;CHF;;;;;7.12;1988;;;;54576655;CH0545766559;CH54576655=S;0.55 NADB 20-33;160000000;97.5500000;0.3712500;0.897;7.171;156674000;156674000;;2020-07-01;2032-02-27;2025-05-27;2026-05-27;Maturity;2033-02-27;2033-05-27;100.0;100.0;7.16;Foreign Supranational;0.5500;AA;1.0000000;51515100;US;020347
2026-01-30;SBR14D;SBI AAA-BBB D;CH0027441929;Duration;CHF;;;;;7.12;1988;;;;127136042;CH1271360427;CH27136042=S;1.75 MHB 23-28;150000000;103.3500000;1.0548611;0.344;2.347;156607292;156607292;;2023-07-03;2027-06-30;2025-06-23;2026-06-23;Maturity;2028-06-23;2028-06-23;100.0;100.0;2.48;Foreign Corporate;1.7500;AAA;1.0000000;61010100;DE;010705
2026-01-30;SBR14D;SBI AAA-BBB D;CH0027441929;Duration;CHF;;;;;7.12;1988;;;;129087090;CH1290870901;CH29087090=S;2.75 CLA 23-28;150000000;103.4000000;0.9777778;1.429;2.566;156566667;156566667;;2023-10-02;2027-09-30;2025-09-22;2026-09-22;Maturity;2028-09-22;2028-09-22;100.0;100.0;2.73;Domestic Non Government;2.7500;BBB;1.0000000;71510100;CH;010039
2026-01-30;SBR14D;SBI AAA-BBB D;CH0027441929;Duration;CHF;;;;;7.12;1988;;;;130591690;CH1305916905;CH30591690=S;1.842 CAL 24-30;150000000;104.3000000;0.0665347;0.738;3.859;156549802;156549802;;2024-02-01;2029-01-31;2026-01-17;2027-01-17;Maturity;2030-01-17;2030-01-17;100.0;100.0;4.04;Foreign Corporate;1.8425;A;1.0000000;74010100;FR;012788
2026-01-30;SBR14D;SBI AAA-BBB D;CH0027441929;Duration;CHF;;;;;7.12;1988;;;;124432177;CH1244321779;CH24432177=S;1.625 MFP 23-28;150000000;103.3000000;1.0111111;0.232;2.331;156466667;156466667;;2023-07-03;2027-06-30;2025-06-16;2026-06-16;Maturity;2028-06-16;2028-06-16;100.0;100.0;2.46;Foreign Government;1.6250;AA;1.0000000;52015100;FI;016793
2026-01-30;SBR14D;SBI AAA-BBB D;CH0027441929;Duration;CHF;;;;;7.12;1988;;;;123636342;CH1236363425;CH23636342=S;2.487 RABO 23-29;150000000;103.9000000;0.0345486;0.509;1.962;155901823;155901823;;2023-02-01;2027-01-29;2026-01-25;2027-01-25;Next Call;2028-01-25;2029-01-25;100.0;100.0;2.07;Foreign Corporate;2.4875;A;1.0000000;74010100;NL;021021
2026-01-30;SBR14D;SBI AAA-BBB D;CH0027441929;Duration;CHF;;;;;7.12;1988;;;;124432180;CH1244321803;CH24432180=S;1.50 NIB 23-28;150000000;103.0500000;0.8791667;0.231;2.371;155893750;155893750;;2023-07-03;2027-06-30;2025-06-29;2026-06-29;Maturity;2028-06-29;2028-06-29;100.0;100.0;2.49;Foreign Supranational;1.5000;AAA;1.0000000;51515100;FI;001822
2026-01-30;SBR14D;SBI AAA-BBB D;CH0027441929;Duration;CHF;;;;;7.12;1988;;;;142864825;CH1428648252;CH42864825=S;1.10 KBNW 25-32;150000000;102.7000000;0.9227778;0.651;5.930;155434167;155434167;;2025-04-01;2031-03-31;2025-03-28;2026-03-24;Maturity;2032-03-24;2032-03-24;100.0;100.0;6.23;Domestic Non Government;1.1000;AA;1.0000000;52510100;CH;020451
2026-01-30;SBR14D;SBI AAA-BBB D;CH0027441929;Duration;CHF;;;;;7.12;1988;;;;129087099;CH1290870992;CH290870990S;1.582 SNCFM 24-39;150000000;102.0500000;1.5517292;1.409;11.704;155402594;155402594;;2024-03-01;2038-02-26;2025-02-07;2026-02-07;Maturity;2039-02-07;2039-02-07;100.0;100.0;13.10;Foreign Corporate;1.5825;A;1.0000000;52010100;FR;020316
2026-01-30;SBR14D;SBI AAA-BBB D;CH0027441929;Duration;CHF;;;;;7.12;1988;;;;114872827;CH1148728277;CH14872827=S;0.75 PZ S546 22-37;156000000;98.9100000;0.6833333;0.853;10.606;155365600;155365600;;2022-04-01;2036-03-31;2025-03-02;2026-03-02;Maturity;2037-03-02;2037-03-02;100.0;100.0;11.17;Swiss Pfandbrief;0.7500;AAA;1.0000000;61010100;CH;001211
2026-01-30;SBR14D;SBI AAA-BBB D;CH0027441929;Duration;CHF;;;;;7.12;1988;;;;137744384;CH1377443846;CH37744384=S;1.875 SG KB 24-34;150000000;102.9000000;0.6406250;1.062;3.551;155310938;155310938;;2024-10-01;2028-09-29;2025-09-27;2026-09-27;Next Call;2029-09-27;2034-09-27;100.0;100.0;3.74;Domestic Non Government;1.8750;A;1.0000000;74010200;CH;000371
2026-01-30;SBR14D;SBI AAA-BBB D;CH0027441929;Duration;CHF;;;;;7.12;1988;;;;142886706;CH1428867068;CH42886706=S;0.94 EIB 25-34;150000000;102.6500000;0.7546111;0.608;7.875;155106917;155106917;;2025-05-02;2033-04-29;2025-04-11;2026-04-11;Maturity;2034-04-11;2034-04-11;100.0;100.0;8.28;Foreign Supranational;0.9400;AAA;1.0000000;51515100;LU;010844
2026-01-30;SBR14D;SBI AAA-BBB D;CH0027441929;Duration;CHF;;;;;7.12;1988;;;;130591691;CH1305916913;CH30591691=S;1.35 COMP FIN 24-31;150000000;103.3500000;0.0225000;0.664;4.854;155058750;155058750;;2024-02-01;2030-01-31;2026-01-24;2027-01-24;Maturity;2031-01-24;2031-01-24;100.0;100.0;5.06;Foreign Corporate;1.3500;AAA;1.0000000;61510100;FR;001556
2026-01-30;SBR14D;SBI AAA-BBB D;CH0027441929;Duration;CHF;;;;;7.12;1988;;;;142886708;CH1428867084;CH42886708=S;1.36 RBC 25-32;150000000;102.2500000;1.1031111;0.983;5.917;155029667;155029667;;2025-05-02;2030-04-30;2025-04-08;2026-04-08;Maturity;2032-04-08;2032-04-08;100.0;100.0;6.27;Foreign Corporate;1.3600;A;1.0000000;74010100;GB;019968
2026-01-30;SBR14D;SBI AAA-BBB D;CH0027441929;Duration;CHF;;;;;7.12;1988;;;;137390442;CH1373904429;CH37390442=S;1.50 UNISPZ 24-32;150000000;102.7000000;0.5125000;1.077;6.361;154818750;154818750;;2024-10-01;2031-09-30;2025-09-27;2026-09-27;Maturity;2032-09-27;2032-09-27;100.0;100.0;6.74;Domestic Non Government;1.5000;AA;1.0000000;73510100;CH;020752
2026-01-30;SBR14D;SBI AAA-BBB D;CH0027441929;Duration;CHF;;;;;7.12;1988;;;;12632535;CH0126325353;CH12632535=S;2.375 NSWTC 11-41;130000000;117.2500000;1.8076389;1.136;12.972;154774931;154774931;;2011-05-02;2040-04-30;2025-04-26;2026-04-26;Maturity;2041-04-26;2041-04-26;100.0;100.0;15.32;Foreign Government;2.3750;AA;1.0000000;52515100;AU;001618
2026-01-30;SBR14D;SBI AAA-BBB D;CH0027441929;Duration;CHF;;;;;7.12;1988;;;;122793770;CH1227937708;CH22793770=S;2.502 E.ON SE 22-29;145000000;106.2000000;0.3823264;0.857;3.708;154544373;154544373;;2023-01-03;2028-12-29;2025-12-05;2026-12-05;Maturity;2029-12-05;2029-12-05;100.0;100.0;3.93;Foreign Corporate;2.5025;BBB;1.0000000;75510100;DE;021094
2026-01-30;SBR14D;SBI AAA-BBB D;CH0027441929;Duration;CHF;;;;;7.12;1988;;;;118822977;CH1188229772;CH18822977=S;1.20 ZG KB 22-28;150000000;102.0000000;0.7933333;0.340;2.304;154190000;154190000;;2022-07-01;2027-06-30;2025-06-02;2026-06-02;Maturity;2028-06-02;2028-06-02;100.0;100.0;2.42;Domestic Non Government;1.2000;AAA;1.0000000;52510100;CH;000155
2026-01-30;SBR14D;SBI AAA-BBB D;CH0027441929;Duration;CHF;;;;;7.12;1988;;;;113712281;CH1137122813;CH13712281=S;0.163 CAL 21-28;155000000;99.3500000;0.1236844;0.455;2.240;154184211;154184211;;2021-11-01;2027-04-30;2025-04-28;2026-04-28;Maturity;2028-04-28;2028-04-28;100.0;100.0;2.33;Foreign Corporate;0.1637;A;1.0000000;74010100;FR;012788
2026-01-30;SBR14D;SBI AAA-BBB D;CH0027441929;Duration;CHF;;;;;7.12;1988;;;;24067223;CH0240672235;CH24067223=S;2.125 SYN 14-29;150000000;102.1500000;0.5253472;1.491;3.399;154013021;154013021;;2019-10-01;2028-08-31;2025-11-01;2026-11-01;Next Call;2029-08-02;2029-11-01;100.0;100.0;3.59;Domestic Non Government;2.1250;BBB;1.0000000;71510100;CH;018668
2026-01-30;SBR14D;SBI AAA-BBB D;CH0027441929;Duration;CHF;;;;;7.12;1988;;;;136140189;CH1361401891;CH36140189=S;1.560 BURCKAG 24-28;150000000;102.1000000;0.5245350;0.761;2.619;153936802;153936802;;2024-10-01;2027-09-30;2025-09-29;2026-09-29;Maturity;2028-09-29;2028-09-29;100.0;100.0;2.74;Domestic Non Government;1.5606;BBB;1.0000000;72010100;CH;014624
2026-01-30;SBR14D;SBI AAA-BBB D;CH0027441929;Duration;CHF;;;;;7.12;1988;;;;117501612;CH1175016125;CH17501612=S;1.70 DIGCON 22-27;150000000;101.1900000;1.4166667;0.672;1.150;153910000;153910000;;2022-05-02;2026-03-31;2025-03-30;2026-03-30;Maturity;2027-03-30;2027-03-30;100.0;100.0;1.25;Foreign Corporate;1.7000;BBB;1.0000000;74015100;NL;021155
2026-01-30;SBR14D;SBI AAA-BBB D;CH0027441929;Duration;CHF;;;;;7.12;1988;;;;148582702;CH1485827021;CH48582702=S;1.405 GROUPE 25-35;150000000;102.0500000;0.4839444;1.179;9.062;153800917;153800917;;2025-10-01;2034-09-29;2025-09-26;2026-09-26;Maturity;2035-09-26;2035-09-26;100.0;100.0;9.74;Domestic Non Government;1.4050;A;1.0000000;75510100;CH;021045
2026-01-30;SBR14D;SBI AAA-BBB D;CH0027441929;Duration;CHF;;;;;7.12;1988;;;;141400340;CH1414003405;CH41400340=S;1.125 KW OBERH 25-34;150000000;101.4500000;1.0593750;0.937;7.672;153764062;153764062;;2025-03-03;2033-02-28;2025-02-21;2026-02-21;Maturity;2034-02-21;2034-02-21;100.0;100.0;8.14;Domestic Non Government;1.1250;A;1.0000000;75510100;CH;003002
2026-01-30;SBR14D;SBI AAA-BBB D;CH0027441929;Duration;CHF;;;;;7.12;1988;;;;117953497;CH1179534974;CH17953497=S;1.45 RY 22-27;150000000;101.3300000;1.0713889;0.390;1.247;153602083;153602083;;2022-06-01;2026-05-29;2025-05-04;2026-05-04;Maturity;2027-05-04;2027-05-04;100.0;100.0;1.34;Foreign Corporate;1.4500;A;1.0000000;74010100;CA;003105
2026-01-30;SBR14D;SBI AAA-BBB D;CH0027441929;Duration;CHF;;;;;7.12;1988;;;;18193295;CH0181932952;CH18193295=S;1.25 KT TI 12-27;150000000;101.5500000;0.7951389;0.112;1.352;153517708;153517708;;2012-06-20;2026-06-30;2025-06-11;2026-06-11;Maturity;2027-06-11;2027-06-11;100.0;100.0;1.44;Domestic Non Government;1.2500;AA;1.0000000;52515100;CH;001111
2026-01-30;SBR14D;SBI AAA-BBB D;CH0027441929;Duration;CHF;;;;;7.12;1988;;;;139290355;CH1392903550;CH39290355=S;1 ZKB 24-32;150000000;102.1500000;0.1888889;0.676;6.609;153508333;153508333;;2024-12-02;2031-11-28;2025-11-22;2026-11-22;Maturity;2032-11-22;2032-11-22;100.0;100.0;6.89;Domestic Non Government;1.0000;AAA;1.0000000;52510100;CH;000210
2026-01-30;SBR14D;SBI AAA-BBB D;CH0027441929;Duration;CHF;;;;;7.12;1988;;;;141578009;CH1415780092;CH41578009=S;1.15 LSEG 25-32;150000000;101.3500000;0.9327778;0.924;5.957;153424167;153424167;;2025-05-02;2031-04-30;2025-04-08;2026-04-08;Maturity;2032-04-08;2032-04-08;100.0;100.0;6.27;Foreign Corporate;1.1500;A;1.0000000;74015100;GB;021236
2026-01-30;SBR14D;SBI AAA-BBB D;CH0027441929;Duration;CHF;;;;;7.12;1988;;;;118921775;CH1189217750;CH18921775=S;1.45 SFSG 22-27;150000000;101.2500000;0.9344444;0.522;1.341;153276667;153276667;;2022-08-02;2026-06-30;2025-06-08;2026-06-08;Maturity;2027-06-08;2027-06-08;100.0;100.0;1.44;Domestic Non Government;1.4500;BBB;1.0000000;72010100;CH;020231
2026-01-30;SBR14D;SBI AAA-BBB D;CH0027441929;Duration;CHF;;;;;7.12;1988;;;;135785282;CH1357852826;CH35785282=S;1.307 SPARNORD 24-30;150000000;101.5500000;0.5520556;0.959;4.452;153153083;153153083;;2024-09-02;2029-08-31;2025-08-28;2026-08-28;Maturity;2030-08-28;2030-08-28;100.0;100.0;4.66;Foreign Corporate;1.3075;AA;1.0000000;74010100;NO;020304
2026-01-30;SBR14D;SBI AAA-BBB D;CH0027441929;Duration;CHF;;;;;7.12;1988;;;;135301508;CH1353015089;CH35301508=S;1.35 VISPAY 24-29;150000000;101.7000000;0.3375000;0.887;3.672;153056250;153056250;;2024-11-01;2028-10-31;2025-10-30;2026-10-30;Maturity;2029-10-30;2029-10-30;100.0;100.0;3.83;Domestic Non Government;1.3500;A;1.0000000;74015100;CH;021143
2026-01-30;SBR14D;SBI AAA-BBB D;CH0027441929;Duration;CHF;;;;;7.12;1988;;;;137390443;CH1373904437;CH37390443=S;1.65 UNISPZ 24-36;150000000;101.4500000;0.5683333;1.501;9.813;153027500;153027500;;2024-10-01;2035-09-28;2025-09-26;2026-09-26;Maturity;2036-09-26;2036-09-26;100.0;100.0;10.74;Domestic Non Government;1.6500;AA;1.0000000;73510100;CH;020752
2026-01-30;SBR14D;SBI AAA-BBB D;CH0027441929;Duration;CHF;;;;;7.12;1988;;;;46123888;CH0461238880;CH46123888=S;0.60 VPB 19-29;155000000;98.6000000;0.1016667;0.974;3.795;152987583;152987583;;2019-12-02;2028-11-30;2025-11-29;2026-11-29;Maturity;2029-11-29;2029-11-29;100.0;100.0;3.91;Domestic Non Government;0.6000;BBB;1.0000000;74015100;LI;020229
2026-01-30;SBR14D;SBI AAA-BBB D;CH0027441929;Duration;CHF;;;;;7.12;1988;;;;140898994;CH1408989940;CH40898994=S;0.90 TG KB 25-33;150000000;101.1000000;0.8750000;0.739;6.784;152962500;152962500;;2025-03-03;2032-02-27;2025-02-10;2026-02-10;Maturity;2033-02-10;2033-02-10;100.0;100.0;7.11;Domestic Non Government;0.9000;AA;1.0000000;52510100;CH;000108
2026-01-30;SBR14D;SBI AAA-BBB D;CH0027441929;Duration;CHF;;;;;7.12;1988;;;;25361258;CH0253612581;CH25361258=S;1 ZH 14-27;150000000;100.9600000;0.8333333;0.175;1.157;152690000;152690000;;2014-10-01;2026-03-31;2025-03-30;2026-03-30;Maturity;2027-03-30;2027-03-30;100.0;100.0;1.25;Domestic Non Government;1.0000;AAA;1.0000000;53015100;CH;001146
2026-01-30;SBR14D;SBI AAA-BBB D;CH0027441929;Duration;CHF;;;;;7.12;1988;;;;141578016;CH1415780167;CH41578016=S;1.45 ALPIQ 25-35;150000000;100.9500000;0.8055556;1.342;8.829;152633333;152633333;;2025-08-04;2034-07-31;2025-07-10;2026-07-10;Maturity;2035-07-10;2035-07-10;100.0;100.0;9.53;Domestic Non Government;1.4500;BBB;1.0000000;75510100;CH;018873
2026-01-30;SBR14D;SBI AAA-BBB D;CH0027441929;Duration;CHF;;;;;7.12;1988;;;;142393166;CH1423931661;CH42393166=S;1.40 KSWIN 25-33;150000000;100.6500000;1.0538889;1.305;6.873;152555833;152555833;;2025-05-02;2032-04-30;2025-04-29;2026-04-29;Maturity;2033-04-29;2033-04-29;100.0;100.0;7.33;Domestic Non Government;1.4000;AA;1.0000000;73510100;CH;020828
2026-01-30;SBR14D;SBI AAA-BBB D;CH0027441929;Duration;CHF;;;;;7.12;1988;;;;137390447;CH1373904478;CH37390447=S;1.60 STIFKS 24-34;150000000;101.1000000;0.5466667;1.463;8.116;152470000;152470000;;2024-10-01;2033-09-30;2025-09-27;2026-09-27;Maturity;2034-09-27;2034-09-27;100.0;100.0;8.74;Domestic Non Government;1.6000;AA;1.0000000;73510100;CH;020965
2026-01-30;SBR14D;SBI AAA-BBB D;CH0027441929;Duration;CHF;;;;;7.12;1988;;;;53689282;CH0536892828;CH53689282=S;1.45 AKEB 20-27;150000000;100.8500000;0.7531944;0.869;1.466;152404792;152404792;;2020-08-03;2026-07-31;2025-07-23;2026-07-23;Maturity;2027-07-23;2027-07-23;100.0;100.0;1.56;Domestic Non Government;1.4500;A;1.0000000;75510100;CH;001229
2026-01-30;SBR14D;SBI AAA-BBB D;CH0027441929;Duration;CHF;;;;;7.12;1988;;;;140006460;CH1400064601;CH40006460=S;0.887 SLH 25-28;150000000;100.7000000;0.8875000;0.485;1.728;152381250;152381250;;2025-02-03;2026-10-30;2025-01-31;2026-01-31;Next Call;2027-10-31;2028-01-31;100.0;100.0;1.83;Domestic Non Government;0.8875;A;1.0000000;74020100;CH;011974
2026-01-30;SBR14D;SBI AAA-BBB D;CH0027441929;Duration;CHF;;;;;7.12;1988;;;;117779184;CH1177791840;CH17779184=S;0.75 ZH 22-31;150000000;101.0000000;0.5729167;0.556;5.126;152359375;152359375;;2022-05-02;2030-04-30;2025-04-25;2026-04-25;Maturity;2031-04-25;2031-04-25;100.0;100.0;5.32;Domestic Non Government;0.7500;AAA;1.0000000;53015100;CH;001146
2026-01-30;SBR14D;SBI AAA-BBB D;CH0027441929;Duration;CHF;;;;;7.12;1988;;;;136061247;CH1360612472;CH36061247=S;0.9925 CDM 24-30;150000000;101.2000000;0.3501319;0.729;4.551;152325198;152325198;;2024-10-01;2029-09-28;2025-09-23;2026-09-23;Maturity;2030-09-23;2030-09-23;100.0;100.0;4.73;Foreign Government;0.9925;A;1.0000000;52015100;FR;015494
2026-01-30;SBR14D;SBI AAA-BBB D;CH0027441929;Duration;CHF;;;;;7.12;1988;;;;148733198;CH1487331980;CH48733198=S;1.35 CHAMSP 25-30;150000000;101.2000000;0.3375000;1.089;4.620;152306250;152306250;;2026-01-05;2029-10-31;2025-10-31;2026-10-31;Maturity;2030-10-31;2030-10-31;100.0;100.0;4.83;Domestic Non Government;1.3500;BBB;1.0000000;76015100;CH;021237
2026-01-30;SBR14D;SBI AAA-BBB D;CH0027441929;Duration;CHF;;;;;7.12;1988;;;;135785279;CH1357852792;CH35785279=S;0.96 TRECV 24-34;150000000;101.1000000;0.3893333;0.827;8.262;152234000;152234000;;2024-10-01;2033-09-30;2025-09-04;2026-09-04;Maturity;2034-09-04;2034-09-04;100.0;100.0;8.68;Foreign Government;0.9600;AA;1.0000000;52515100;AU;003229
2026-01-30;SBR14D;SBI AAA-BBB D;CH0027441929;Duration;CHF;;;;;7.12;1988;;;;142303686;CH1423036867;CH42303686=S;1.10 SIKA 25-31;150000000;101.0500000;0.3850000;0.900;5.253;152152500;152152500;;2025-04-01;2030-06-28;2025-09-24;2026-09-24;Next Call;2031-06-24;2031-09-24;100.0;100.0;5.48;Domestic Non Government;1.1000;A;1.0000000;71510100;CH;001287
2026-01-30;SBR14D;SBI AAA-BBB D;CH0027441929;Duration;CHF;;;;;7.12;1988;;;;133585033;CH1335850330;CH33585033=S;0.6925 EIB 24-32;150000000;101.2000000;0.2019792;0.510;6.567;152102969;152102969;;2024-11-01;2031-10-31;2025-10-15;2026-10-15;Maturity;2032-10-15;2032-10-15;100.0;100.0;6.79;Foreign Supranational;0.6925;AAA;1.0000000;51515100;LU;010844
2026-01-30;SBR14D;SBI AAA-BBB D;CH0027441929;Duration;CHF;;;;;7.12;1988;;;;145283235;CH1452832350;CH45283235=S;0.80 SZ KB 25-32;150000000;100.9000000;0.4977778;0.655;6.214;152096667;152096667;;2025-07-01;2031-06-30;2025-06-16;2026-06-16;Maturity;2032-06-16;2032-06-16;100.0;100.0;6.46;Domestic Non Government;0.8000;AA;1.0000000;52510100;CH;002996
2026-01-30;SBR14D;SBI AAA-BBB D;CH0027441929;Duration;CHF;;;;;7.12;1988;;;;148582718;CH1485827187;CH48582718=S;0.842 NRW LB 25-40;155000000;97.9000000;0.1825417;0.996;13.926;152027940;152027940;;2025-12-01;2039-11-30;2025-11-12;2026-11-12;Maturity;2040-11-12;2040-11-12;100.0;100.0;14.86;Foreign Government;0.8425;AA;1.0000000;52015100;DE;012081
2026-01-30;SBR14D;SBI AAA-BBB D;CH0027441929;Duration;CHF;;;;;7.12;1988;;;;143501210;CH1435012104;CH43501210=S;1.177 FLUGH 25-40;150000000;100.5500000;0.7032292;1.136;13.244;151879844;151879844;;2025-07-01;2039-06-30;2025-06-25;2026-06-25;Maturity;2040-06-25;2040-06-25;100.0;100.0;14.48;Domestic Non Government;1.1775;A;1.0000000;72020100;CH;011171
2026-01-30;SBR14D;SBI AAA-BBB D;CH0027441929;Duration;CHF;;;;;7.12;1988;;;;39863364;CH0398633641;CH39863364=S;0.75 EGW 18-32;149400000;101.4500000;0.1270833;0.533;6.678;151756162;151756162;;2018-12-03;2031-11-28;2025-11-29;2026-11-29;Maturity;2032-11-29;2032-11-29;100.0;100.0;6.91;Domestic Non Government;0.7500;AAA;1.0000000;52010100;CH;003083
2026-01-30;SBR14D;SBI AAA-BBB D;CH0027441929;Duration;CHF;;;;;7.12;1988;;;;26938208;CH0269382088;CH26938208=S;0.625 SWISSGRID 15-30;150000000;100.5500000;0.5815972;0.488;4.008;151697396;151697396;;2015-03-02;2029-02-28;2025-02-25;2026-02-25;Maturity;2030-02-25;2030-02-25;100.0;100.0;4.15;Domestic Non Government;0.6250;AA;1.0000000;75510100;CH;019851
2026-01-30;SBR14D;SBI AAA-BBB D;CH0027441929;Duration;CHF;;;;;7.12;1988;;;;140033319;CH1400333196;CH40033319=S;0.8125 FR KB 24-28;150000000;101.0000000;0.1241319;0.458;2.823;151686198;151686198;;2025-01-03;2027-12-31;2025-12-05;2026-12-05;Maturity;2028-12-05;2028-12-05;100.0;100.0;2.93;Domestic Non Government;0.8125;AA;1.0000000;52510100;CH;002995
2026-01-30;SBR14D;SBI AAA-BBB D;CH0027441929;Duration;CHF;;;;;7.12;1988;;;;26630737;CH0266307377;CH26630737=S;0.625 KT BE 15-32;150000000;100.5000000;0.6059028;0.540;5.902;151658854;151658854;;2015-03-02;2031-02-28;2025-02-11;2026-02-11;Maturity;2032-02-11;2032-02-11;100.0;100.0;6.11;Domestic Non Government;0.6250;AA;1.0000000;52515100;CH;001103
2026-01-30;SBR14D;SBI AAA-BBB D;CH0027441929;Duration;CHF;;;;;7.12;1988;;;;43718093;CH0437180935;CH437180935=S;0.75 SCM 18-28;150000000;100.8500000;0.2250000;0.433;2.678;151612500;151612500;;2018-11-01;2027-10-29;2025-10-12;2026-10-12;Maturity;2028-10-12;2028-10-12;100.0;100.0;2.78;Domestic Non Government;0.7500;A;1.0000000;75010100;CH;010711
2026-01-30;SBR14D;SBI AAA-BBB D;CH0027441929;Duration;CHF;;;;;7.12;1988;;;;147485710;CH1474857104;CH47485710=S;1.375 OCOER 25-27;150000000;100.3500000;0.5614583;1.151;1.578;151367187;151367187;;2025-10-01;2026-09-30;2025-09-03;2026-09-03;Maturity;2027-09-03;2027-09-03;100.0;100.0;1.67;Domestic Non Government;1.3750;BBB;1.0000000;72010100;CH;017729
2026-01-30;SBR14D;SBI AAA-BBB D;CH0027441929;Duration;CHF;;;;;7.12;1988;;;;145599005;CH1455990056;CH45599005=S;0.725 CEMBRA 25-30;150000000;100.5000000;0.3866667;0.611;4.395;151330000;151330000;;2025-08-04;2029-07-31;2025-07-18;2026-07-18;Maturity;2030-07-18;2030-07-18;100.0;100.0;4.55;Domestic Non Government;0.7250;AAA;1.0000000;61520100;CH;020177
2026-01-30;SBR14D;SBI AAA-BBB D;CH0027441929;Duration;CHF;;;;;7.12;1988;;;;27425351;CH0274253514;CH27425351=S;0.60 FR KB 15-27;150000000;100.3800000;0.4850000;0.280;1.186;151297500;151297500;;2015-05-04;2026-04-30;2025-04-09;2026-04-09;Maturity;2027-04-09;2027-04-09;100.0;100.0;1.27;Domestic Non Government;0.6000;AA;1.0000000;52510100;CH;002995
2026-01-30;SBR14D;SBI AAA-BBB D;CH0027441929;Duration;CHF;;;;;7.12;1988;;;;143420431;CH1434204314;CH43420431=S;0.50 BL KB 25-28;150000000;100.4500000;0.3930556;0.273;1.982;151264583;151264583;;2025-05-02;2027-01-29;2025-04-17;2026-04-17;Maturity;2028-01-28;2028-01-28;100.0;100.0;2.08;Domestic Non Government;0.5000;AA;1.0000000;52510100;CH;000414
2026-01-30;SBR14D;SBI AAA-BBB D;CH0027441929;Duration;CHF;;;;;7.12;1988;;;;112726396;CH1127263965;CH12726396=S;0.05 KT GE 21-41;175000000;86.4000000;0.0212500;0.997;15.509;151237188;151237188;;2021-09-01;2040-08-31;2025-08-27;2026-08-27;Maturity;2041-08-27;2041-08-27;100.0;100.0;15.66;Domestic Non Government;0.0500;AA;1.0000000;52515100;CH;001105
2026-01-30;SBR14D;SBI AAA-BBB D;CH0027441929;Duration;CHF;;;;;7.12;1988;;;;144645229;CH1446452299;CH44645229=S;1.40 KSAARAU 25-35;150000000;99.8500000;0.9683333;1.417;8.709;151227500;151227500;;2025-06-02;2034-05-31;2025-05-21;2026-05-21;Maturity;2035-05-21;2035-05-21;100.0;100.0;9.39;Domestic Non Government;1.4000;AA;1.0000000;73510100;CH;020584
2026-01-30;SBR14D;SBI AAA-BBB D;CH0027441929;Duration;CHF;;;;;7.12;1988;;;;140938851;CH1409388514;CH40938851=S;0.70 KT TI 25-32;150000000;100.8000000;0.0136111;0.564;5.878;151220417;151220417;;2025-02-03;2031-01-31;2026-01-23;2027-01-23;Maturity;2032-01-23;2032-01-23;100.0;100.0;6.06;Domestic Non Government;0.7000;AA;1.0000000;52515100;CH;001111
2026-01-30;SBR14D;SBI AAA-BBB D;CH0027441929;Duration;CHF;;;;;7.12;1988;;;;39867891;CH0398678919;CH39867891=S;0.75 BELL 18-28;150000000;100.0500000;0.7479167;0.725;1.981;151196875;151196875;;2018-03-01;2027-02-26;2025-02-01;2026-02-01;Maturity;2028-02-01;2028-02-01;100.0;100.0;2.08;Domestic Non Government;0.7500;BBB;1.0000000;73015100;CH;010791
2026-01-30;SBR14D;SBI AAA-BBB D;CH0027441929;Duration;CHF;;;;;7.12;1988;;;;34172586;CH0341725866;CH34172586=S;0.65 EDF 16-28;150000000;100.5500000;0.1931944;0.445;2.684;151114792;151114792;;2016-11-01;2027-10-29;2025-10-13;2026-10-13;Maturity;2028-10-13;2028-10-13;100.0;100.0;2.78;Foreign Corporate;0.6500;BBB;1.0000000;75510100;FR;001699
2026-01-30;SBR14D;SBI AAA-BBB D;CH0027441929;Duration;CHF;;;;;7.12;1988;;;;116849981;CH1168499817;CH16849981=S;0.75 GEBM 22-27;150000000;100.4500000;0.2520833;0.430;1.408;151053125;151053125;;2022-05-02;2026-06-30;2025-09-29;2026-09-29;Next Call;2027-06-29;2027-09-29;100.0;100.0;1.49;Domestic Non Government;0.7500;A;1.0000000;72010100;CH;010824
2026-01-30;SBR14D;SBI AAA-BBB D;CH0027441929;Duration;CHF;;;;;7.12;1988;;;;140000000;CH1400000001;CH40000000=S;0.385 KFW 25-30;150000000;100.3500000;0.3465000;0.299;4.062;151044750;151044750;;2025-04-01;2029-03-30;2025-03-06;2026-03-06;Maturity;2030-03-06;2030-03-06;100.0;100.0;4.18;Foreign Government;0.3850;AAA;1.0000000;52015100;DE;011457
2026-01-30;SBR14D;SBI AAA-BBB D;CH0027441929;Duration;CHF;;;;;7.12;1988;;;;147738414;CH1477384148;CH47738414=S;1.125 PB S776 25-50;150000000;100.3500000;0.3281250;1.109;21.644;151017188;151017188;;2025-11-03;2049-10-29;2025-10-15;2026-10-14;Maturity;2050-10-14;2050-10-14;100.0;100.0;24.79;Swiss Pfandbrief;1.1250;AAA;1.0000000;61010100;CH;001205
2026-01-30;SBR14D;SBI AAA-BBB D;CH0027441929;Duration;CHF;;;;;7.12;1988;;;;145598999;CH1455989991;CH45598999=S;1.3 SG KB 25-37;150000000;99.9000000;0.7763889;1.309;10.590;151014583;151014583;;2025-07-01;2031-06-30;2025-06-25;2026-06-25;Maturity;2032-06-25;2037-06-25;100.0;100.0;6.48;Domestic Non Government;1.3000;A;1.0000000;74010200;CH;000371
2026-01-30;SBR14D;SBI AAA-BBB D;CH0027441929;Duration;CHF;;;;;7.12;1988;;;;142303685;CH1423036859;CH42303685=S;0.75 SIKA 25-27;150000000;100.4000000;0.2625000;0.506;1.643;150993750;150993750;;2025-04-01;2026-09-30;2025-09-24;2026-09-24;Maturity;2027-09-24;2027-09-24;100.0;100.0;1.73;Domestic Non Government;0.7500;A;1.0000000;71510100;CH;001287
2026-01-30;SBR14D;SBI AAA-BBB D;CH0027441929;Duration;CHF;;;;;7.12;1988;;;;116615197;CH1166151972;CH16615197=S;0.50 VLB 22-27;150000000;100.2000000;0.4069444;0.331;1.181;150910417;150910417;;2022-05-02;2026-04-30;2025-04-07;2026-04-07;Maturity;2027-04-07;2027-04-07;100.0;100.0;1.27;Foreign Corporate;0.5000;AAA;1.0000000;61510100;AT;020665
2026-01-30;SBR14D;SBI AAA-BBB D;CH0027441929;Duration;CHF;;;;;7.12;1988;;;;142394853;CH1423948533;CH42394853=S;0.595 RENTEN 25-33;150000000;100.3500000;0.2545278;0.548;7.409;150906792;150906792;;2025-09-01;2032-08-31;2025-08-26;2026-08-26;Maturity;2033-08-26;2033-08-26;100.0;100.0;7.65;Foreign Government;0.5950;AAA;1.0000000;52010100;DE;010012
2026-01-30;SBR14D;SBI AAA-BBB D;CH0027441929;Duration;CHF;;;;;7.12;1988;;;;134674285;CH1346742856;CH34674285=S;2.10 KSAARAU 24-34;140000000;106.3000000;1.4875000;1.293;7.613;150902500;150902500;;2024-06-03;2033-05-31;2025-05-15;2026-05-15;Maturity;2034-05-15;2034-05-15;100.0;100.0;8.37;Domestic Non Government;2.1000;AA;1.0000000;73510100;CH;020584
2026-01-30;SBR14D;SBI AAA-BBB D;CH0027441929;Duration;CHF;;;;;7.12;1988;;;;149462635;CH1494626356;CH49462635=S;1 CORNER 25-29;150000000;100.4000000;0.1972222;0.892;3.744;150895833;150895833;;2025-12-01;2028-11-30;2025-11-19;2026-11-19;Maturity;2029-11-19;2029-11-19;100.0;100.0;3.88;Domestic Non Government;1.0000;BBB;1.0000000;74010100;CH;020437
2026-01-30;SBR14D;SBI AAA-BBB D;CH0027441929;Duration;CHF;;;;;7.12;1988;;;;25589307;CH0255893072;CH25589307=S;0.50 CAHL 15-27;150000000;100.1600000;0.4361111;0.357;1.123;150894167;150894167;;2015-04-01;2026-03-31;2025-03-16;2026-03-16;Maturity;2027-03-16;2027-03-16;100.0;100.0;1.21;Foreign Corporate;0.5000;AAA;1.0000000;61515100;FR;019224
2026-01-30;SBR14D;SBI AAA-BBB D;CH0027441929;Duration;CHF;;;;;7.12;1988;;;;29734356;CH0297343565;CH29734356=S;0.50 KT SO 15-30;150000000;100.4000000;0.1444444;0.414;4.662;150816667;150816667;;2015-10-21;2029-10-31;2025-10-16;2026-10-16;Maturity;2030-10-16;2030-10-16;100.0;100.0;4.79;Domestic Non Government;0.5000;AAA;1.0000000;52515100;CH;001110
2026-01-30;SBR14D;SBI AAA-BBB D;CH0027441929;Duration;CHF;;;;;7.12;1988;;;;148733199;CH1487331998;CH48733199=S;0.60 KBNW 25-30;150000000;100.3500000;0.1533333;0.525;4.685;150755000;150755000;;2025-11-03;2029-10-31;2025-10-28;2026-10-28;Maturity;2030-10-28;2030-10-28;100.0;100.0;4.83;Domestic Non Government;0.6000;AA;1.0000000;52510100;CH;020451
2026-01-30;SBR14D;SBI AAA-BBB D;CH0027441929;Duration;CHF;;;;;7.12;1988;;;;147766129;CH1477661297;CH47766129=S;1.50 AROUNDT 25-30;150000000;100.2000000;0.3000000;1.456;4.655;150750000;150750000;;2025-12-01;2029-11-30;2025-11-18;2026-11-18;Maturity;2030-11-18;2030-11-18;100.0;100.0;4.88;Foreign Corporate;1.5000;BBB;1.0000000;76015100;LU;020658
2026-01-30;SBR14D;SBI AAA-BBB D;CH0027441929;Duration;CHF;;;;;7.12;1988;;;;41904122;CH0419041220;CH41904122=S;0.55 PSP 19-28;150000000;99.9500000;0.5438889;0.575;1.995;150740833;150740833;;2019-07-01;2027-02-26;2025-02-04;2026-02-04;Maturity;2028-02-04;2028-02-04;100.0;100.0;2.09;Domestic Non Government;0.5500;A;1.0000000;76015100;CH;011129
2026-01-30;SBR14D;SBI AAA-BBB D;CH0027441929;Duration;CHF;;;;;7.12;1988;;;;134431671;CH1344316711;CH34431671=S;2.592 FONPL 24-27;145000000;103.4000000;0.5401042;0.676;1.767;150713151;150713151;;2024-06-03;2026-11-30;2025-11-15;2026-11-15;Maturity;2027-11-15;2027-11-15;100.0;100.0;1.87;Foreign Supranational;2.5925;A;1.0000000;51515100;BO;020784
2026-01-30;SBR14D;SBI AAA-BBB D;CH0027441929;Duration;CHF;;;;;7.12;1988;;;;36153317;CH0361533174;CH36153317=S;0.50  BCN 17-27;150000000;100.3000000;0.1666667;0.319;1.662;150700000;150700000;;2017-10-02;2026-09-30;2025-09-30;2026-09-30;Maturity;2027-09-30;2027-09-30;100.0;100.0;1.75;Domestic Non Government;0.5000;AA;1.0000000;52510100;CH;002990
2026-01-30;SBR14D;SBI AAA-BBB D;CH0027441929;Duration;CHF;;;;;7.12;1988;;;;43559038;CH0435590382;CH43559038=S;0.50 CAHL 18-28;150000000;100.3000000;0.1625000;0.387;2.660;150693750;150693750;;2018-11-01;2027-10-29;2025-10-03;2026-10-03;Maturity;2028-10-03;2028-10-03;100.0;100.0;2.76;Foreign Corporate;0.5000;AAA;1.0000000;61515100;FR;019224
2026-01-30;SBR14D;SBI AAA-BBB D;CH0027441929;Duration;CHF;;;;;7.12;1988;;;;116615196;CH1166151964;CH16615196=S;0.35 AKAH 22-27;150000000;100.1000000;0.2975000;0.263;1.147;150596250;150596250;;2022-04-01;2026-03-31;2025-03-24;2026-03-24;Maturity;2027-03-24;2027-03-24;100.0;100.0;1.23;Foreign Government;0.3500;AA;1.0000000;52015100;SE;011244
2026-01-30;SBR14D;SBI AAA-BBB D;CH0027441929;Duration;CHF;;;;;7.12;1988;;;;116615192;CH1166151923;CH16615192=S;0.25 PB S714 22-27;150000000;100.1600000;0.2187500;0.108;1.123;150568125;150568125;;2022-03-15;2026-03-31;2025-03-15;2026-03-15;Maturity;2027-03-15;2027-03-15;100.0;100.0;1.21;Swiss Pfandbrief;0.2500;AAA;1.0000000;61010100;CH;001205
2026-01-30;SBR14D;SBI AAA-BBB D;CH0027441929;Duration;CHF;;;;;7.12;1988;;;;140547216;CH1405472163;CH40547216=S;0.462 RENTEN 25-32;150000000;99.9500000;0.4111111;0.471;6.015;150541667;150541667;;2025-04-01;2031-03-31;2025-03-10;2026-03-10;Maturity;2032-03-10;2032-03-10;100.0;100.0;6.19;Foreign Government;0.4625;AAA;1.0000000;52010100;DE;010012
2026-01-30;SBR14D;SBI AAA-BBB D;CH0027441929;Duration;CHF;;;;;7.12;1988;;;;12506777;CH0125067774;CH12506777=S;2.625 RFF 11-37;130000000;113.4500000;2.3260417;1.316;9.683;150508854;150508854;;2011-04-01;2036-03-31;2025-03-11;2026-03-11;Maturity;2037-03-11;2037-03-11;100.0;100.0;11.19;Foreign Corporate;2.6250;A;1.0000000;52010100;FR;020322
2026-01-30;SBR14D;SBI AAA-BBB D;CH0027441929;Duration;CHF;;;;;7.12;1988;;;;147140376;CH1471403761;CH147140376=S;0.85 SCM 25-33;150000000;99.9500000;0.3659722;0.857;7.337;150473958;150473958;;2025-09-01;2032-05-31;2025-08-25;2026-08-25;Maturity;2033-05-25;2033-08-25;100.0;100.0;7.40;Domestic Non Government;0.8500;A;1.0000000;75010100;CH;010711
2026-01-30;SBR14D;SBI AAA-BBB D;CH0027441929;Duration;CHF;;;;;7.12;1988;;;;143420432;CH1434204322;CH43420432=S;0.50 BL KB 25-29 /Z;150000000;100.2500000;0.0597222;0.435;3.851;150464583;150464583;;2026-01-05;2028-12-29;2025-12-17;2026-12-17;Maturity;2029-12-17;2029-12-17;100.0;100.0;3.96;Domestic Non Government;0.5000;AA;1.0000000;52510100;CH;000414
2026-01-30;SBR14D;SBI AAA-BBB D;CH0027441929;Duration;CHF;;;;;7.12;1988;;;;46005440;CH0460054403;CH46005440=S;0.45 TI KB 19-29;150000000;99.8500000;0.4175000;0.499;3.045;150401250;150401250;;2019-03-01;2028-02-29;2025-02-26;2026-02-26;Maturity;2029-02-26;2029-02-26;100.0;100.0;3.15;Domestic Non Government;0.4500;AA;1.0000000;52510100;CH;001220
2026-01-30;SBR14D;SBI AAA-BBB D;CH0027441929;Duration;CHF;;;;;7.12;1988;;;;149842282;CH1498422828;CH49842282=S;0.565 CEMBRA 25-29;150000000;100.1500000;0.0988750;0.525;3.791;150373312;150373312;;2025-12-01;2028-11-30;2025-11-27;2026-11-27;Maturity;2029-11-27;2029-11-27;100.0;100.0;3.91;Domestic Non Government;0.5650;AAA;1.0000000;61520100;CH;020177
2026-01-30;SBR14D;SBI AAA-BBB D;CH0027441929;Duration;CHF;;;;;7.12;1988;;;;149462625;CH1494626257;CH49462625=S;0.875 AMAG 25-27;150000000;100.0600000;0.1701389;0.829;1.301;150345208;150345208;;2025-12-01;2026-05-29;2025-11-20;2026-05-20;Maturity;2027-05-20;2027-05-20;100.0;100.0;1.39;Domestic Non Government;0.8750;BBB;1.0000000;74015100;CH;020626
2026-01-30;SBR14D;SBI AAA-BBB D;CH0027441929;Duration;CHF;;;;;7.12;1988;;;;116615194;CH1166151949;CH16615194=S;0.75 PB S715 22-35;150000000;99.8700000;0.3541667;0.764;9.199;150336250;150336250;;2022-03-15;2034-08-31;2025-08-10;2026-08-10;Maturity;2035-08-10;2035-08-10;100.0;100.0;9.61;Swiss Pfandbrief;0.7500;AAA;1.0000000;61010100;CH;001205
2026-01-30;SBR14D;SBI AAA-BBB D;CH0027441929;Duration;CHF;;;;;7.12;1988;;;;34095342;CH0340953428;CH34095342=S;0.50 BCV 16-28;150000000;100.1500000;0.0652778;0.447;2.855;150322917;150322917;;2017-01-03;2027-12-31;2025-12-13;2026-12-13;Maturity;2028-12-13;2028-12-13;100.0;100.0;2.95;Domestic Non Government;0.5000;AA;1.0000000;74010100;CH;000230
2026-01-30;SBR14D;SBI AAA-BBB D;CH0027441929;Duration;CHF;;;;;7.12;1988;;;;41361835;CH0413618353;CH041361835=S;0.70 KSBADEN 18-28;150000000;99.6500000;0.4802778;0.853;2.293;150195417;150195417;;2018-06-01;2027-05-31;2025-05-23;2026-05-23;Maturity;2028-05-23;2028-05-23;100.0;100.0;2.39;Domestic Non Government;0.7000;AA;1.0000000;73510100;CH;020682
2026-01-30;SBR14D;SBI AAA-BBB D;CH0027441929;Duration;CHF;;;;;7.12;1988;;;;37283156;CH0372831567;CH37283156=S;0.50 BCV 17-29;150000000;99.8500000;0.2750000;0.544;3.420;150187500;150187500;;2017-08-02;2028-07-31;2025-07-12;2026-07-12;Maturity;2029-07-12;2029-07-12;100.0;100.0;3.53;Domestic Non Government;0.5000;AA;1.0000000;74010100;CH;000230
2026-01-30;SBR14D;SBI AAA-BBB D;CH0027441929;Duration;CHF;;;;;7.12;1988;;;;39863334;CH0398633344;CH039863334=S;0.625 LUSPIT 18-28;150000000;99.8500000;0.2170139;0.682;2.634;150100521;150100521;;2018-10-01;2027-09-30;2025-09-25;2026-09-25;Maturity;2028-09-25;2028-09-25;100.0;100.0;2.73;Domestic Non Government;0.6250;AA;1.0000000;73510100;CH;020742
2026-01-30;SBR14D;SBI AAA-BBB D;CH0027441929;Duration;CHF;;;;;7.12;1988;;;;145418592;CH1454185922;CH45418592=S;0.7075 CAHL 25-32;150000000;99.6500000;0.3969861;0.763;6.293;150070479;150070479;;2025-08-04;2031-07-31;2025-07-08;2026-07-08;Maturity;2032-07-08;2032-07-08;100.0;100.0;6.52;Foreign Corporate;0.7075;AAA;1.0000000;61515100;FR;019224
2026-01-30;SBR14D;SBI AAA-BBB D;CH0027441929;Duration;CHF;;;;;7.12;1988;;;;32890110;CH0328901100;CH32890110=S;0.40 KT TI 16-44;170000000;88.0000000;0.2366667;1.125;17.683;150002333;150002333;;2016-07-01;2043-06-30;2025-06-27;2026-06-27;Maturity;2044-06-27;2044-06-27;100.0;100.0;18.49;Domestic Non Government;0.4000;AA;1.0000000;52515100;CH;001111
2026-01-30;SBR14D;SBI AAA-BBB D;CH0027441929;Duration;CHF;;;;;7.12;1988;;;;147485707;CH1474857070;CH47485707=S;0.85  25-30;150000000;99.6000000;0.3281944;0.939;4.530;149892292;149892292;;2025-10-01;2029-09-28;2025-09-11;2026-09-11;Maturity;2030-09-11;2030-09-11;100.0;100.0;4.69;Domestic Non Government;0.8500;BBB;1.0000000;73515100;CH;002444
2026-01-30;SBR14D;SBI AAA-BBB D;CH0027441929;Duration;CHF;;;;;7.12;1988;;;;111201160;CH1112011601;CH11201160=S;0.33 BS 21-27;150000000;99.7000000;0.1998333;0.546;1.391;149849750;149849750;;2021-07-01;2026-03-31;2025-06-22;2026-06-22;Maturity;2027-03-22;2027-06-22;100.0;100.0;1.23;Foreign Corporate;0.3300;A;1.0000000;74010100;CL;015324
2026-01-30;SBR14D;SBI AAA-BBB D;CH0027441929;Duration;CHF;;;;;7.12;1988;;;;130611705;CH1306117057;CH30611705=S;1.60 GENF 23-33;140000000;106.7500000;0.2400000;0.713;7.440;149786000;149786000;;2023-12-19;2032-12-31;2025-12-06;2026-12-06;Maturity;2033-12-06;2033-12-06;100.0;100.0;7.93;Domestic Non Government;1.6000;AA;1.0000000;53015100;CH;001131
2026-01-30;SBR14D;SBI AAA-BBB D;CH0027441929;Duration;CHF;;;;;7.12;1988;;;;149895693;CH1498956932;CH49895693=S;0.75 SZ KB 25-34;150000000;99.7000000;0.1520833;0.785;8.533;149778125;149778125;;2025-12-01;2033-11-30;2025-11-17;2026-11-17;Maturity;2034-11-17;2034-11-17;100.0;100.0;8.88;Domestic Non Government;0.7500;AA;1.0000000;52510100;CH;002996
2026-01-30;SBR14D;SBI AAA-BBB D;CH0027441929;Duration;CHF;;;;;7.12;1988;;;;148733195;CH1487331956;CH48733195=S;0.927 SONOVA 25-33;150000000;99.5500000;0.2937083;0.988;7.430;149765562;149765562;;2025-11-03;2032-10-29;2025-10-06;2026-10-06;Maturity;2033-10-06;2033-10-06;100.0;100.0;7.76;Domestic Non Government;0.9275;A;1.0000000;73510100;CH;018470
2026-01-30;SBR14D;SBI AAA-BBB D;CH0027441929;Duration;CHF;;;;;7.12;1988;;;;142864833;CH1428648336;CH42864833=S;0.20 KT BS 25-29;150000000;99.7500000;0.0861111;0.271;3.555;149754167;149754167;;2025-09-01;2028-08-31;2025-08-25;2026-08-24;Maturity;2029-08-24;2029-08-24;100.0;100.0;3.65;Domestic Non Government;0.2000;AAA;1.0000000;52515100;CH;001102
2026-01-30;SBR14D;SBI AAA-BBB D;CH0027441929;Duration;CHF;;;;;7.12;1988;;;;46123891;CH0461238914;CH46123891=S;0.35 SLH 19-29;150000000;99.5000000;0.3150000;0.513;3.079;149722500;149722500;;2020-01-03;2028-03-31;2025-03-06;2026-03-06;Maturity;2029-03-06;2029-03-06;100.0;100.0;3.18;Domestic Non Government;0.3500;A;1.0000000;74020100;CH;011974
2026-01-30;SBR14D;SBI AAA-BBB D;CH0027441929;Duration;CHF;;;;;7.12;1988;;;;142864832;CH1428648328;CH42864832=S;0.10 KT BS 25-28;150000000;99.7500000;0.0430556;0.198;2.566;149689583;149689583;;2025-09-01;2027-08-31;2025-08-25;2026-08-25;Maturity;2028-08-25;2028-08-25;100.0;100.0;2.65;Domestic Non Government;0.1000;AAA;1.0000000;52515100;CH;001102
2026-01-30;SBR14D;SBI AAA-BBB D;CH0027441929;Duration;CHF;;;;;7.12;1988;;;;113296626;CH1132966263;CH13296626=S;0.50 GLENCAP 21-28;150000000;99.5500000;0.1986111;0.675;2.588;149622917;149622917;;2021-10-01;2027-06-30;2025-09-07;2026-09-07;Maturity;2028-06-07;2028-09-07;100.0;100.0;2.43;Foreign Corporate;0.5000;BBB;1.0000000;71510100;IE;020903
2026-01-30;SBR14D;SBI AAA-BBB D;CH0027441929;Duration;CHF;;;;;7.12;1988;;;;114830872;CH1148308724;CH14830872=S;0.125 GIV 21-27;150000000;99.6600000;0.0809028;0.377;1.352;149611354;149611354;;2022-01-03;2026-06-30;2025-06-07;2026-06-07;Maturity;2027-06-07;2027-06-07;100.0;100.0;1.43;Domestic Non Government;0.1250;BBB;1.0000000;71510100;CH;011181
2026-01-30;SBR14D;SBI AAA-BBB D;CH0027441929;Duration;CHF;;;;;7.12;1988;;;;33782926;CH0337829268;CH33782926=S;0.50 VODGB 16-31;150000000;99.5500000;0.1819444;0.581;5.562;149597917;149597917;;2016-10-03;2030-09-30;2025-09-19;2026-09-19;Maturity;2031-09-19;2031-09-19;100.0;100.0;5.72;Foreign Corporate;0.5000;BBB;1.0000000;75010100;GB;013493
2026-01-30;SBR14D;SBI AAA-BBB D;CH0027441929;Duration;CHF;;;;;7.12;1988;;;;114275428;CH1142754287;CH14275428=S;0.795 FONPL 21-28;150000000;99.6000000;0.1302917;0.938;2.812;149595438;149595438;;2022-01-03;2027-12-31;2025-12-01;2026-12-01;Maturity;2028-12-01;2028-12-01;100.0;100.0;2.92;Foreign Supranational;0.7950;A;1.0000000;51515100;BO;020784
2026-01-30;SBR14D;SBI AAA-BBB D;CH0027441929;Duration;CHF;;;;;7.12;1988;;;;41361836;CH0413618361;CH041361836=S;1.10 KSBADEN 18-33;150000000;98.9500000;0.7547222;1.251;7.014;149557083;149557083;;2018-06-01;2032-05-31;2025-05-23;2026-05-23;Maturity;2033-05-23;2033-05-23;100.0;100.0;7.39;Domestic Non Government;1.1000;AA;1.0000000;73510100;CH;020682
2026-01-30;SBR14D;SBI AAA-BBB D;CH0027441929;Duration;CHF;;;;;7.12;1988;;;;114830873;CH1148308732;CH14830873=S;0.375 GIV 21-30;150000000;99.4500000;0.2427083;0.503;4.315;149539062;149539062;;2022-01-03;2029-06-29;2025-06-07;2026-06-07;Maturity;2030-06-07;2030-06-07;100.0;100.0;4.43;Domestic Non Government;0.3750;BBB;1.0000000;71510100;CH;011181
2026-01-30;SBR14D;SBI AAA-BBB D;CH0027441929;Duration;CHF;;;;;7.12;1988;;;;48436037;CH0484360372;CH48436037=S;0.375 LGT 19-28;150000000;99.4500000;0.2135417;0.604;2.419;149495313;149495313;;2019-08-02;2027-07-30;2025-07-05;2026-07-05;Maturity;2028-07-05;2028-07-05;100.0;100.0;2.51;Domestic Non Government;0.3750;A;1.0000000;74010100;LI;019844
2026-01-30;SBR14D;SBI AAA-BBB D;CH0027441929;Duration;CHF;;;;;7.12;1988;;;;133585031;CH1335850314;CH33585031=S;0.947 IADB 24-32;145000000;102.6000000;0.4842778;0.539;6.298;149472203;149472203;;2024-08-02;2031-07-31;2025-07-26;2026-07-26;Maturity;2032-07-26;2032-07-26;100.0;100.0;6.57;Foreign Supranational;0.9475;AAA;1.0000000;51515100;US;001524
2026-01-30;SBR14D;SBI AAA-BBB D;CH0027441929;Duration;CHF;;;;;7.12;1988;;;;111139288;CH1111392887;CH11139288=S;0.25 CLIENTIS 21-28;150000000;99.4500000;0.1743056;0.491;2.295;149436458;149436458;;2021-06-01;2027-05-31;2025-05-19;2026-05-19;Maturity;2028-05-19;2028-05-19;100.0;100.0;2.38;Domestic Non Government;0.2500;A;1.0000000;74010100;CH;014516
2026-01-30;SBR14D;SBI AAA-BBB D;CH0027441929;Duration;CHF;;;;;7.12;1988;;;;150043963;CH1500439638;CH50043963=S;0.75 SG KB 25-34;150000000;99.3000000;0.1583333;0.833;8.524;149187500;149187500;;2025-12-01;2033-11-30;2025-11-14;2026-11-14;Maturity;2034-11-14;2034-11-14;100.0;100.0;8.87;Domestic Non Government;0.7500;AAA;1.0000000;52510100;CH;000371
2026-01-30;SBR14D;SBI AAA-BBB D;CH0027441929;Duration;CHF;;;;;7.12;1988;;;;110567269;CH1105672690;CH10567269=S;0.30 GR DI 21-28;150000000;99.3000000;0.1250000;0.574;2.574;149137500;149137500;;2021-06-01;2027-08-31;2025-08-31;2026-08-31;Maturity;2028-08-31;2028-08-31;100.0;100.0;2.66;Domestic Non Government;0.3000;BBB;1.0000000;75510100;CH;001303
2026-01-30;SBR14D;SBI AAA-BBB D;CH0027441929;Duration;CHF;;;;;7.12;1988;;;;111846100;CH1118461008;CH11846100=S;0.1175 ASB 21-28;150000000;99.3500000;0.0688681;0.389;2.410;149128302;149128302;;2021-07-01;2027-06-30;2025-06-29;2026-06-29;Maturity;2028-06-29;2028-06-29;100.0;100.0;2.49;Foreign Corporate;0.1175;AA;1.0000000;74010100;NZ;012289
2026-01-30;SBR14D;SBI AAA-BBB D;CH0027441929;Duration;CHF;;;;;7.12;1988;;;;135785267;CH1357852677;CH35785267=S;1.38 IBERFI 24-28;145000000;102.0500000;0.7628333;0.534;2.407;149078608;149078608;;2024-08-02;2027-07-30;2025-07-11;2026-07-11;Maturity;2028-07-11;2028-07-11;100.0;100.0;2.53;Foreign Corporate;1.3800;BBB;1.0000000;75510100;ES;021189
2026-01-30;SBR14D;SBI AAA-BBB D;CH0027441929;Duration;CHF;;;;;7.12;1988;;;;150389268;CH1503892684;CH50389268=S;0.847 AKAH 25-35;150000000;99.2500000;0.1130000;0.927;9.495;149044500;149044500;;2026-01-05;2034-12-29;2025-12-12;2026-12-12;Maturity;2035-12-12;2035-12-12;100.0;100.0;9.95;Foreign Government;0.8475;AA;1.0000000;52015100;SE;011244
2026-01-30;SBR14D;SBI AAA-BBB D;CH0027441929;Duration;CHF;;;;;7.12;1988;;;;126589105;CH1265891056;CH26589105=S;0.80 BKB 25-35;150000000;99.2000000;0.1533333;0.885;9.457;149030000;149030000;;2025-12-01;2034-11-30;2025-11-21;2026-11-21;Maturity;2035-11-21;2035-11-21;100.0;100.0;9.89;Domestic Non Government;0.8000;AA;1.0000000;52510100;CH;002929
2026-01-30;SBR14D;SBI AAA-BBB D;CH0027441929;Duration;CHF;;;;;7.12;1988;;;;41904166;CH0419041667;CH41904166=S;0.07 FADB 19-27;150000000;99.2500000;0.0198333;0.510;1.716;148904750;148904750;;2019-11-01;2026-10-30;2025-10-18;2026-10-18;Maturity;2027-10-18;2027-10-18;100.0;100.0;1.80;Foreign Corporate;0.0700;AA;1.0000000;74010100;AE;020578
2026-01-30;SBR14D;SBI AAA-BBB D;CH0027441929;Duration;CHF;;;;;7.12;1988;;;;46123910;CH0461239102;CH46123910=S;0 SWISSGRID 20-28;150000000;99.2500000;0.0000000;0.312;2.417;148875000;148875000;;2020-02-03;2027-06-30;2020-01-30;2020-06-30;Maturity;2028-06-30;2028-06-30;100.0;100.0;2.50;Domestic Non Government;0.0000;AA;1.0000000;75510100;CH;019851
2026-01-30;SBR14D;SBI AAA-BBB D;CH0027441929;Duration;CHF;;;;;7.12;1988;;;;46123906;CH0461239060;CH46123906=S;0.15 PSP 20-29;150000000;99.1000000;0.1491667;0.452;2.997;148873750;148873750;;2020-03-02;2028-02-29;2025-02-02;2026-02-02;Maturity;2029-02-02;2029-02-02;100.0;100.0;3.09;Domestic Non Government;0.1500;A;1.0000000;76015100;CH;011129
2026-01-30;SBR14D;SBI AAA-BBB D;CH0027441929;Duration;CHF;;;;;7.12;1988;;;;147140392;CH1471403928;CH47140392=S;0.70 KT TI 25-35;150000000;99.0000000;0.2450000;0.808;9.341;148867500;148867500;;2025-10-01;2034-09-29;2025-09-24;2026-09-24;Maturity;2035-09-24;2035-09-24;100.0;100.0;9.73;Domestic Non Government;0.7000;AA;1.0000000;52515100;CH;001111
2026-01-30;SBR14D;SBI AAA-BBB D;CH0027441929;Duration;CHF;;;;;7.12;1988;;;;57232703;CH0572327036;CH57232703=S;0.15 GIV 20-28;150000000;99.2000000;0.0333333;0.440;2.773;148850000;148850000;;2020-12-01;2027-11-30;2025-11-10;2026-11-10;Maturity;2028-11-10;2028-11-10;100.0;100.0;2.86;Domestic Non Government;0.1500;BBB;1.0000000;71510100;CH;011181
2026-01-30;SBR14D;SBI AAA-BBB D;CH0027441929;Duration;CHF;;;;;7.12;1988;;;;129371437;CH1293714379;CH29371437=S;2.52 INSPIT 23-38;135000000;109.3500000;0.8470000;1.693;11.003;148765950;148765950;;2023-10-02;2037-09-30;2025-09-29;2026-09-29;Maturity;2038-09-29;2038-09-29;100.0;100.0;12.74;Domestic Non Government;2.5200;A;1.0000000;73510100;CH;020979
2026-01-30;SBR14D;SBI AAA-BBB D;CH0027441929;Duration;CHF;;;;;7.12;1988;;;;140938852;CH1409388522;CH40938852=S;1.088 KT TI 25-51;150000000;98.2000000;0.9766264;1.172;21.849;148764940;148764940;;2025-03-18;2050-03-31;2025-03-07;2026-03-07;Maturity;2051-03-07;2051-03-07;100.0;100.0;25.18;Domestic Non Government;1.0885;AA;1.0000000;52515100;CH;001111
2026-01-30;SBR14D;SBI AAA-BBB D;CH0027441929;Duration;CHF;;;;;7.12;1988;;;;46927350;CH0469273509;CH46927350=S;0 KT TI 19-29;150000000;99.0500000;0.0000000;0.297;3.217;148575000;148575000;;2019-05-02;2028-04-28;2019-04-18;2020-04-18;Maturity;2029-04-18;2029-04-18;100.0;100.0;3.30;Domestic Non Government;0.0000;AA;1.0000000;52515100;CH;001111
2026-01-30;SBR14D;SBI AAA-BBB D;CH0027441929;Duration;CHF;;;;;7.12;1988;;;;135325792;CH1353257921;CH35325792=S;2.157 EFGBNK 24-30;140000000;104.8500000;1.2705278;1.027;4.211;148568739;148568739;;2024-07-01;2029-06-29;2025-06-28;2026-06-28;Maturity;2030-06-28;2030-06-28;100.0;100.0;4.49;Domestic Non Government;2.1575;A;1.0000000;74010100;CH;021185
2026-01-30;SBR14D;SBI AAA-BBB D;CH0027441929;Duration;CHF;;;;;7.12;1988;;;;33145534;CH0331455342;CH33145534=S;0 KT BS 16-29;150000000;98.9000000;0.0000000;0.308;3.597;148350000;148350000;;2016-09-21;2028-09-29;2019-09-05;2020-09-05;Maturity;2029-09-05;2029-09-05;100.0;100.0;3.68;Domestic Non Government;0.0000;AAA;1.0000000;52515100;CH;001102
2026-01-30;SBR14D;SBI AAA-BBB D;CH0027441929;Duration;CHF;;;;;7.12;1988;;;;38310434;CH0383104343;CH38310434=S;0.55 NESTLE 17-32;150000000;98.5500000;0.1772222;0.774;6.563;148090833;148090833;;2017-11-01;2031-10-31;2025-10-04;2026-10-04;Maturity;2032-10-04;2032-10-04;100.0;100.0;6.76;Foreign Corporate;0.5500;AA;1.0000000;73015100;US;002405
2026-01-30;SBR14D;SBI AAA-BBB D;CH0027441929;Duration;CHF;;;;;7.12;1988;;;;49858902;CH0498589024;CH49858902=S;0.25 CAL 19-29;150000000;98.6500000;0.0763889;0.621;3.679;148089583;148089583;;2019-11-01;2028-10-31;2025-10-10;2026-10-10;Maturity;2029-10-10;2029-10-10;100.0;100.0;3.77;Foreign Corporate;0.2500;A;1.0000000;74010100;GB;012444
2026-01-30;SBR14D;SBI AAA-BBB D;CH0027441929;Duration;CHF;;;;;7.12;1988;;;;31993276;CH0319932767;CH31993276=S;0.40 BCV 16-31;150000000;98.4000000;0.3255556;0.715;5.126;148088333;148088333;;2016-05-02;2030-04-30;2025-04-07;2026-04-07;Maturity;2031-04-07;2031-04-07;100.0;100.0;5.27;Domestic Non Government;0.4000;AA;1.0000000;74010100;CH;000230
2026-01-30;SBR14D;SBI AAA-BBB D;CH0027441929;Duration;CHF;;;;;7.12;1988;;;;114826775;CH1148267755;CH14826775=S;0.15 SZ KB 21-29;150000000;98.7000000;0.0250000;0.493;3.824;148087500;148087500;;2021-12-01;2028-11-30;2025-11-30;2026-11-30;Maturity;2029-11-30;2029-11-30;100.0;100.0;3.91;Domestic Non Government;0.1500;AA;1.0000000;52510100;CH;002996
2026-01-30;SBR14D;SBI AAA-BBB D;CH0027441929;Duration;CHF;;;;;7.12;1988;;;;111846098;CH1118460984;CH11846098=S;0.212 CAL 21-29;150000000;98.5500000;0.1292708;0.646;3.379;148018906;148018906;;2021-07-01;2028-06-30;2025-06-21;2026-06-21;Maturity;2029-06-21;2029-06-21;100.0;100.0;3.47;Foreign Corporate;0.2125;A;1.0000000;74010100;GB;012444
2026-01-30;SBR14D;SBI AAA-BBB D;CH0027441929;Duration;CHF;;;;;7.12;1988;;;;113712277;CH1137122771;CH13712277=S;0.25 RY 21-29;150000000;98.5000000;0.0729167;0.661;3.693;147859375;147859375;;2021-11-01;2028-10-31;2025-10-15;2026-10-15;Maturity;2029-10-15;2029-10-15;100.0;100.0;3.79;Foreign Corporate;0.2500;A;1.0000000;74010100;CA;003105
2026-01-30;SBR14D;SBI AAA-BBB D;CH0027441929;Duration;CHF;;;;;7.12;1988;;;;143501211;CH1435012112;CH43501211=S;1.07 KT TI 25-50;150000000;97.8500000;0.6003889;1.172;21.466;147675583;147675583;;2025-07-15;2049-07-30;2025-07-08;2026-07-08;Maturity;2050-07-08;2050-07-08;100.0;100.0;24.52;Domestic Non Government;1.0700;AA;1.0000000;52515100;CH;001111
2026-01-30;SBR14D;SBI AAA-BBB D;CH0027441929;Duration;CHF;;;;;7.12;1988;;;;59389397;CH0593893974;CH59389397=S;0 KOM KR 21-42;175000000;84.3500000;0.0000000;1.063;16.092;147612500;147612500;;2021-04-01;2041-03-29;2021-03-03;2022-03-03;Maturity;2042-03-03;2042-03-03;100.0;100.0;16.17;Foreign Government;0.0000;AAA;1.0000000;52015100;DK;010343
2026-01-30;SBR14D;SBI AAA-BBB D;CH0027441929;Duration;CHF;;;;;7.12;1988;;;;148582710;CH1485827104;CH48582710=S;0.95 KT GE 25-50;150000000;98.0500000;0.2902778;1.040;22.032;147510417;147510417;;2025-10-14;2049-10-29;2025-10-10;2026-10-10;Maturity;2050-10-10;2050-10-10;100.0;100.0;24.77;Domestic Non Government;0.9500;AA;1.0000000;52515100;CH;001105
2026-01-30;SBR14D;SBI AAA-BBB D;CH0027441929;Duration;CHF;;;;;7.12;1988;;;;53689325;CH0536893255;CH53689325=S;0.30 LANDESBK 20-30;150000000;98.1000000;0.1050000;0.717;4.620;147307500;147307500;;2020-10-01;2029-09-28;2025-09-24;2026-09-24;Maturity;2030-09-24;2030-09-24;100.0;100.0;4.73;Domestic Non Government;0.3000;AA;1.0000000;74010100;LI;002428
2026-01-30;SBR14D;SBI AAA-BBB D;CH0027441929;Duration;CHF;;;;;7.12;1988;;;;114826623;CH1148266237;CH14826623=S;0.35 BLACKSEA 21-27;150000000;97.7800000;0.3062500;2.373;1.121;147129375;147129375;;2022-01-03;2026-03-31;2025-03-15;2026-03-15;Maturity;2027-03-15;2027-03-15;100.0;100.0;1.21;Foreign Supranational;0.3500;BBB;1.0000000;51515100;GR;019703
2026-01-30;SBR14D;SBI AAA-BBB D;CH0027441929;Duration;CHF;;;;;7.12;1988;;;;121324391;CH1213243913;CH21324391=S;3.042 CAL 22-27;140000000;104.0500000;1.0226181;0.588;1.635;147101665;147101665;;2022-10-03;2026-09-30;2025-09-29;2026-09-29;Maturity;2027-09-29;2027-09-29;100.0;100.0;1.74;Foreign Corporate;3.0425;A;1.0000000;74010100;GB;012444
2026-01-30;SBR14D;SBI AAA-BBB D;CH0027441929;Duration;CHF;;;;;7.12;1988;;;;36153316;CH0361533166;CH36153316=S;0.60 EGW 17-35;147500000;99.3500000;0.2266667;0.670;9.357;146875583;146875583;;2017-09-20;2034-09-29;2025-09-14;2026-09-14;Maturity;2035-09-14;2035-09-14;100.0;100.0;9.70;Domestic Non Government;0.6000;AAA;1.0000000;52010100;CH;003083
2026-01-30;SBR14D;SBI AAA-BBB D;CH0027441929;Duration;CHF;;;;;7.12;1988;;;;142393172;CH1423931729;CH42393172=S;1.03 EGW 25-45;145200000;100.3000000;0.6981111;1.013;17.502;146649257;146649257;;2025-06-02;2044-05-31;2025-05-26;2026-05-26;Maturity;2045-05-26;2045-05-26;100.0;100.0;19.40;Domestic Non Government;1.0300;AAA;1.0000000;52010100;CH;003083
2026-01-30;SBR14D;SBI AAA-BBB D;CH0027441929;Duration;CHF;;;;;7.12;1988;;;;47951428;CH0479514280;CH47951428=S;0.50 DEUT BAHN 19-34;150000000;97.4000000;0.3069444;0.822;8.206;146560417;146560417;;2019-07-01;2033-06-30;2025-06-19;2026-06-19;Maturity;2034-06-19;2034-06-19;100.0;100.0;8.47;Foreign Corporate;0.5000;AA;1.0000000;72020100;DE;021252
2026-01-30;SBR14D;SBI AAA-BBB D;CH0027441929;Duration;CHF;;;;;7.12;1988;;;;48544599;CH0485445990;CH48544599=S;0.167 NBS 19-31;150000000;97.6000000;0.0925903;0.617;5.422;146538885;146538885;;2019-08-02;2030-07-31;2025-07-11;2026-07-11;Maturity;2031-07-11;2031-07-11;100.0;100.0;5.53;Foreign Corporate;0.1675;AAA;1.0000000;61515100;GB;012109
2026-01-30;SBR14D;SBI AAA-BBB D;CH0027441929;Duration;CHF;;;;;7.12;1988;;;;141400350;CH1414003504;CH41400350=S;0.755 TRECV 25-37;150000000;97.0000000;0.6857917;1.043;10.599;146528688;146528688;;2025-04-01;2036-03-31;2025-03-03;2026-03-03;Maturity;2037-03-03;2037-03-03;100.0;100.0;11.17;Foreign Government;0.7550;AA;1.0000000;52515100;AU;003229
2026-01-30;SBR14D;SBI AAA-BBB D;CH0027441929;Duration;CHF;;;;;7.12;1988;;;;46123911;CH0461239110;CH46123911=S;0.20 SWISSGRID 20-32;150000000;97.5000000;0.1166667;0.598;6.374;146425000;146425000;;2020-02-03;2031-06-30;2025-06-30;2026-06-30;Maturity;2032-06-30;2032-06-30;100.0;100.0;6.50;Domestic Non Government;0.2000;AA;1.0000000;75510100;CH;019851
2026-01-30;SBR14D;SBI AAA-BBB D;CH0027441929;Duration;CHF;;;;;7.12;1988;;;;113193137;CH1131931375;CH13193137=S;0.20 MHB 21-31;150000000;97.5000000;0.0516667;0.645;5.711;146327500;146327500;;2021-11-01;2030-10-31;2025-10-27;2026-10-27;Maturity;2031-10-27;2031-10-27;100.0;100.0;5.82;Foreign Corporate;0.2000;AAA;1.0000000;61010100;DE;010705
2026-01-30;SBR14D;SBI AAA-BBB D;CH0027441929;Duration;CHF;;;;;7.12;1988;;;;113193134;CH1131931342;CH13193134=S;0.15 ZKB 21-31;150000000;97.5000000;0.0412500;0.595;5.702;146311875;146311875;;2021-11-01;2030-10-31;2025-10-21;2026-10-21;Maturity;2031-10-21;2031-10-21;100.0;100.0;5.81;Domestic Non Government;0.1500;AAA;1.0000000;52510100;CH;000210
2026-01-30;SBR14D;SBI AAA-BBB D;CH0027441929;Duration;CHF;;;;;7.12;1988;;;;111201156;CH1112011569;CH11201156=S;0 ZH 21-30;150000000;97.5000000;0.0000000;0.527;4.819;146250000;146250000;;2021-07-01;2029-11-30;2021-06-25;2021-11-25;Maturity;2030-11-25;2030-11-25;100.0;100.0;4.90;Domestic Non Government;0.0000;AAA;1.0000000;53015100;CH;001146
2026-01-30;SBR14D;SBI AAA-BBB D;CH0027441929;Duration;CHF;;;;;7.12;1988;;;;129022254;CH1290222541;CH29022254=S;2.40 AMAG 23-30;135000000;107.8500000;0.4533333;0.733;4.592;146209500;146209500;;2023-12-01;2029-11-30;2025-11-22;2026-11-22;Maturity;2030-11-22;2030-11-22;100.0;100.0;4.89;Domestic Non Government;2.4000;AAA;1.0000000;61520100;CH;020626
2026-01-30;SBR14D;SBI AAA-BBB D;CH0027441929;Duration;CHF;;;;;7.12;1988;;;;127342969;CH1273429691;CH27342969=S;2.685 DNB 23-28;140000000;102.7000000;1.6781250;0.664;1.322;146129375;146129375;;2023-07-03;2026-06-30;2025-06-15;2026-06-15;Next Call;2027-06-05;2028-06-15;100.0;100.0;1.43;Foreign Corporate;2.6850;A;1.0000000;74010100;NO;019504
2026-01-30;SBR14D;SBI AAA-BBB D;CH0027441929;Duration;CHF;;;;;7.12;1988;;;;59520551;CH0595205516;CH59520551=S;0.20 MHB 21-31;150000000;97.2000000;0.1816667;0.763;5.061;146072500;146072500;;2021-04-01;2030-03-29;2025-03-03;2026-03-03;Maturity;2031-03-03;2031-03-03;100.0;100.0;5.17;Foreign Corporate;0.2000;AA;1.0000000;74015100;DE;010705
2026-01-30;SBR14D;SBI AAA-BBB D;CH0027441929;Duration;CHF;;;;;7.12;1988;;;;121640006;CH1216400064;CH21640006=S;2.465 KHFC 22-27;140000000;103.5500000;0.7258056;0.373;1.682;145986128;145986128;;2022-11-01;2026-10-30;2025-10-14;2026-10-14;Maturity;2027-10-14;2027-10-14;100.0;100.0;1.79;Foreign Corporate;2.4650;AAA;1.0000000;61510100;KR;021049
2026-01-30;SBR14D;SBI AAA-BBB D;CH0027441929;Duration;CHF;;;;;7.12;1988;;;;41904138;CH0419041386;CH41904138=S;0.50 KBLU 19-41;160000000;90.9500000;0.2555556;1.141;14.868;145928889;145928889;;2019-08-02;2040-07-31;2025-07-26;2026-07-26;Maturity;2041-07-26;2041-07-26;100.0;100.0;15.57;Domestic Non Government;0.5000;AA;1.0000000;52510100;CH;000431
2026-01-30;SBR14D;SBI AAA-BBB D;CH0027441929;Duration;CHF;;;;;7.12;1988;;;;111375546;CH1113755461;CH11375546=S;0.05 ZG KB 21-31;150000000;97.1500000;0.0338889;0.596;5.315;145775833;145775833;;2021-06-01;2030-05-31;2025-05-26;2026-05-26;Maturity;2031-05-26;2031-05-26;100.0;100.0;5.40;Domestic Non Government;0.0500;AAA;1.0000000;52510100;CH;000155
2026-01-30;SBR14D;SBI AAA-BBB D;CH0027441929;Duration;CHF;;;;;7.12;1988;;;;113296635;CH1132966354;CH13296635=S;0.125 INSPIT 21-29;150000000;97.1000000;0.0423611;0.934;3.653;145713542;145713542;;2021-11-01;2028-09-29;2025-09-28;2026-09-28;Maturity;2029-09-28;2029-09-28;100.0;100.0;3.74;Domestic Non Government;0.1250;A;1.0000000;73510100;CH;020979
2026-01-30;SBR14D;SBI AAA-BBB D;CH0027441929;Duration;CHF;;;;;7.12;1988;;;;111294060;CH1112940601;CH11294060=S;0.05 KBNW 21-31;150000000;97.0000000;0.0337500;0.625;5.317;145550625;145550625;;2021-06-01;2030-05-31;2025-05-27;2026-05-27;Maturity;2031-05-27;2031-05-27;100.0;100.0;5.41;Domestic Non Government;0.0500;AA;1.0000000;52510100;CH;020451
2026-01-30;SBR14D;SBI AAA-BBB D;CH0027441929;Duration;CHF;;;;;7.12;1988;;;;132148153;CH1321481538;CH32148153=S;2.50 MHB 24-30;135000000;105.4500000;2.3611111;1.118;3.826;145545000;145545000;;2024-03-01;2029-02-28;2025-02-20;2026-02-20;Maturity;2030-02-20;2030-02-20;100.0;100.0;4.14;Foreign Corporate;2.5000;A;1.0000000;74015100;DE;010705
2026-01-30;SBR14D;SBI AAA-BBB D;CH0027441929;Duration;CHF;;;;;7.12;1988;;;;46005446;CH0460054460;CH46005446=S;0.80 MANIT 19-39;150000000;96.3000000;0.7000000;1.104;12.407;145500000;145500000;;2019-04-01;2038-03-31;2025-03-15;2026-03-15;Maturity;2039-03-15;2039-03-15;100.0;100.0;13.21;Foreign Government;0.8000;A;1.0000000;52515100;CA;001478
2026-01-30;SBR14D;SBI AAA-BBB D;CH0027441929;Duration;CHF;;;;;7.12;1988;;;;130591676;CH1305916764;CH30591676=S;1.60 ROK 23-28;140000000;103.2500000;0.6000000;0.354;2.579;145390000;145390000;;2023-12-19;2027-09-30;2025-09-15;2026-09-15;Maturity;2028-09-15;2028-09-15;100.0;100.0;2.71;Domestic Non Government;1.6000;AA;1.0000000;73515100;CH;010368
2026-01-30;SBR14D;SBI AAA-BBB D;CH0027441929;Duration;CHF;;;;;7.12;1988;;;;32637147;CH0326371470;CH32637147=S;0.297 CARIBB 16-28;145000000;99.9000000;0.1674750;0.338;2.427;145097839;145097839;;2016-08-02;2027-07-30;2025-07-07;2026-07-07;Maturity;2028-07-07;2028-07-07;100.0;100.0;2.52;Foreign Supranational;0.2970;AA;1.0000000;51515100;AN;020472
2026-01-30;SBR14D;SBI AAA-BBB D;CH0027441929;Duration;CHF;;;;;7.12;1988;;;;124866696;CH1248666963;CH24866696=S;2.892 BCI 23-28;135000000;104.7500000;2.4746944;0.654;2.064;144753337;144753337;;2023-04-03;2027-03-31;2025-03-22;2026-03-22;Maturity;2028-03-22;2028-03-22;100.0;100.0;2.23;Foreign Corporate;2.8925;A;1.0000000;74010100;CL;020134
2026-01-30;SBR14D;SBI AAA-BBB D;CH0027441929;Duration;CHF;;;;;7.12;1988;;;;11953327;CH0119533278;CH11953327=S;3.125 CSG 10-30;130000000;110.6500000;0.6770833;0.843;4.507;144725208;144725208;;2010-12-01;2029-11-30;2025-11-12;2026-11-12;Maturity;2030-11-12;2030-11-12;100.0;100.0;4.86;Foreign Corporate;3.1250;A;1.0000000;74010100;GB;011399
2026-01-30;SBR14D;SBI AAA-BBB D;CH0027441929;Duration;CHF;;;;;7.12;1988;;;;121706659;CH1217066591;CH21706659=S;2 BL KB 23-34;130000000;109.3000000;1.8722222;0.804;7.428;144523889;144523889;;2023-03-01;2033-02-28;2025-02-23;2026-02-23;Maturity;2034-02-23;2034-02-23;100.0;100.0;8.14;Domestic Non Government;2.0000;AA;1.0000000;52510100;CH;000414
2026-01-30;SBR14D;SBI AAA-BBB D;CH0027441929;Duration;CHF;;;;;7.12;1988;;;;112726397;CH1127263973;CH12726397=S;0.125 HOLHEL 21-27;145000000;99.5500000;0.0534722;0.413;1.571;144425035;144425035;;2021-09-01;2026-05-29;2025-08-26;2026-08-26;Maturity;2027-05-26;2027-08-26;100.0;100.0;1.40;Domestic Non Government;0.1250;BBB;1.0000000;71510100;CH;020962
2026-01-30;SBR14D;SBI AAA-BBB D;CH0027441929;Duration;CHF;;;;;7.12;1988;;;;142303693;CH1423036933;CH42303693=S;2.10 CLA 25-33;140000000;101.3000000;1.7266667;1.904;6.630;144237333;144237333;;2025-05-02;2032-04-30;2025-04-04;2026-04-04;Maturity;2033-04-04;2033-04-04;100.0;100.0;7.26;Domestic Non Government;2.1000;BBB;1.0000000;71510100;CH;010039
2026-01-30;SBR14D;SBI AAA-BBB D;CH0027441929;Duration;CHF;;;;;7.12;1988;;;;111139285;CH1111392853;CH11139285=S;0 KT BE 21-33;150000000;96.0500000;0.0000000;0.554;7.300;144075000;144075000;;2021-05-18;2032-05-31;2021-05-18;2022-05-18;Maturity;2033-05-18;2033-05-18;100.0;100.0;7.38;Domestic Non Government;0.0000;AA;1.0000000;52515100;CH;001103
2026-01-30;SBR14D;SBI AAA-BBB D;CH0027441929;Duration;CHF;;;;;7.12;1988;;;;128965709;CH1289657095;CH28965709=S;1.875 VLB 23-30;135000000;105.9500000;0.7135417;0.566;4.445;143995781;143995781;;2023-10-02;2029-09-28;2025-09-13;2026-09-13;Maturity;2030-09-13;2030-09-13;100.0;100.0;4.70;Foreign Corporate;1.8750;AAA;1.0000000;61510100;AT;020665
2026-01-30;SBR14D;SBI AAA-BBB D;CH0027441929;Duration;CHF;;;;;7.12;1988;;;;57057612;CH0570576121;CH57057612=S;0.05 ZKB 20-32;150000000;95.8500000;0.0119444;0.680;6.750;143792917;143792917;;2020-12-01;2031-11-28;2025-11-04;2026-11-04;Maturity;2032-11-04;2032-11-04;100.0;100.0;6.84;Domestic Non Government;0.0500;AAA;1.0000000;52510100;CH;000210
2026-01-30;SBR14D;SBI AAA-BBB D;CH0027441929;Duration;CHF;;;;;7.12;1988;;;;113296629;CH1132966297;CH13296629=S;0.03 CREAGR 21-31;150000000;95.8500000;0.0105000;0.784;5.645;143790750;143790750;;2021-10-01;2030-09-30;2025-09-24;2026-09-24;Maturity;2031-09-24;2031-09-24;100.0;100.0;5.73;Domestic Non Government;0.0300;AAA;1.0000000;61515100;CH;020901
2026-01-30;SBR14D;SBI AAA-BBB D;CH0027441929;Duration;CHF;;;;;7.12;1988;;;;138001127;CH1380011275;CH38001127=S;1.1525 NADB 24-30;140000000;102.4000000;0.2881250;0.638;4.639;143763375;143763375;;2024-11-01;2029-10-31;2025-10-30;2026-10-30;Maturity;2030-10-30;2030-10-30;100.0;100.0;4.83;Foreign Supranational;1.1525;AA;1.0000000;51515100;US;020347
2026-01-30;SBR14D;SBI AAA-BBB D;CH0027441929;Duration;CHF;;;;;7.12;1988;;;;114872818;CH1148728186;CH14872818=S;0.45 PZ S543 22-42;156000000;91.5500000;0.4362500;1.024;15.398;143498550;143498550;;2022-02-15;2041-02-28;2025-02-11;2026-02-11;Maturity;2042-02-11;2042-02-11;100.0;100.0;16.11;Swiss Pfandbrief;0.4500;AAA;1.0000000;61010100;CH;001211
2026-01-30;SBR14D;SBI AAA-BBB D;CH0027441929;Duration;CHF;;;;;7.12;1988;;;;59208723;CH0592087230;CH59208723=S;0.01 BL KB 21-33;150000000;95.3000000;0.0000556;0.701;6.992;142950083;142950083;;2021-02-01;2032-01-30;2026-01-28;2027-01-28;Maturity;2033-01-28;2033-01-28;100.0;100.0;7.08;Domestic Non Government;0.0100;AA;1.0000000;52510100;CH;000414
2026-01-30;SBR14D;SBI AAA-BBB D;CH0027441929;Duration;CHF;;;;;7.12;1988;;;;123946465;CH1239464659;CH23946465=S;1.95 EGW 23-43;121800000;115.6500000;1.6791667;0.956;14.723;142906925;142906925;;2023-04-03;2042-03-31;2025-03-20;2026-03-20;Maturity;2043-03-20;2043-03-20;100.0;100.0;17.22;Domestic Non Government;1.9500;AAA;1.0000000;52010100;CH;003083
2026-01-30;SBR14D;SBI AAA-BBB D;CH0027441929;Duration;CHF;;;;;7.12;1988;;;;140006457;CH1400064577;CH40006457=S;2.10 BARRY 25-35;140000000;102.0000000;0.0466667;1.856;8.280;142865333;142865333;;2025-02-03;2034-01-31;2026-01-22;2027-01-22;Maturity;2035-01-22;2035-01-22;100.0;100.0;9.06;Domestic Non Government;2.1000;BBB;1.0000000;73015100;CH;010480
2026-01-30;SBR14D;SBI AAA-BBB D;CH0027441929;Duration;CHF;;;;;7.12;1988;;;;126684717;CH1266847172;CH26684717=S;2.40 kenova AG 23-38;125000000;112.9000000;1.2733333;1.274;10.912;142716667;142716667;;2023-08-02;2037-07-31;2025-07-19;2026-07-19;Maturity;2038-07-19;2038-07-19;100.0;100.0;12.55;Domestic Non Government;2.4000;A;1.0000000;72015100;CH;021188
2026-01-30;SBR14D;SBI AAA-BBB D;CH0027441929;Duration;CHF;;;;;7.12;1988;;;;142886709;CH1428867092;CH42886709=S;0.825 KIWIBANK 25-29;140000000;101.2500000;0.6508333;0.432;3.163;142661167;142661167;;2025-05-02;2028-04-28;2025-04-16;2026-04-16;Maturity;2029-04-16;2029-04-16;100.0;100.0;3.29;Foreign Government;0.8250;AAA;1.0000000;61515100;NZ;019979
2026-01-30;SBR14D;SBI AAA-BBB D;CH0027441929;Duration;CHF;;;;;7.12;1988;;;;110109651;CH1101096514;CH10109651=S;0.25 GLARNERK 21-35;150000000;94.7500000;0.1993056;0.845;9.087;142423958;142423958;;2021-05-03;2034-04-28;2025-04-13;2026-04-13;Maturity;2035-04-13;2035-04-13;100.0;100.0;9.28;Domestic Non Government;0.2500;AA;1.0000000;52510100;CH;017104
2026-01-30;SBR14D;SBI AAA-BBB D;CH0027441929;Duration;CHF;;;;;7.12;1988;;;;142303680;CH1423036800;CH42303680=S;1.8975 THERMO 25-45;135000000;103.7500000;1.7024792;1.664;15.827;142360847;142360847;;2025-04-01;2043-12-31;2025-03-07;2026-03-07;Next Call;2044-12-07;2045-03-07;100.0;100.0;18.93;Foreign Corporate;1.8975;A;1.0000000;73510100;US;020514
2026-01-30;SBR14D;SBI AAA-BBB D;CH0027441929;Duration;CHF;;;;;7.12;1988;;;;59197966;CH0591979668;CH59197966=S;0 UBSWITZ 21-33;150000000;94.6500000;0.0000000;0.790;6.992;141975000;141975000;;2021-02-01;2032-01-30;2021-01-27;2022-01-27;Maturity;2033-01-27;2033-01-27;100.0;100.0;7.07;Domestic Non Government;0.0000;AAA;1.0000000;61515100;CH;021142
2026-01-30;SBR14D;SBI AAA-BBB D;CH0027441929;Duration;CHF;;;;;7.12;1988;;;;140006450;CH1400064502;CH40006450=S;1.10 HELVSI 25-33;140000000;100.3000000;1.1000000;1.055;6.703;141960000;141960000;;2025-02-03;2032-01-30;2025-01-31;2026-01-31;Maturity;2033-01-31;2033-01-31;100.0;100.0;7.08;Domestic Non Government;1.1000;A;1.0000000;74020100;CH;019264
2026-01-30;SBR14D;SBI AAA-BBB D;CH0027441929;Duration;CHF;;;;;7.12;1988;;;;141578014;CH1415780142;CH41578014=S;1.194 BS 25-30;140000000;100.6000000;0.5011522;1.060;4.464;141541613;141541613;;2025-06-02;2029-05-31;2025-08-29;2026-08-29;Maturity;2030-05-29;2030-08-29;100.0;100.0;4.41;Foreign Corporate;1.1948;A;1.0000000;74010100;CL;015324
2026-01-30;SBR14D;SBI AAA-BBB D;CH0027441929;Duration;CHF;;;;;7.12;1988;;;;140898995;CH1408989957;CH40898995=S;1.10 TG KB 25-40;140000000;99.9000000;1.0694444;1.108;12.937;141357222;141357222;;2025-03-03;2039-02-28;2025-02-10;2026-02-10;Maturity;2040-02-10;2040-02-10;100.0;100.0;14.11;Domestic Non Government;1.1000;AA;1.0000000;52510100;CH;000108
2026-01-30;SBR14D;SBI AAA-BBB D;CH0027441929;Duration;CHF;;;;;7.12;1988;;;;147843084;CH1478430841;CH47843084=S;1.075  BAYER 25-30;140000000;100.4500000;0.4150694;0.975;4.509;141211097;141211097;;2025-10-01;2029-09-28;2025-09-11;2026-09-11;Maturity;2030-09-11;2030-09-11;100.0;100.0;4.69;Foreign Corporate;1.0750;BBB;1.0000000;73515100;DE;002071
2026-01-30;SBR14D;SBI AAA-BBB D;CH0027441929;Duration;CHF;;;;;7.12;1988;;;;37347678;CH0373476784;CH37347678=S;0.50 SHKB 18-28;140000000;100.3000000;0.3333333;0.371;2.318;140886667;140886667;;2018-06-01;2027-05-31;2025-05-31;2026-05-31;Maturity;2028-05-31;2028-05-31;100.0;100.0;2.41;Domestic Non Government;0.5000;AAA;1.0000000;52510100;CH;002998
2026-01-30;SBR14D;SBI AAA-BBB D;CH0027441929;Duration;CHF;;;;;7.12;1988;;;;52215886;CH0522158861;CH52215886=S;0.40 BCV 21-36;150000000;93.5500000;0.2944444;1.067;10.037;140766667;140766667;;2021-06-01;2035-05-31;2025-05-05;2026-05-05;Maturity;2036-05-05;2036-05-05;100.0;100.0;10.34;Domestic Non Government;0.4000;AA;1.0000000;74010100;CH;000230
2026-01-30;SBR14D;SBI AAA-BBB D;CH0027441929;Duration;CHF;;;;;7.12;1988;;;;50607139;CH0506071395;CH50607139=S;0.25 BKB 21-36;150000000;93.6000000;0.2222222;0.916;9.969;140733333;140733333;;2021-04-01;2035-03-30;2025-03-10;2026-03-10;Maturity;2036-03-10;2036-03-10;100.0;100.0;10.19;Domestic Non Government;0.2500;AA;1.0000000;52510100;CH;002929
2026-01-30;SBR14D;SBI AAA-BBB D;CH0027441929;Duration;CHF;;;;;7.12;1988;;;;127631330;CH1276313306;CH27631330=S;2.842 LEASEN 23-27;135000000;101.5400000;2.6685100;1.369;1.034;140681488;140681488;;2023-10-02;2026-02-27;2025-02-22;2026-02-22;Maturity;2027-02-22;2027-02-22;100.0;100.0;1.14;Domestic Non Government;2.8422;AAA;1.0000000;62010100;CH;021140
2026-01-30;SBR14D;SBI AAA-BBB D;CH0027441929;Duration;CHF;;;;;7.12;1988;;;;138873134;CH1388731346;CH38873134=S;0.90 KT TI 24-55;150000000;93.4500000;0.2650000;1.162;25.974;140572500;140572500;;2024-10-15;2054-10-30;2025-10-14;2026-10-14;Maturity;2055-10-14;2055-10-14;100.0;100.0;29.79;Domestic Non Government;0.9000;AA;1.0000000;52515100;CH;001111
2026-01-30;SBR14D;SBI AAA-BBB D;CH0027441929;Duration;CHF;;;;;7.12;1988;;;;132580783;CH1325807837;CH32580783=S;2.10 GR DI 24-32;130000000;106.1000000;1.8783333;1.063;5.705;140371833;140371833;;2024-04-02;2031-03-31;2025-03-08;2026-03-08;Maturity;2032-03-08;2032-03-08;100.0;100.0;6.19;Domestic Non Government;2.1000;BBB;1.0000000;75510100;CH;001303
2026-01-30;SBR14D;SBI AAA-BBB D;CH0027441929;Duration;CHF;;;;;7.12;1988;;;;13216343;CH0132163434;CH13216343=S;2.875 KW LINTH 11-31;125000000;110.2000000;1.6770833;0.934;5.037;139846354;139846354;;2011-07-01;2030-06-28;2025-06-30;2026-06-30;Maturity;2031-06-30;2031-06-30;100.0;100.0;5.50;Domestic Non Government;2.8750;BBB;1.0000000;75510100;CH;003007
2026-01-30;SBR14D;SBI AAA-BBB D;CH0027441929;Duration;CHF;;;;;7.12;1988;;;;12485532;CH0124855328;CH12485532=S;2.625 RFF 11-31;125000000;109.3000000;2.3333333;0.763;4.762;139541667;139541667;;2011-04-01;2030-03-29;2025-03-10;2026-03-10;Maturity;2031-03-10;2031-03-10;100.0;100.0;5.19;Foreign Corporate;2.6250;A;1.0000000;52010100;FR;020322
2026-01-30;SBR14D;SBI AAA-BBB D;CH0027441929;Duration;CHF;;;;;7.12;1988;;;;127626976;CH1276269763;CH27626976=S;2.932 SANTAN 23-28;130000000;105.6000000;1.6780417;0.601;2.346;139461454;139461454;;2023-08-02;2027-07-30;2025-07-04;2026-07-04;Maturity;2028-07-04;2028-07-04;100.0;100.0;2.51;Foreign Corporate;2.9325;A;1.0000000;74015100;ES;020382
2026-01-30;SBR14D;SBI AAA-BBB D;CH0027441929;Duration;CHF;;;;;7.12;1988;;;;115869329;CH1158693296;CH15869329=S;0.30 ZG KB 22-30;140000000;99.2500000;0.3000000;0.490;3.970;139370000;139370000;;2022-02-01;2029-01-31;2025-01-31;2026-01-31;Maturity;2030-01-31;2030-01-31;100.0;100.0;4.08;Domestic Non Government;0.3000;AAA;1.0000000;52510100;CH;000155
2026-01-30;SBR14D;SBI AAA-BBB D;CH0027441929;Duration;CHF;;;;;7.12;1988;;;;138091036;CH1380910369;CH38091036=S;1.125 BERN 24-44;140000000;99.2500000;0.2781250;1.170;16.957;139339375;139339375;;2024-11-19;2043-11-30;2025-11-01;2026-11-01;Maturity;2044-11-01;2044-11-01;100.0;100.0;18.83;Domestic Non Government;1.1250;AA;1.0000000;53015100;CH;001126
2026-01-30;SBR14D;SBI AAA-BBB D;CH0027441929;Duration;CHF;;;;;7.12;1988;;;;19841507;CH0198415074;CH19841507=S;4 ENELI 12-27;130000000;106.0500000;1.0444444;0.496;1.702;139222778;139222778;;2012-11-01;2026-10-30;2025-10-26;2026-10-26;Maturity;2027-10-26;2027-10-26;100.0;100.0;1.82;Foreign Corporate;4.0000;BBB;1.0000000;75510100;NL;019446
2026-01-30;SBR14D;SBI AAA-BBB D;CH0027441929;Duration;CHF;;;;;7.12;1988;;;;59364102;CH0593641027;CH59364102=S;0.375 SOGE 21-28;140000000;99.2500000;0.1916667;0.680;2.478;139218333;139218333;;2021-02-01;2026-07-31;2025-07-26;2026-07-26;Maturity;2027-07-26;2028-07-26;100.0;100.0;1.57;Foreign Corporate;0.3750;BBB;1.0000000;74010100;FR;012823
2026-01-30;SBR14D;SBI AAA-BBB D;CH0027441929;Duration;CHF;;;;;7.12;1988;;;;134431673;CH1344316737;CH34431673=S;1.522 MANIT 24-34;130000000;105.8500000;1.0742083;0.791;7.792;139001471;139001471;;2024-06-03;2033-05-31;2025-05-16;2026-05-16;Maturity;2034-05-16;2034-05-16;100.0;100.0;8.38;Foreign Government;1.5225;A;1.0000000;52515100;CA;001478
2026-01-30;SBR14D;SBI AAA-BBB D;CH0027441929;Duration;CHF;;;;;7.12;1988;;;;145418580;CH1454185807;CH45418580=S;0.372 KFW 25-32;140000000;99.0500000;0.2224653;0.524;6.325;138981451;138981451;;2025-07-01;2031-06-30;2025-06-25;2026-06-25;Maturity;2032-06-25;2032-06-25;100.0;100.0;6.48;Foreign Government;0.3725;AAA;1.0000000;52015100;DE;011457
2026-01-30;SBR14D;SBI AAA-BBB D;CH0027441929;Duration;CHF;;;;;7.12;1988;;;;134964308;CH1349643085;CH34964308=S;1.70 BCV 24-38;130000000;105.7500000;1.1144444;1.196;11.161;138923778;138923778;;2024-07-01;2037-06-30;2025-06-04;2026-06-04;Maturity;2038-06-04;2038-06-04;100.0;100.0;12.43;Domestic Non Government;1.7000;AA;1.0000000;74010100;CH;000230
2026-01-30;SBR14D;SBI AAA-BBB D;CH0027441929;Duration;CHF;;;;;7.12;1988;;;;124941601;CH1249416012;CH24941601=S;2.70 SPARNORD 23-29;130000000;104.3500000;2.3250000;0.645;2.063;138677500;138677500;;2023-04-03;2027-03-31;2025-03-20;2026-03-20;Next Call;2028-03-20;2029-03-20;100.0;100.0;2.22;Foreign Corporate;2.7000;A;1.0000000;74010100;NO;020304
2026-01-30;SBR14D;SBI AAA-BBB D;CH0027441929;Duration;CHF;;;;;7.12;1988;;;;137390439;CH1373904395;CH37390439=S;0.95 EGW 24-44;138900000;99.1500000;0.3351389;1.000;17.112;138184858;138184858;;2024-10-01;2043-09-30;2025-09-23;2026-09-23;Maturity;2044-09-23;2044-09-23;100.0;100.0;18.73;Domestic Non Government;0.9500;AAA;1.0000000;52010100;CH;003083
2026-01-30;SBR14D;SBI AAA-BBB D;CH0027441929;Duration;CHF;;;;;7.12;1988;;;;133111357;CH1331113576;CH33111357=S;2.010 SWEDBK 24-30;130000000;105.5000000;0.6143194;0.811;4.508;137948615;137948615;;2024-05-02;2029-10-31;2025-10-10;2026-10-10;Maturity;2030-10-10;2030-10-10;100.0;100.0;4.78;Foreign Corporate;2.0105;A;1.0000000;74010100;SE;018856
2026-01-30;SBR14D;SBI AAA-BBB D;CH0027441929;Duration;CHF;;;;;7.12;1988;;;;112905378;CH1129053786;CH12905378=S;0.41 KKWGD 21-29;140000000;98.1500000;0.1469167;0.929;3.617;137615683;137615683;;2021-10-01;2028-09-29;2025-09-21;2026-09-21;Maturity;2029-09-21;2029-09-21;100.0;100.0;3.72;Domestic Non Government;0.4100;BBB;1.0000000;75510100;CH;020138
2026-01-30;SBR14D;SBI AAA-BBB D;CH0027441929;Duration;CHF;;;;;7.12;1988;;;;52215896;CH0522158960;CH52215896=S;0.3126 FR KB 22-32;140000000;97.8000000;0.3108633;0.688;5.939;137355209;137355209;;2022-03-01;2031-02-28;2025-02-02;2026-02-02;Maturity;2032-02-02;2032-02-02;100.0;100.0;6.09;Domestic Non Government;0.3126;AA;1.0000000;52510100;CH;002995
2026-01-30;SBR14D;SBI AAA-BBB D;CH0027441929;Duration;CHF;;;;;7.12;1988;;;;39867767;CH0398677671;CH39867767=S;0.65 AKAH 18-44;150000000;90.6000000;0.6355556;1.235;16.885;136853333;136853333;;2018-03-01;2043-02-27;2025-02-08;2026-02-08;Maturity;2044-02-08;2044-02-08;100.0;100.0;18.10;Foreign Government;0.6500;AA;1.0000000;52015100;SE;011244
2026-01-30;SBR14D;SBI AAA-BBB D;CH0027441929;Duration;CHF;;;;;7.12;1988;;;;123946478;CH1239464782;CH23946478=S;2.05 BCNEUCHA 23-28;130000000;103.8000000;1.4008333;0.398;2.258;136761083;136761083;;2023-06-01;2027-05-31;2025-05-24;2026-05-24;Maturity;2028-05-24;2028-05-24;100.0;100.0;2.40;Domestic Non Government;2.0500;AA;1.0000000;52510100;CH;017472
2026-01-30;SBR14D;SBI AAA-BBB D;CH0027441929;Duration;CHF;;;;;7.12;1988;;;;126441432;CH1264414322;CH26441432=S;3.80 CBK 23-28;125000000;106.5500000;2.8183333;0.858;2.155;136710417;136710417;;2023-06-01;2027-05-31;2025-05-03;2026-05-03;Maturity;2028-05-03;2028-05-03;100.0;100.0;2.34;Foreign Corporate;3.8000;BBB;1.0000000;74010100;DE;018925
2026-01-30;SBR14D;SBI AAA-BBB D;CH0027441929;Duration;CHF;;;;;7.12;1988;;;;129180991;CH1291809916;CH29180991=S;2.55 EDF 23-31;125000000;108.3000000;0.9775000;1.021;5.273;136596875;136596875;;2023-10-02;2030-09-30;2025-09-12;2026-09-12;Maturity;2031-09-12;2031-09-12;100.0;100.0;5.70;Foreign Corporate;2.5500;BBB;1.0000000;75510100;FR;001699
2026-01-30;SBR14D;SBI AAA-BBB D;CH0027441929;Duration;CHF;;;;;7.12;1988;;;;141154732;CH1411547321;CH41154732=S;0.75 SG KB 25-29;135000000;101.0500000;0.0145833;0.395;2.958;136437187;136437187;;2025-02-03;2028-01-31;2026-01-23;2027-01-23;Maturity;2029-01-23;2029-01-23;100.0;100.0;3.06;Domestic Non Government;0.7500;AAA;1.0000000;52510100;CH;000371
2026-01-30;SBR14D;SBI AAA-BBB D;CH0027441929;Duration;CHF;;;;;7.12;1988;;;;140547196;CH1405471967;CH40547196=S;0.65 ZKB 25-29;135000000;100.9500000;0.0144444;0.329;2.959;136302000;136302000;;2025-02-03;2028-01-31;2026-01-22;2027-01-22;Maturity;2029-01-22;2029-01-22;100.0;100.0;3.06;Domestic Non Government;0.6500;AAA;1.0000000;52510100;CH;000210
2026-01-30;SBR14D;SBI AAA-BBB D;CH0027441929;Duration;CHF;;;;;7.12;1988;;;;11915366;CH0119153663;CH11915366=S;2 BKB 10-32;125000000;108.5000000;0.4166667;0.713;6.413;136145833;136145833;;2010-12-01;2031-11-28;2025-11-15;2026-11-15;Maturity;2032-11-15;2032-11-15;100.0;100.0;6.87;Domestic Non Government;2.0000;AA;1.0000000;52510100;CH;002929
2026-01-30;SBR14D;SBI AAA-BBB D;CH0027441929;Duration;CHF;;;;;7.12;1988;;;;121171324;CH1211713248;CH21171324=S;3.25 AMAG 22-27;130000000;103.4500000;1.1555556;1.118;1.614;135987222;135987222;;2022-10-03;2026-09-30;2025-09-22;2026-09-22;Maturity;2027-09-22;2027-09-22;100.0;100.0;1.73;Domestic Non Government;3.2500;BBB;1.0000000;74015100;CH;020626
2026-01-30;SBR14D;SBI AAA-BBB D;CH0027441929;Duration;CHF;;;;;7.12;1988;;;;139784683;CH1397846838;CH397846838=S;0.70 BCNEUCHA 24-29;135000000;100.6000000;0.0777778;0.544;3.848;135915000;135915000;;2025-01-03;2028-12-29;2025-12-20;2026-12-20;Maturity;2029-12-20;2029-12-20;100.0;100.0;3.97;Domestic Non Government;0.7000;AA;1.0000000;52510100;CH;017472
2026-01-30;SBR14D;SBI AAA-BBB D;CH0027441929;Duration;CHF;;;;;7.12;1988;;;;138001126;CH1380011267;CH38001126=S;2.072 FONPL 24-29;130000000;103.9000000;0.5526667;1.002;3.616;135788467;135788467;;2024-11-01;2028-10-31;2025-10-24;2026-10-24;Maturity;2029-10-24;2029-10-24;100.0;100.0;3.81;Foreign Supranational;2.0725;A;1.0000000;51515100;BO;020784
2026-01-30;SBR14D;SBI AAA-BBB D;CH0027441929;Duration;CHF;;;;;7.12;1988;;;;134861417;CH1348614178;CH34861417=S;1.25 ZH 24-35;130000000;103.6000000;0.8194444;0.848;8.819;135745278;135745278;;2024-06-18;2034-06-30;2025-06-04;2026-06-04;Maturity;2035-06-04;2035-06-04;100.0;100.0;9.43;Domestic Non Government;1.2500;AAA;1.0000000;53015100;CH;001146
2026-01-30;SBR14D;SBI AAA-BBB D;CH0027441929;Duration;CHF;;;;;7.12;1988;;;;50878575;CH0508785752;CH50878575=S;0.25 ZH 19-39;150000000;90.3000000;0.1694444;1.033;13.082;135704167;135704167;;2019-12-02;2038-02-26;2025-05-26;2026-05-26;Maturity;2039-02-28;2039-05-26;100.0;100.0;13.16;Domestic Non Government;0.2500;AAA;1.0000000;53015100;CH;001146
2026-01-30;SBR14D;SBI AAA-BBB D;CH0027441929;Duration;CHF;;;;;7.12;1988;;;;136140174;CH1361401743;CH36140174=S;1.40 IWBIWB 24-34;130000000;103.5500000;0.7661111;0.961;7.982;135610944;135610944;;2024-08-02;2033-07-29;2025-07-13;2026-07-13;Maturity;2034-07-13;2034-07-13;100.0;100.0;8.53;Domestic Non Government;1.4000;AA;1.0000000;75510100;CH;021191
2026-01-30;SBR14D;SBI AAA-BBB D;CH0027441929;Duration;CHF;;;;;7.12;1988;;;;127082552;CH1270825529;CH27082552=S;4.252 MHB 23-33;115000000;115.1500000;2.7523125;2.014;6.389;135587659;135587659;;2023-07-03;2032-06-30;2025-06-07;2026-06-07;Maturity;2033-06-07;2033-06-07;100.0;100.0;7.43;Foreign Corporate;4.2525;BBB;1.0000000;74015200;DE;010705
2026-01-30;SBR14D;SBI AAA-BBB D;CH0027441929;Duration;CHF;;;;;7.12;1988;;;;140938849;CH1409388498;CH40938849=S;0.95 ZH 25-43;140000000;96.8000000;0.0184722;1.159;15.734;135545861;135545861;;2025-02-03;2042-01-31;2026-01-23;2027-01-23;Maturity;2043-01-23;2043-01-23;100.0;100.0;17.06;Domestic Non Government;0.9500;AAA;1.0000000;53015100;CH;001146
2026-01-30;SBR14D;SBI AAA-BBB D;CH0027441929;Duration;CHF;;;;;7.12;1988;;;;22364326;CH0223643260;CH22364326=S;2.125 BERN 13-38;120000000;112.2500000;0.6434028;1.087;11.296;135472083;135472083;;2013-10-16;2037-10-30;2025-10-11;2026-10-11;Maturity;2038-10-11;2038-10-11;100.0;100.0;12.78;Domestic Non Government;2.1250;AA;1.0000000;53015100;CH;001126
2026-01-30;SBR14D;SBI AAA-BBB D;CH0027441929;Duration;CHF;;;;;7.12;1988;;;;123109436;CH1231094363;CH23109436=S;1.96 BAWAG PSK 23-31;125000000;106.9000000;1.3284444;0.637;5.053;135285556;135285556;;2023-06-01;2030-05-31;2025-05-26;2026-05-26;Maturity;2031-05-26;2031-05-26;100.0;100.0;5.40;Foreign Corporate;1.9600;AAA;1.0000000;61515100;AT;019204
2026-01-30;SBR14D;SBI AAA-BBB D;CH0027441929;Duration;CHF;;;;;7.12;1988;;;;134674300;CH1346743003;CH34674300=S;1.375 EGW 24-44;126000000;106.4500000;0.8364583;0.990;16.325;135180937;135180937;;2024-07-01;2043-06-30;2025-06-21;2026-06-21;Maturity;2044-06-21;2044-06-21;100.0;100.0;18.47;Domestic Non Government;1.3750;AAA;1.0000000;52010100;CH;003083
2026-01-30;SBR14D;SBI AAA-BBB D;CH0027441929;Duration;CHF;;;;;7.12;1988;;;;126589073;CH1265890736;CH26589073=S;1.50 WTHUR 24-54;125000000;106.5000000;1.4041667;1.225;22.993;134880208;134880208;;2024-03-01;2053-02-28;2025-02-23;2026-02-23;Maturity;2054-02-23;2054-02-23;100.0;100.0;28.14;Domestic Non Government;1.5000;AA;1.0000000;53015100;CH;003145
2026-01-30;SBR14D;SBI AAA-BBB D;CH0027441929;Duration;CHF;;;;;7.12;1988;;;;46858157;CH0468581571;CH46858157=S;1.002 AXPO 20-27;133000000;100.7700000;0.5204833;0.478;1.471;134716343;134716343;;2020-08-03;2026-07-31;2025-07-23;2026-07-23;Maturity;2027-07-23;2027-07-23;100.0;100.0;1.56;Domestic Non Government;1.0020;A;1.0000000;75510100;CH;019086
2026-01-30;SBR14D;SBI AAA-BBB D;CH0027441929;Duration;CHF;;;;;7.12;1988;;;;123131269;CH1231312690;CH23131269=S;2.19 CAL 22-27;130000000;103.2000000;0.3224167;0.451;1.832;134579142;134579142;;2023-01-03;2026-12-30;2025-12-07;2026-12-07;Maturity;2027-12-07;2027-12-07;100.0;100.0;1.93;Foreign Corporate;2.1900;A;1.0000000;74010100;FR;012788
2026-01-30;SBR14D;SBI AAA-BBB D;CH0027441929;Duration;CHF;;;;;7.12;1988;;;;124473175;CH1244731753;CH24473175=S;2.625 DZB 23-29;125000000;106.4000000;1.1156250;0.801;3.430;134394531;134394531;;2023-03-01;2028-08-31;2025-08-27;2026-08-27;Maturity;2029-08-27;2029-08-27;100.0;100.0;3.66;Foreign Corporate;2.6250;A;1.0000000;74010100;DE;019214
2026-01-30;SBR14D;SBI AAA-BBB D;CH0027441929;Duration;CHF;;;;;7.12;1988;;;;136140173;CH1361401735;CH36140173=S;1.30 IWBIWB 24-29;130000000;102.6500000;0.7113889;0.523;3.378;134369806;134369806;;2024-08-02;2028-07-31;2025-07-13;2026-07-13;Maturity;2029-07-13;2029-07-13;100.0;100.0;3.53;Domestic Non Government;1.3000;AA;1.0000000;75510100;CH;021191
2026-01-30;SBR14D;SBI AAA-BBB D;CH0027441929;Duration;CHF;;;;;7.12;1988;;;;143580124;CH1435801241;CH43580124=S;1.207 WELTBK 25-46;130000000;102.1000000;0.9488361;1.091;17.920;133963487;133963487;;2025-05-02;2045-04-28;2025-04-17;2026-04-17;Maturity;2046-04-17;2046-04-17;100.0;100.0;20.29;Foreign Supranational;1.2070;AAA;1.0000000;51515100;US;001525
2026-01-30;SBR14D;SBI AAA-BBB D;CH0027441929;Duration;CHF;;;;;7.12;1988;;;;129371436;CH1293714361;CH29371436=S;2.375 INSPIT 23-31;125000000;106.3500000;0.7982639;1.208;5.339;133935330;133935330;;2023-10-02;2030-09-30;2025-09-29;2026-09-29;Maturity;2031-09-29;2031-09-29;100.0;100.0;5.74;Domestic Non Government;2.3750;A;1.0000000;73510100;CH;020979
2026-01-30;SBR14D;SBI AAA-BBB D;CH0027441929;Duration;CHF;;;;;7.12;1988;;;;119321312;CH1193213126;CH19321312=S;1.20 KT BS 22-28;130000000;102.8500000;0.1266667;0.211;2.860;133869667;133869667;;2023-01-03;2027-12-31;2025-12-22;2026-12-22;Maturity;2028-12-22;2028-12-22;100.0;100.0;2.98;Domestic Non Government;1.2000;AAA;1.0000000;52515100;CH;001102
2026-01-30;SBR14D;SBI AAA-BBB D;CH0027441929;Duration;CHF;;;;;7.12;1988;;;;124301883;CH1243018830;CH24301883=S;3.085 AMAG 23-28;125000000;104.0500000;2.9993056;1.056;1.942;133811632;133811632;;2023-03-01;2027-02-26;2025-02-10;2026-02-10;Maturity;2028-02-10;2028-02-10;100.0;100.0;2.11;Domestic Non Government;3.0850;BBB;1.0000000;74015100;CH;020626
2026-01-30;SBR14D;SBI AAA-BBB D;CH0027441929;Duration;CHF;;;;;7.12;1988;;;;148582736;CH1485827369;CH48582736=S;1.94 DHSF 25-45;125000000;106.3500000;0.5927778;1.563;16.580;133678472;133678472;;2025-11-03;2044-10-31;2025-10-10;2026-10-10;Maturity;2045-10-10;2045-10-10;100.0;100.0;19.77;Foreign Corporate;1.9400;A;1.0000000;73510100;LU;020411
2026-01-30;SBR14D;SBI AAA-BBB D;CH0027441929;Duration;CHF;;;;;7.12;1988;;;;137693161;CH1376931619;CH37693161=S;0.997 TRNEZE 25-33;130000000;101.2500000;0.9864167;0.813;6.742;132907342;132907342;;2025-03-03;2032-02-27;2025-02-04;2026-02-04;Maturity;2033-02-04;2033-02-04;100.0;100.0;7.09;Foreign Government;0.9975;AA;1.0000000;52015100;NZ;020850
2026-01-30;SBR14D;SBI AAA-BBB D;CH0027441929;Duration;CHF;;;;;7.12;1988;;;;20550001;CH0205500017;CH20550001=S;1.75 St. LU 13-43;120000000;109.1000000;1.6527778;1.159;14.781;132903333;132903333;;2013-03-01;2042-02-28;2025-02-20;2026-02-20;Maturity;2043-02-20;2043-02-20;100.0;100.0;17.14;Domestic Non Government;1.7500;AA;1.0000000;53015100;CH;001136
2026-01-30;SBR14D;SBI AAA-BBB D;CH0027441929;Duration;CHF;;;;;7.12;1988;;;;134861422;CH1348614228;CH34861422=S;1.877 CAL 24-32;125000000;105.1000000;1.2151597;1.043;5.990;132893950;132893950;;2024-07-01;2031-06-30;2025-06-07;2026-06-07;Maturity;2032-06-07;2032-06-07;100.0;100.0;6.43;Foreign Corporate;1.8775;A;1.0000000;74010100;FR;012788
2026-01-30;SBR14D;SBI AAA-BBB D;CH0027441929;Duration;CHF;;;;;7.12;1988;;;;129201278;CH1292012783;CH29201278=S;2.005 SANDER 23-29;125000000;105.4000000;0.7685833;0.495;3.504;132710729;132710729;;2023-10-02;2028-09-29;2025-09-12;2026-09-12;Maturity;2029-09-12;2029-09-12;100.0;100.0;3.70;Foreign Corporate;2.0050;AAA;1.0000000;61515100;GB;021138
2026-01-30;SBR14D;SBI AAA-BBB D;CH0027441929;Duration;CHF;;;;;7.12;1988;;;;42576652;CH0425766521;CH42576652=S;1.125 SIKA 18-28;130000000;101.4500000;0.6187500;0.527;2.417;132689375;132689375;;2018-08-02;2027-07-30;2025-07-12;2026-07-12;Maturity;2028-07-12;2028-07-12;100.0;100.0;2.53;Domestic Non Government;1.1250;A;1.0000000;71510100;CH;001287
2026-01-30;SBR14D;SBI AAA-BBB D;CH0027441929;Duration;CHF;;;;;7.12;1988;;;;145418590;CH1454185906;CH45418590=S;1.605 DZB 25-35;130000000;101.0000000;0.8961250;1.371;4.287;132464962;132464962;;2025-08-04;2029-07-31;2025-07-09;2026-07-09;Next Call;2030-07-09;2035-07-09;100.0;100.0;4.52;Foreign Corporate;1.6050;A;1.0000000;74010200;DE;019214
2026-01-30;SBR14D;SBI AAA-BBB D;CH0027441929;Duration;CHF;;;;;7.12;1988;;;;134674286;CH1346742864;CH34674286=S;1.50 BCNEUCHA 24-34;125000000;104.7000000;1.0291667;0.910;7.815;132161458;132161458;;2024-06-03;2033-05-31;2025-05-23;2026-05-23;Maturity;2034-05-23;2034-05-23;100.0;100.0;8.39;Domestic Non Government;1.5000;AA;1.0000000;52510100;CH;017472
2026-01-30;SBR14D;SBI AAA-BBB D;CH0027441929;Duration;CHF;;;;;7.12;1988;;;;145418593;CH1454185930;CH45418593=S;1.327 TELEF 25-32;130000000;100.8500000;0.7448750;1.184;5.940;132073338;132073338;;2025-08-04;2031-04-30;2025-07-08;2026-07-08;Next Call;2032-04-08;2032-07-08;100.0;100.0;6.27;Foreign Corporate;1.3275;BBB;1.0000000;75010100;ES;019129
2026-01-30;SBR14D;SBI AAA-BBB D;CH0027441929;Duration;CHF;;;;;7.12;1988;;;;126647700;CH1266477004;CH26647700=S;2.355 LAU 23-74;100000000;130.1500000;1.6027083;1.477;31.465;131752708;131752708;;2023-06-01;2073-05-31;2025-05-25;2026-05-25;Maturity;2074-05-25;2074-05-25;100.0;100.0;48.40;Domestic Non Government;2.3550;AA;1.0000000;53015100;CH;001133
2026-01-30;SBR14D;SBI AAA-BBB D;CH0027441929;Duration;CHF;;;;;7.12;1988;;;;53689276;CH0536892760;CH53689276=S;0.25 PZ S522 20-40;146000000;90.0700000;0.1583333;0.995;14.089;131733367;131733367;;2020-06-16;2039-06-30;2025-06-12;2026-06-12;Maturity;2040-06-12;2040-06-12;100.0;100.0;14.45;Swiss Pfandbrief;0.2500;AAA;1.0000000;61010100;CH;001211
2026-01-30;SBR14D;SBI AAA-BBB D;CH0027441929;Duration;CHF;;;;;7.12;1988;;;;141400351;CH1414003512;CH41400351=S;0.9775 LBW 25-31;130000000;100.3500000;0.9096181;0.906;4.926;131637503;131637503;;2025-03-03;2030-02-28;2025-02-25;2026-02-25;Maturity;2031-02-25;2031-02-25;100.0;100.0;5.15;Foreign Corporate;0.9775;AA;1.0000000;74010100;DE;010747
2026-01-30;SBR14D;SBI AAA-BBB D;CH0027441929;Duration;CHF;;;;;7.12;1988;;;;37347672;CH0373476727;CH037347672=S;0.77 EGW 18-33;129000000;101.4500000;0.5432778;0.566;7.086;131571328;131571328;;2018-05-16;2032-05-31;2025-05-16;2026-05-16;Maturity;2033-05-16;2033-05-16;100.0;100.0;7.38;Domestic Non Government;0.7700;AAA;1.0000000;52010100;CH;003083
2026-01-30;SBR14D;SBI AAA-BBB D;CH0027441929;Duration;CHF;;;;;7.12;1988;;;;29236508;CH0292365084;CH29236508=S;0.625 EGW 15-33;130500000;100.4500000;0.2482639;0.564;7.432;131411234;131411234;;2015-09-16;2032-09-30;2025-09-07;2026-09-07;Maturity;2033-09-07;2033-09-07;100.0;100.0;7.68;Domestic Non Government;0.6250;AAA;1.0000000;52010100;CH;003083
2026-01-30;SBR14D;SBI AAA-BBB D;CH0027441929;Duration;CHF;;;;;7.12;1988;;;;123949497;CH1239494979;CH23949497=S;1.712 SVE 23-30;125000000;104.9000000;0.0618403;0.462;3.867;131202300;131202300;;2023-02-01;2029-01-31;2026-01-17;2027-01-17;Maturity;2030-01-17;2030-01-17;100.0;100.0;4.04;Foreign Government;1.7125;AA;1.0000000;52015100;SE;001659
2026-01-30;SBR14D;SBI AAA-BBB D;CH0027441929;Duration;CHF;;;;;7.12;1988;;;;24497506;CH0244975063;CH24497506=S;1.50 WTHUR 14-29;125000000;103.8000000;0.9750000;0.357;3.264;130968750;130968750;;2014-06-18;2028-06-30;2025-06-06;2026-06-06;Maturity;2029-06-06;2029-06-06;100.0;100.0;3.43;Domestic Non Government;1.5000;AA;1.0000000;53015100;CH;003145
2026-01-30;SBR14D;SBI AAA-BBB D;CH0027441929;Duration;CHF;;;;;7.12;1988;;;;135657034;CH1356570346;CH35657034=S;0.74 WELTBK 24-34;130000000;100.5000000;0.2137778;0.681;8.452;130927911;130927911;;2024-11-01;2033-10-31;2025-10-16;2026-10-16;Maturity;2034-10-16;2034-10-16;100.0;100.0;8.79;Foreign Supranational;0.7400;AAA;1.0000000;51515100;US;001525
2026-01-30;SBR14D;SBI AAA-BBB D;CH0027441929;Duration;CHF;;;;;7.12;1988;;;;150389266;CH1503892668;CH50389266=S;1.182 BCI 25-31;130000000;100.4500000;0.1872292;1.102;5.670;130828398;130828398;;2026-01-05;2030-12-31;2025-12-03;2026-12-03;Maturity;2031-12-03;2031-12-03;100.0;100.0;5.92;Foreign Corporate;1.1825;A;1.0000000;74010100;CL;020134
2026-01-30;SBR14D;SBI AAA-BBB D;CH0027441929;Duration;CHF;;;;;7.12;1988;;;;111822349;CH1118223499;CH11822349=S;0.30  HOCHHOST 21-36;150000000;87.1000000;0.1000000;1.627;10.488;130800000;130800000;;2021-10-01;2035-09-28;2025-09-30;2026-09-30;Maturity;2036-09-30;2036-09-30;100.0;100.0;10.75;Domestic Non Government;0.3000;AA;1.0000000;73510100;CH;021240
2026-01-30;SBR14D;SBI AAA-BBB D;CH0027441929;Duration;CHF;;;;;7.12;1988;;;;132503705;CH1325037054;CH32503705=S;1.30 KT NE 24-48;125000000;103.7000000;0.8233333;1.112;19.461;130654167;130654167;;2024-06-18;2047-06-28;2025-06-12;2026-06-12;Maturity;2048-06-12;2048-06-12;100.0;100.0;22.45;Domestic Non Government;1.3000;AA;1.0000000;52515100;CH;001108
2026-01-30;SBR14D;SBI AAA-BBB D;CH0027441929;Duration;CHF;;;;;7.12;1988;;;;137390427;CH1373904270;CH37390427=S;0.85 ZH 24-34;130000000;100.1500000;0.3352778;0.832;8.308;130630861;130630861;;2024-09-17;2033-09-30;2025-09-08;2026-09-08;Maturity;2034-09-08;2034-09-08;100.0;100.0;8.69;Domestic Non Government;0.8500;AAA;1.0000000;53015100;CH;001146
2026-01-30;SBR14D;SBI AAA-BBB D;CH0027441929;Duration;CHF;;;;;7.12;1988;;;;21757978;CH0217579785;CH21757978=S;1.75 EGW 13-28;124700000;103.8500000;0.9041667;0.194;2.433;130628446;130628446;;2014-01-03;2027-07-30;2025-07-24;2026-07-24;Maturity;2028-07-24;2028-07-24;100.0;100.0;2.56;Domestic Non Government;1.7500;AAA;1.0000000;52010100;CH;003083
2026-01-30;SBR14D;SBI AAA-BBB D;CH0027441929;Duration;CHF;;;;;7.12;1988;;;;149153334;CH1491533340;CH49153334=S;1.25 BCV 25-40;130000000;100.1000000;0.3159722;1.242;13.519;130540764;130540764;;2025-11-03;2039-10-31;2025-10-29;2026-10-29;Maturity;2040-10-29;2040-10-29;100.0;100.0;14.83;Domestic Non Government;1.2500;AA;1.0000000;74010100;CH;000230
2026-01-30;SBR14D;SBI AAA-BBB D;CH0027441929;Duration;CHF;;;;;7.12;1988;;;;118921781;CH1189217818;CH18921781=S;1.50 AEWEAG 22-29;125000000;103.3500000;0.8791667;0.507;3.328;130286458;130286458;;2022-07-01;2028-06-30;2025-06-29;2026-06-29;Maturity;2029-06-29;2029-06-29;100.0;100.0;3.49;Domestic Non Government;1.5000;AA;1.0000000;75510100;CH;002977
2026-01-30;SBR14D;SBI AAA-BBB D;CH0027441929;Duration;CHF;;;;;7.12;1988;;;;37347626;CH0373476263;CH37347626=S;0.50 EGW 18-34;130800000;99.1500000;0.4458333;0.608;7.930;130271350;130271350;;2018-01-17;2033-03-31;2025-03-09;2026-03-09;Maturity;2034-03-09;2034-03-09;100.0;100.0;8.19;Domestic Non Government;0.5000;AAA;1.0000000;52010100;CH;003083
2026-01-30;SBR14D;SBI AAA-BBB D;CH0027441929;Duration;CHF;;;;;7.12;1988;;;;41904113;CH0419041139;CH4190411=S;0.375 CLER 19-27;130000000;99.9100000;0.2854167;0.448;1.235;130254042;130254042;;2019-05-02;2026-04-30;2025-04-26;2026-04-26;Maturity;2027-04-26;2027-04-26;100.0;100.0;1.32;Domestic Non Government;0.3750;A;1.0000000;74010100;CH;000228
2026-01-30;SBR14D;SBI AAA-BBB D;CH0027441929;Duration;CHF;;;;;7.12;1988;;;;114251232;CH1142512321;CH14251232=S;0.315 BDC 21-27;130000000;100.0500000;0.0227789;0.261;0.928;130094613;130094613;;2021-12-01;2026-01-30;2026-01-04;2027-01-04;Maturity;2027-01-04;2027-01-04;100.0;100.0;1.01;Foreign Corporate;0.3154;A;1.0000000;74010100;CL;019388
2026-01-30;SBR14D;SBI AAA-BBB D;CH0027441929;Duration;CHF;;;;;7.12;1988;;;;36153296;CH0361532960;CH36153296=S;0.375 EGW 17-32;130700000;99.2000000;0.2270833;0.502;6.316;129951198;129951198;;2017-07-03;2031-06-30;2025-06-22;2026-06-22;Maturity;2032-06-22;2032-06-22;100.0;100.0;6.47;Domestic Non Government;0.3750;AAA;1.0000000;52010100;CH;003083
2026-01-30;SBR14D;SBI AAA-BBB D;CH0027441929;Duration;CHF;;;;;7.12;1988;;;;135325776;CH1353257764;CH35325776=S;2.50 FERRIN 24-33;120000000;106.2500000;1.4722222;1.598;6.785;129266667;129266667;;2024-07-01;2032-06-30;2025-06-28;2026-06-28;Maturity;2033-06-28;2033-06-28;100.0;100.0;7.49;Domestic Non Government;2.5000;BBB;1.0000000;73515100;CH;020892
2026-01-30;SBR14D;SBI AAA-BBB D;CH0027441929;Duration;CHF;;;;;7.12;1988;;;;113296627;CH1132966271;CH13296627=S;0.125 SPARNORD 21-28;130000000;99.1000000;0.0468750;0.471;2.621;128890938;128890938;;2021-10-01;2026-09-30;2025-09-15;2026-09-15;Maturity;2027-09-15;2028-09-15;100.0;100.0;1.71;Foreign Corporate;0.1250;A;1.0000000;74010100;NO;020304
2026-01-30;SBR14D;SBI AAA-BBB D;CH0027441929;Duration;CHF;;;;;7.12;1988;;;;51782528;CH0517825284;CH51782528=S;0.127 CAL 20-28;130000000;99.0000000;0.0648125;0.533;2.488;128784256;128784256;;2020-02-03;2027-07-30;2025-07-27;2026-07-27;Maturity;2028-07-27;2028-07-27;100.0;100.0;2.57;Foreign Corporate;0.1275;A;1.0000000;74010100;GB;012444
2026-01-30;SBR14D;SBI AAA-BBB D;CH0027441929;Duration;CHF;;;;;7.12;1988;;;;137390436;CH1373904361;CH37390436=S;1.4 PSP 24-34;125000000;102.4500000;0.5055556;1.101;8.165;128694444;128694444;;2024-10-01;2033-09-30;2025-09-20;2026-09-20;Maturity;2034-09-20;2034-09-20;100.0;100.0;8.72;Domestic Non Government;1.4000;A;1.0000000;76015100;CH;011129
2026-01-30;SBR14D;SBI AAA-BBB D;CH0027441929;Duration;CHF;;;;;7.12;1988;;;;132503704;CH1325037047;CH32503704=S;1.977 CAAFI 24-27;125000000;101.5100000;1.4062222;0.794;1.270;128645278;128645278;;2024-06-03;2026-05-29;2025-05-14;2026-05-14;Maturity;2027-05-14;2027-05-14;100.0;100.0;1.37;Domestic Non Government;1.9775;A;1.0000000;74015100;CH;021111
2026-01-30;SBR14D;SBI AAA-BBB D;CH0027441929;Duration;CHF;;;;;7.12;1988;;;;142393164;CH1423931646;CH42393164=S;1.375 ALL 25-32;125000000;101.8000000;1.0350694;1.075;5.972;128543837;128543837;;2025-05-02;2031-04-30;2025-04-29;2026-04-29;Maturity;2032-04-29;2032-04-29;100.0;100.0;6.33;Domestic Non Government;1.3750;BBB;1.0000000;76015100;CH;011120
2026-01-30;SBR14D;SBI AAA-BBB D;CH0027441929;Duration;CHF;;;;;7.12;1988;;;;129627614;CH1296276145;CH29627614=S;1.865 DDB 23-30;120000000;106.4500000;0.6009444;0.468;4.505;128461133;128461133;;2023-11-01;2029-10-31;2025-10-04;2026-10-04;Maturity;2030-10-04;2030-10-04;100.0;100.0;4.76;Foreign Corporate;1.8650;AAA;1.0000000;61515100;DK;012320
2026-01-30;SBR14D;SBI AAA-BBB D;CH0027441929;Duration;CHF;;;;;7.12;1988;;;;20820058;CH0208200581;CH20820058=S;1.375 EGW 13-28;123800000;102.6000000;1.1572917;0.167;2.119;128451527;128451527;;2013-04-02;2027-03-31;2025-03-27;2026-03-27;Maturity;2028-03-27;2028-03-27;100.0;100.0;2.24;Domestic Non Government;1.3750;AAA;1.0000000;52010100;CH;003083
2026-01-30;SBR14D;SBI AAA-BBB D;CH0027441929;Duration;CHF;;;;;7.12;1988;;;;138091024;CH1380910245;CH38091024=S;1.55 KSBADEN 24-31;125000000;102.3000000;0.3616667;1.135;5.545;128327083;128327083;;2024-12-02;2030-11-29;2025-11-06;2026-11-06;Maturity;2031-11-06;2031-11-06;100.0;100.0;5.85;Domestic Non Government;1.5500;AA;1.0000000;73510100;CH;020682
2026-01-30;SBR14D;SBI AAA-BBB D;CH0027441929;Duration;CHF;;;;;7.12;1988;;;;142303689;CH1423036891;CH42303689=S;1.417 BPCE 25-33;125000000;101.4000000;1.2442500;1.211;6.745;128305312;128305312;;2025-04-01;2032-03-31;2025-03-14;2026-03-14;Maturity;2033-03-14;2033-03-14;100.0;100.0;7.20;Foreign Corporate;1.4175;A;1.0000000;74010100;FR;020228
2026-01-30;SBR14D;SBI AAA-BBB D;CH0027441929;Duration;CHF;;;;;7.12;1988;;;;139276225;CH1392762253;CH39276225=S;1.05 SZ KB 24-31;125000000;102.3000000;0.2275000;0.643;5.632;128159375;128159375;;2024-12-02;2030-11-29;2025-11-12;2026-11-12;Maturity;2031-11-12;2031-11-12;100.0;100.0;5.86;Domestic Non Government;1.0500;AA;1.0000000;52510100;CH;002996
2026-01-30;SBR14D;SBI AAA-BBB D;CH0027441929;Duration;CHF;;;;;7.12;1988;;;;134103499;CH1341034994;CH34103499=S;1.41 SLH 24-27;125000000;101.1700000;1.0731667;0.224;0.979;127803958;127803958;;2024-05-02;2026-01-30;2025-04-26;2026-04-26;Next Call;2027-01-26;2027-04-26;100.0;100.0;1.07;Domestic Non Government;1.4100;A;1.0000000;74020100;CH;011974
2026-01-30;SBR14D;SBI AAA-BBB D;CH0027441929;Duration;CHF;;;;;7.12;1988;;;;148582712;CH1485827120;CH48582712=S;0.817 WELTBK 25-40;130000000;98.1000000;0.2043750;0.956;13.918;127795688;127795688;;2025-11-03;2039-10-31;2025-10-30;2026-10-30;Maturity;2040-10-30;2040-10-30;100.0;100.0;14.83;Foreign Supranational;0.8175;AAA;1.0000000;51515100;US;001525
2026-01-30;SBR14D;SBI AAA-BBB D;CH0027441929;Duration;CHF;;;;;7.12;1988;;;;126892221;CH1268922213;CH26892221=S;3.25 OCOER 23-29;120000000;105.4000000;1.0652778;1.718;3.493;127758333;127758333;;2023-07-03;2028-10-31;2025-10-02;2026-10-02;Maturity;2029-10-02;2029-10-02;100.0;100.0;3.75;Domestic Non Government;3.2500;BBB;1.0000000;72010100;CH;017729
2026-01-30;SBR14D;SBI AAA-BBB D;CH0027441929;Duration;CHF;;;;;7.12;1988;;;;137390435;CH1373904353;CH37390435=S;1.20 PSP 24-29;125000000;101.7000000;0.4333333;0.725;3.569;127666667;127666667;;2024-10-01;2028-09-29;2025-09-20;2026-09-20;Maturity;2029-09-20;2029-09-20;100.0;100.0;3.72;Domestic Non Government;1.2000;A;1.0000000;76015100;CH;011129
2026-01-30;SBR14D;SBI AAA-BBB D;CH0027441929;Duration;CHF;;;;;7.12;1988;;;;140547217;CH1405472171;CH40547217=S;1.35 BCI 25-30;125000000;101.6000000;0.5212500;0.993;4.484;127651562;127651562;;2025-04-01;2029-09-28;2025-09-11;2026-09-11;Maturity;2030-09-11;2030-09-11;100.0;100.0;4.69;Foreign Corporate;1.3500;A;1.0000000;74010100;CL;020134
2026-01-30;SBR14D;SBI AAA-BBB D;CH0027441929;Duration;CHF;;;;;7.12;1988;;;;147843085;CH1478430858;CH47843085=S;1.645 BAYER 25-34;125000000;101.4500000;0.6351528;1.464;8.058;127606441;127606441;;2025-10-01;2033-09-30;2025-09-11;2026-09-11;Maturity;2034-09-11;2034-09-11;100.0;100.0;8.69;Foreign Corporate;1.6450;BBB;1.0000000;73515100;DE;002071
2026-01-30;SBR14D;SBI AAA-BBB D;CH0027441929;Duration;CHF;;;;;7.12;1988;;;;142303692;CH1423036925;CH42303692=S;1.55 CLA 25-28;125000000;100.7500000;1.2744444;1.198;2.132;127530556;127530556;;2025-05-02;2027-04-30;2025-04-04;2026-04-04;Maturity;2028-04-04;2028-04-04;100.0;100.0;2.26;Domestic Non Government;1.5500;BBB;1.0000000;71510100;CH;010039
2026-01-30;SBR14D;SBI AAA-BBB D;CH0027441929;Duration;CHF;;;;;7.12;1988;;;;131996859;CH1319968595;CH31996859=S;1.55 SPWG 24-32;120000000;104.9000000;1.2830556;0.735;5.870;127419667;127419667;;2024-05-02;2031-04-30;2025-04-02;2026-04-02;Maturity;2032-04-02;2032-04-02;100.0;100.0;6.25;Domestic Non Government;1.5500;AA;1.0000000;76015100;CH;021169
2026-01-30;SBR14D;SBI AAA-BBB D;CH0027441929;Duration;CHF;;;;;7.12;1988;;;;3140917;CH0031409177;CH3140917=S;3.25 BNG 07-37;100000000;125.4000000;1.9048611;0.898;9.784;127304861;127304861;;2007-07-02;2036-06-30;2025-06-29;2026-06-29;Maturity;2037-06-29;2037-06-29;100.0;100.0;11.49;Foreign Government;3.2500;AAA;1.0000000;52015100;NL;020748
2026-01-30;SBR14D;SBI AAA-BBB D;CH0027441929;Duration;CHF;;;;;7.12;1988;;;;122463019;CH1224630199;CH22463019=S;1.05 BELLIN 24-35;125000000;101.1000000;0.3208333;0.931;9.243;126776042;126776042;;2024-11-01;2034-10-31;2025-10-10;2026-10-10;Maturity;2035-10-10;2035-10-10;100.0;100.0;9.78;Domestic Non Government;1.0500;AA;1.0000000;53015100;CH;021208
2026-01-30;SBR14D;SBI AAA-BBB D;CH0027441929;Duration;CHF;;;;;7.12;1988;;;;143324117;CH1433241176;CH43324117=S;1.2525 NANTDRA 25-35;125000000;100.5500000;0.7932500;1.190;8.830;126679062;126679062;;2025-07-01;2034-06-30;2025-06-12;2026-06-12;Maturity;2035-06-12;2035-06-12;100.0;100.0;9.45;Domestic Non Government;1.2525;A;1.0000000;75510100;CH;019877
2026-01-30;SBR14D;SBI AAA-BBB D;CH0027441929;Duration;CHF;;;;;7.12;1988;;;;141400356;CH1414003561;CH41400356=S;0.64 BKERD 25-32;125000000;100.6000000;0.5653333;0.540;5.985;126456667;126456667;;2025-04-01;2031-03-31;2025-03-12;2026-03-12;Maturity;2032-03-12;2032-03-12;100.0;100.0;6.20;Foreign Supranational;0.6400;AAA;1.0000000;51515100;GB;010907
2026-01-30;SBR14D;SBI AAA-BBB D;CH0027441929;Duration;CHF;;;;;7.12;1988;;;;147299693;CH1472996938;CH47299693=S;1.525 CBK 25-35;125000000;100.5500000;0.4447917;1.403;4.561;126243490;126243490;;2025-11-03;2029-10-31;2025-10-15;2026-10-15;Next Call;2030-10-15;2035-10-15;100.0;100.0;4.79;Foreign Corporate;1.5250;BBB;1.0000000;74010200;DE;002074
2026-01-30;SBR14D;SBI AAA-BBB D;CH0027441929;Duration;CHF;;;;;7.12;1988;;;;40432220;CH0404322205;CH040432220=S;0.55 ZG KB 18-28;125000000;100.5000000;0.4919444;0.311;2.089;126239931;126239931;;2018-04-03;2027-03-31;2025-03-08;2026-03-08;Maturity;2028-03-08;2028-03-08;100.0;100.0;2.19;Domestic Non Government;0.5500;AAA;1.0000000;52510100;CH;000155
2026-01-30;SBR14D;SBI AAA-BBB D;CH0027441929;Duration;CHF;;;;;7.12;1988;;;;142864829;CH1428648294;CH42864829=S;0.962 EFGBNK 25-29;125000000;100.3500000;0.5935417;0.857;3.327;126179427;126179427;;2025-07-01;2028-06-30;2025-06-18;2026-06-18;Maturity;2029-06-18;2029-06-18;100.0;100.0;3.46;Domestic Non Government;0.9625;A;1.0000000;74010100;CH;021185
2026-01-30;SBR14D;SBI AAA-BBB D;CH0027441929;Duration;CHF;;;;;7.12;1988;;;;147843080;CH1478430809;CH47843080=S;1.207 CAL 25-31;125000000;100.2500000;0.4461042;1.161;5.455;125870130;125870130;;2025-10-01;2029-09-28;2025-09-17;2026-09-17;Maturity;2030-09-17;2031-09-17;100.0;100.0;4.71;Foreign Corporate;1.2075;A;1.0000000;74010100;FR;012788
2026-01-30;SBR14D;SBI AAA-BBB D;CH0027441929;Duration;CHF;;;;;7.12;1988;;;;111822340;CH1118223408;CH11822340=S;0.15 STIFKS 21-30;130000000;96.6000000;0.0841667;0.936;4.424;125689417;125689417;;2021-08-02;2029-07-31;2025-07-08;2026-07-08;Maturity;2030-07-08;2030-07-08;100.0;100.0;4.52;Domestic Non Government;0.1500;AA;1.0000000;73510100;CH;020965
2026-01-30;SBR14D;SBI AAA-BBB D;CH0027441929;Duration;CHF;;;;;7.12;1988;;;;142303691;CH1423036917;CH42303691=S;0.785 BKERD 25-35;125000000;99.9000000;0.6498056;0.796;8.829;125687257;125687257;;2025-05-02;2034-04-28;2025-04-02;2026-04-02;Maturity;2035-04-02;2035-04-02;100.0;100.0;9.25;Foreign Supranational;0.7850;AAA;1.0000000;51515100;GB;010907
2026-01-30;SBR14D;SBI AAA-BBB D;CH0027441929;Duration;CHF;;;;;7.12;1988;;;;144958377;CH1449583777;CH44958377=S;0.7943 COOP 25-29;125000000;100.2000000;0.2713858;0.739;3.611;125589232;125589232;;2025-07-01;2028-09-29;2025-09-27;2026-09-27;Maturity;2029-09-27;2029-09-27;100.0;100.0;3.74;Domestic Non Government;0.7943;BBB;1.0000000;73010100;CH;019998
2026-01-30;SBR14D;SBI AAA-BBB D;CH0027441929;Duration;CHF;;;;;7.12;1988;;;;41904106;CH0419041063;CH41904106=S;0.60 GEBM 19-28;125000000;100.2500000;0.1716667;0.507;2.696;125527083;125527083;;2019-05-02;2027-07-30;2025-10-17;2026-10-17;Maturity;2028-07-17;2028-10-17;100.0;100.0;2.54;Domestic Non Government;0.6000;A;1.0000000;72010100;CH;010824
2026-01-30;SBR14D;SBI AAA-BBB D;CH0027441929;Duration;CHF;;;;;7.12;1988;;;;35342805;CH0353428052;CH35342805=S;0.375 KT AG 17-31;125000000;99.8000000;0.3572917;0.415;4.991;125196615;125196615;;2017-03-01;2030-02-28;2025-02-17;2026-02-17;Maturity;2031-02-17;2031-02-17;100.0;100.0;5.13;Domestic Non Government;0.3750;AAA;1.0000000;52515100;CH;001089
2026-01-30;SBR14D;SBI AAA-BBB D;CH0027441929;Duration;CHF;;;;;7.12;1988;;;;144645233;CH1446452331;CH44645233=S;0.125 KT TG 25-28;125000000;100.0000000;0.0791667;0.125;2.363;125098958;125098958;;2025-06-17;2027-06-30;2025-06-12;2026-06-12;Maturity;2028-06-12;2028-06-12;100.0;100.0;2.45;Domestic Non Government;0.1250;AA;1.0000000;52515100;CH;001112
2026-01-30;SBR14D;SBI AAA-BBB D;CH0027441929;Duration;CHF;;;;;7.12;1988;;;;45720678;CH0457206784;CH45720678=S;0.45 CAHL 19-29;125000000;99.9500000;0.0075000;0.467;2.970;124946875;124946875;;2019-02-01;2028-01-31;2026-01-24;2027-01-24;Maturity;2029-01-24;2029-01-24;100.0;100.0;3.06;Foreign Corporate;0.4500;AAA;1.0000000;61515100;FR;019224
2026-01-30;SBR14D;SBI AAA-BBB D;CH0027441929;Duration;CHF;;;;;7.12;1988;;;;36274827;CH0362748276;CH36274827=S;0.20 NADB 17-27;125000000;99.9000000;0.0522222;0.258;1.737;124940278;124940278;;2017-05-02;2026-10-30;2025-10-26;2026-10-26;Maturity;2027-10-26;2027-10-26;100.0;100.0;1.82;Foreign Supranational;0.2000;AA;1.0000000;51515100;US;020347
2026-01-30;SBR14D;SBI AAA-BBB D;CH0027441929;Duration;CHF;;;;;7.12;1988;;;;150381605;CH1503816055;CH50381605=S;0.85 BCG 25-32;125000000;99.8000000;0.1062500;0.880;6.700;124882812;124882812;;2026-01-05;2031-12-31;2025-12-15;2026-12-15;Maturity;2032-12-15;2032-12-15;100.0;100.0;6.96;Domestic Non Government;0.8500;AA;1.0000000;74010100;CH;003253
2026-01-30;SBR14D;SBI AAA-BBB D;CH0027441929;Duration;CHF;;;;;7.12;1988;;;;144958372;CH1449583728;CH44958372=S;0.652 IADB 25-35;125000000;99.4500000;0.4150625;0.713;9.076;124831328;124831328;;2025-07-01;2034-06-30;2025-06-11;2026-06-11;Maturity;2035-06-11;2035-06-11;100.0;100.0;9.44;Foreign Supranational;0.6525;AAA;1.0000000;51515100;US;001524
2026-01-30;SBR14D;SBI AAA-BBB D;CH0027441929;Duration;CHF;;;;;7.12;1988;;;;134103502;CH1341035025;CH34103502=S;1.75 LANDESBW 24-28;120000000;102.7500000;1.2736111;0.529;2.222;124828333;124828333;;2024-06-03;2027-05-31;2025-05-08;2026-05-08;Maturity;2028-05-08;2028-05-08;100.0;100.0;2.35;Foreign Corporate;1.7500;AA;1.0000000;74010100;DE;010747
2026-01-30;SBR14D;SBI AAA-BBB D;CH0027441929;Duration;CHF;;;;;7.12;1988;;;;135657035;CH1356570353;CH35657035=S;2.015 RCI 24-29;120000000;103.3000000;0.5093472;1.110;3.633;124571217;124571217;;2024-11-01;2028-10-31;2025-10-29;2026-10-29;Maturity;2029-10-29;2029-10-29;100.0;100.0;3.83;Foreign Corporate;2.0150;BBB;1.0000000;74010100;FR;012134
2026-01-30;SBR14D;SBI AAA-BBB D;CH0027441929;Duration;CHF;;;;;7.12;1988;;;;55333182;CH0553331825;CH55333182=S;0.50 BAL 20-30;125000000;99.5500000;0.0611111;0.594;4.828;124513889;124513889;;2020-08-03;2029-09-28;2025-12-16;2026-12-16;Maturity;2030-09-16;2030-12-16;100.0;100.0;4.71;Domestic Non Government;0.5000;A;1.0000000;74020100;CH;021282
2026-01-30;SBR14D;SBI AAA-BBB D;CH0027441929;Duration;CHF;;;;;7.12;1988;;;;46123899;CH0461238997;CH46123899=S;0.02 TRNEZE 19-27;125000000;99.4000000;0.0024444;0.341;1.878;124253056;124253056;;2020-01-03;2026-12-30;2025-12-16;2026-12-16;Maturity;2027-12-16;2027-12-16;100.0;100.0;1.96;Foreign Government;0.0200;AA;1.0000000;52015100;NZ;020850
2026-01-30;SBR14D;SBI AAA-BBB D;CH0027441929;Duration;CHF;;;;;7.12;1988;;;;132503702;CH1325037021;CH32503702=S;1.70 DAE24 24-29;120000000;103.1000000;0.4250000;0.798;3.415;124230000;124230000;;2024-05-02;2028-07-31;2025-10-30;2026-10-30;Next Call;2029-07-30;2029-10-30;100.0;100.0;3.58;Domestic Non Government;1.7000;BBB;1.0000000;72010100;CH;002370
2026-01-30;SBR14D;SBI AAA-BBB D;CH0027441929;Duration;CHF;;;;;7.12;1988;;;;41904157;CH0419041576;CH41904157=S;0.15 KBLU 19-44;150000000;82.5000000;0.0470833;1.201;18.398;123820625;123820625;;2019-11-01;2043-10-30;2025-10-07;2026-10-07;Maturity;2044-10-07;2044-10-07;100.0;100.0;18.77;Domestic Non Government;0.1500;AA;1.0000000;52510100;CH;000431
2026-01-30;SBR14D;SBI AAA-BBB D;CH0027441929;Duration;CHF;;;;;7.12;1988;;;;141617236;CH1416172364;CH41617236=S;1 WTHUR 25-31;120000000;102.3000000;0.8444444;0.546;5.011;123773333;123773333;;2025-04-01;2030-03-29;2025-03-26;2026-03-26;Maturity;2031-03-26;2031-03-26;100.0;100.0;5.24;Domestic Non Government;1.0000;AA;1.0000000;53015100;CH;003145
2026-01-30;SBR14D;SBI AAA-BBB D;CH0027441929;Duration;CHF;;;;;7.12;1988;;;;47269141;CH0472691416;CH47269141=S;0.25 CAHL 19-29;125000000;98.9500000;0.0666667;0.535;3.718;123770833;123770833;;2019-05-02;2028-10-31;2025-10-24;2026-10-24;Maturity;2029-10-24;2029-10-24;100.0;100.0;3.81;Foreign Corporate;0.2500;AAA;1.0000000;61515100;FR;019224
2026-01-30;SBR14D;SBI AAA-BBB D;CH0027441929;Duration;CHF;;;;;7.12;1988;;;;133585030;CH1335850306;CH33585030=S;2.80 BANINT 24-27;120000000;101.6800000;1.4544444;1.638;1.454;123761333;123761333;;2024-08-02;2026-07-31;2025-07-23;2026-07-23;Maturity;2027-07-23;2027-07-23;100.0;100.0;1.56;Foreign Corporate;2.8000;BBB;1.0000000;74010100;CL;021192
2026-01-30;SBR14D;SBI AAA-BBB D;CH0027441929;Duration;CHF;;;;;7.12;1988;;;;123210705;CH1232107057;CH23210705=S;2 VAUD 22-27;120000000;102.8000000;0.2888889;0.480;1.836;123706667;123706667;;2023-01-03;2026-12-30;2025-12-08;2026-12-08;Maturity;2027-12-08;2027-12-08;100.0;100.0;1.94;Domestic Non Government;2.0000;A;1.0000000;74020100;CH;010753
2026-01-30;SBR14D;SBI AAA-BBB D;CH0027441929;Duration;CHF;;;;;7.12;1988;;;;140547205;CH1405472056;CH40547205=S;1.35 MOBN 25-31;120000000;101.6500000;1.3575000;1.020;4.957;123609000;123609000;;2025-02-03;2030-03-29;2025-01-28;2026-03-28;Maturity;2031-03-28;2031-03-28;100.0;100.0;5.24;Domestic Non Government;1.3500;BBB;1.0000000;76015100;CH;012643
2026-01-30;SBR14D;SBI AAA-BBB D;CH0027441929;Duration;CHF;;;;;7.12;1988;;;;120636746;CH1206367463;CH20636746=S;1.95 GROUPE 22-27;120000000;102.3000000;0.6500000;0.559;1.648;123540000;123540000;;2022-12-01;2026-09-30;2025-09-30;2026-09-30;Maturity;2027-09-30;2027-09-30;100.0;100.0;1.75;Domestic Non Government;1.9500;A;1.0000000;75510100;CH;021045
2026-01-30;SBR14D;SBI AAA-BBB D;CH0027441929;Duration;CHF;;;;;7.12;1988;;;;145832038;CH1458320384;CH45832038=S;0.60 KT SO 25-35;125000000;98.6500000;0.1550000;0.744;9.473;123506250;123506250;;2025-11-03;2034-10-31;2025-10-27;2026-10-26;Maturity;2035-10-26;2035-10-26;100.0;100.0;9.82;Domestic Non Government;0.6000;AAA;1.0000000;52515100;CH;001110
2026-01-30;SBR14D;SBI AAA-BBB D;CH0027441929;Duration;CHF;;;;;7.12;1988;;;;50607126;CH0506071262;CH50607126=S;0.30 BE KB 20-30;125000000;98.6000000;0.2008333;0.629;4.300;123501042;123501042;;2020-06-02;2029-05-31;2025-05-29;2026-05-29;Maturity;2030-05-29;2030-05-29;100.0;100.0;4.41;Domestic Non Government;0.3000;A;1.0000000;74010100;CH;000221
2026-01-30;SBR14D;SBI AAA-BBB D;CH0027441929;Duration;CHF;;;;;7.12;1988;;;;122333600;CH1223336004;CH22333600=S;2.148 LAU 22-72;100000000;122.9000000;0.5191000;1.468;31.618;123419100;123419100;;2022-12-01;2071-11-30;2025-11-03;2026-11-03;Maturity;2072-11-03;2072-11-03;100.0;100.0;46.84;Domestic Non Government;2.1480;AA;1.0000000;53015100;CH;001133
2026-01-30;SBR14D;SBI AAA-BBB D;CH0027441929;Duration;CHF;;;;;7.12;1988;;;;11640351;CH0116403517;CH11640351=S;2 DBG 10-30;115000000;106.4500000;0.8222222;0.572;4.404;123363056;123363056;;2010-10-01;2029-09-28;2025-09-02;2026-09-02;Maturity;2030-09-02;2030-09-02;100.0;100.0;4.67;Foreign Corporate;2.0000;AAA;1.0000000;61515100;NO;018560
2026-01-30;SBR14D;SBI AAA-BBB D;CH0027441929;Duration;CHF;;;;;7.12;1988;;;;12666290;CH0126662904;CH12666290=S;2.50 ZKB 11-44;100000000;121.2000000;2.0902778;1.195;14.924;123290278;123290278;;2011-04-01;2043-03-31;2025-03-29;2026-03-29;Maturity;2044-03-29;2044-03-29;100.0;100.0;18.24;Domestic Non Government;2.5000;AAA;1.0000000;52510100;CH;000210
2026-01-30;SBR14D;SBI AAA-BBB D;CH0027441929;Duration;CHF;;;;;7.12;1988;;;;115488711;CH1154887116;CH15488711=S;0.41 CAL 22-30;125000000;98.6000000;0.0136667;0.770;3.942;123267083;123267083;;2022-02-01;2029-01-31;2026-01-18;2027-01-18;Maturity;2030-01-18;2030-01-18;100.0;100.0;4.05;Foreign Corporate;0.4100;A;1.0000000;74010100;GB;012444
2026-01-30;SBR14D;SBI AAA-BBB D;CH0027441929;Duration;CHF;;;;;7.12;1988;;;;137390452;CH1373904528;CH37390452=S;1.95 SPITLI 24-29;120000000;102.0000000;0.6662500;1.385;3.546;123199500;123199500;;2024-10-01;2028-09-29;2025-09-27;2026-09-27;Maturity;2029-09-27;2029-09-27;100.0;100.0;3.74;Domestic Non Government;1.9500;A;1.0000000;73510100;CH;020180
2026-01-30;SBR14D;SBI AAA-BBB D;CH0027441929;Duration;CHF;;;;;7.12;1988;;;;135301507;CH1353015071;CH35301507=S;1.0 PB S762 24-48;125000000;97.9500000;0.5611111;1.104;20.068;123138889;123138889;;2024-10-15;2047-07-31;2025-07-08;2026-07-08;Maturity;2048-07-08;2048-07-08;100.0;100.0;22.52;Swiss Pfandbrief;1.0000;AAA;1.0000000;61010100;CH;001205
2026-01-30;SBR14D;SBI AAA-BBB D;CH0027441929;Duration;CHF;;;;;7.12;1988;;;;142886712;CH1428867126;CH42886712=S;1.07 PSA 25-35;120000000;101.7500000;0.8411389;0.871;8.756;123109367;123109367;;2025-06-02;2034-04-28;2025-04-17;2026-04-17;Maturity;2035-04-17;2035-04-17;100.0;100.0;9.29;Foreign Government;1.0700;AA;1.0000000;52515100;CA;001492
2026-01-30;SBR14D;SBI AAA-BBB D;CH0027441929;Duration;CHF;;;;;7.12;1988;;;;49669298;CH0496692986;CH49669298=S;0 BAL 19-29;125000000;98.4000000;0.0000000;0.443;3.653;123000000;123000000;;2019-10-01;2028-09-29;2019-09-25;2020-09-25;Maturity;2029-09-25;2029-09-25;100.0;100.0;3.73;Domestic Non Government;0.0000;A;1.0000000;74020100;CH;021282
2026-01-30;SBR14D;SBI AAA-BBB D;CH0027441929;Duration;CHF;;;;;7.12;1988;;;;59892874;CH0598928742;CH59892874=S;0.25 LANDESBW 21-31;125000000;97.9000000;0.2222222;0.669;5.073;122652778;122652778;;2021-04-01;2030-03-29;2025-03-10;2026-03-10;Maturity;2031-03-10;2031-03-10;100.0;100.0;5.19;Foreign Corporate;0.2500;AA;1.0000000;74010100;DE;010747
2026-01-30;SBR14D;SBI AAA-BBB D;CH0027441929;Duration;CHF;;;;;7.12;1988;;;;118208684;CH1182086848;CH18208684=S;1.65 KSAARAU 22-37;120000000;100.9000000;1.1366667;1.562;10.302;122444000;122444000;;2022-06-01;2036-05-30;2025-05-22;2026-05-22;Maturity;2037-05-22;2037-05-22;100.0;100.0;11.39;Domestic Non Government;1.6500;AA;1.0000000;73510100;CH;020584
2026-01-30;SBR14D;SBI AAA-BBB D;CH0027441929;Duration;CHF;;;;;7.12;1988;;;;38599711;CH0385997116;CH38599711=S;0.70 KT NE 17-37;125000000;97.7500000;0.1302778;0.902;11.359;122350347;122350347;;2017-12-01;2036-11-28;2025-11-23;2026-11-23;Maturity;2037-11-23;2037-11-23;100.0;100.0;11.89;Domestic Non Government;0.7000;AA;1.0000000;52515100;CH;001108
2026-01-30;SBR14D;SBI AAA-BBB D;CH0027441929;Duration;CHF;;;;;7.12;1988;;;;137693160;CH1376931601;CH37693160=S;0.81 TRNEZE 25-30;120000000;101.1000000;0.8010000;0.532;3.932;122281200;122281200;;2025-03-03;2029-02-28;2025-02-04;2026-02-04;Maturity;2030-02-04;2030-02-04;100.0;100.0;4.09;Foreign Government;0.8100;AA;1.0000000;52015100;NZ;020850
2026-01-30;SBR14D;SBI AAA-BBB D;CH0027441929;Duration;CHF;;;;;7.12;1988;;;;12548658;CH0125486586;CH12548658=S;2.50 LU KB 11-43;100000000;120.0000000;2.2152778;1.200;14.178;122215278;122215278;;2011-04-01;2042-03-31;2025-03-11;2026-03-11;Maturity;2043-03-11;2043-03-11;100.0;100.0;17.19;Domestic Non Government;2.5000;AA;1.0000000;52510100;CH;000431
2026-01-30;SBR14D;SBI AAA-BBB D;CH0027441929;Duration;CHF;;;;;7.12;1988;;;;143324118;CH1433241184;CH43324118=S;1.43 TRANSQ 25-33;120000000;101.2000000;0.6276111;1.262;7.180;122193133;122193133;;2025-06-02;2032-08-31;2025-08-22;2026-08-22;Maturity;2033-08-22;2033-08-22;100.0;100.0;7.64;Foreign Corporate;1.4300;BBB;1.0000000;72020100;AU;020473
2026-01-30;SBR14D;SBI AAA-BBB D;CH0027441929;Duration;CHF;;;;;7.12;1988;;;;59892872;CH0598928726;CH59892872=S;0.25 CAL 21-31;125000000;97.5000000;0.2222222;0.750;5.073;122152778;122152778;;2021-04-01;2030-03-29;2025-03-10;2026-03-10;Maturity;2031-03-10;2031-03-10;100.0;100.0;5.19;Foreign Corporate;0.2500;A;1.0000000;74010100;GB;012444
2026-01-30;SBR14D;SBI AAA-BBB D;CH0027441929;Duration;CHF;;;;;7.12;1988;;;;118469474;CH1184694748;CH18469474=S;0.78 AKAH 22-28;120000000;101.1500000;0.5330000;0.281;2.294;122019600;122019600;;2022-06-01;2027-05-31;2025-05-24;2026-05-24;Maturity;2028-05-24;2028-05-24;100.0;100.0;2.40;Foreign Government;0.7800;AA;1.0000000;52015100;SE;011244
2026-01-30;SBR14D;SBI AAA-BBB D;CH0027441929;Duration;CHF;;;;;7.12;1988;;;;139290354;CH1392903543;CH39290354=S;1 St. LU 24-33;120000000;101.5000000;0.1805556;0.801;7.550;122016667;122016667;;2024-12-02;2032-11-30;2025-11-25;2026-11-25;Maturity;2033-11-25;2033-11-25;100.0;100.0;7.90;Domestic Non Government;1.0000;AA;1.0000000;53015100;CH;001136
2026-01-30;SBR14D;SBI AAA-BBB D;CH0027441929;Duration;CHF;;;;;7.12;1988;;;;148733193;CH1487331931;CH48733193=S;1.60 AKEB 25-33;120000000;101.1000000;0.4266667;1.448;7.309;121832000;121832000;;2025-11-03;2032-10-29;2025-10-24;2026-10-24;Maturity;2033-10-24;2033-10-24;100.0;100.0;7.81;Domestic Non Government;1.6000;A;1.0000000;75510100;CH;001229
2026-01-30;SBR14D;SBI AAA-BBB D;CH0027441929;Duration;CHF;;;;;7.12;1988;;;;139632978;CH1396329786;CH39632978=S;1.5 SYN 24-27;120000000;101.0500000;0.2666667;0.825;1.561;121580000;121580000;;2024-12-02;2026-08-31;2025-11-26;2026-11-26;Next Call;2027-08-26;2027-11-26;100.0;100.0;1.65;Domestic Non Government;1.5000;BBB;1.0000000;71510100;CH;018668
2026-01-30;SBR14D;SBI AAA-BBB D;CH0027441929;Duration;CHF;;;;;7.12;1988;;;;52515846;CH0525158462;CH52515846=S;0.125 VLB 20-30;125000000;97.0000000;0.1052083;0.863;4.146;121381510;121381510;;2020-04-01;2029-03-30;2025-03-27;2026-03-27;Maturity;2030-03-27;2030-03-27;100.0;100.0;4.24;Foreign Corporate;0.1250;A;1.0000000;74010100;AT;020665
2026-01-30;SBR14D;SBI AAA-BBB D;CH0027441929;Duration;CHF;;;;;7.12;1988;;;;127926113;CH1279261130;CH27926113=S;4.242 HESLAN 23-33;100000000;119.0000000;2.1801736;1.535;6.542;121180174;121180174;;2023-08-02;2032-07-30;2025-07-25;2026-07-25;Maturity;2033-07-25;2033-07-25;100.0;100.0;7.57;Foreign Corporate;4.2425;A;1.0000000;74010200;DE;010808
2026-01-30;SBR14D;SBI AAA-BBB D;CH0027441929;Duration;CHF;;;;;7.12;1988;;;;137693155;CH1376931551;CH37693155=S;0.887 KRC 24-27;120000000;100.8000000;0.1750347;0.441;1.794;121170042;121170042;;2024-12-02;2026-11-30;2025-11-19;2026-11-19;Maturity;2027-11-19;2027-11-19;100.0;100.0;1.88;Foreign Corporate;0.8875;AA;1.0000000;72020100;KR;019745
2026-01-30;SBR14D;SBI AAA-BBB D;CH0027441929;Duration;CHF;;;;;7.12;1988;;;;145737682;CH1457376825;CH45737682=S;1.017 ZH 25-25;125000000;96.2500000;0.6218056;1.079;61.812;121089757;121089757;;2025-07-01;2124-06-30;2025-06-20;2026-06-20;Maturity;2125-06-20;2125-06-20;100.0;100.0;99.47;Domestic Non Government;1.0175;AAA;1.0000000;53015100;CH;001146
2026-01-30;SBR14D;SBI AAA-BBB D;CH0027441929;Duration;CHF;;;;;7.12;1988;;;;26979621;CH0269796212;CH26979621=S;0.50 TG KB 15-29;120000000;100.3000000;0.4777778;0.401;3.015;120933333;120933333;;2015-03-02;2028-02-29;2025-02-16;2026-02-16;Maturity;2029-02-16;2029-02-16;100.0;100.0;3.12;Domestic Non Government;0.5000;AA;1.0000000;52510100;CH;000108
2026-01-30;SBR14D;SBI AAA-BBB D;CH0027441929;Duration;CHF;;;;;7.12;1988;;;;41904137;CH0419041378;CH41904137=S;0.625 AAKK 19-29;120000000;99.9000000;0.3072917;0.654;3.471;120248750;120248750;;2019-09-02;2028-08-31;2025-08-03;2026-08-03;Maturity;2029-08-03;2029-08-03;100.0;100.0;3.59;Domestic Non Government;0.6250;A;1.0000000;75510100;CH;020819
2026-01-30;SBR14D;SBI AAA-BBB D;CH0027441929;Duration;CHF;;;;;7.12;1988;;;;137390428;CH1373904288;CH1373904288;0.85 ZH 24-50;130000000;92.1500000;0.3329167;1.221;22.109;120227792;120227792;;2024-09-17;2049-09-30;2025-09-09;2026-09-09;Maturity;2050-09-09;2050-09-09;100.0;100.0;24.69;Domestic Non Government;0.8500;AAA;1.0000000;53015100;CH;001146
2026-01-30;SBR14D;SBI AAA-BBB D;CH0027441929;Duration;CHF;;;;;7.12;1988;;;;119932234;CH1199322343;CH19932234=S;2 BLSAG 22-47;100000000;119.1000000;1.0222222;1.007;17.904;120122222;120122222;;2022-08-02;2046-07-31;2025-07-26;2026-07-26;Maturity;2047-07-26;2047-07-26;100.0;100.0;21.57;Domestic Non Government;2.0000;AAA;1.0000000;52010100;CH;020771
2026-01-30;SBR14D;SBI AAA-BBB D;CH0027441929;Duration;CHF;;;;;7.12;1988;;;;141578012;CH1415780126;CH41578012=S;0.735 NLW 25-35;120000000;99.6000000;0.4777500;0.779;9.027;120093300;120093300;;2025-07-01;2034-06-30;2025-06-06;2026-06-06;Maturity;2035-06-06;2035-06-06;100.0;100.0;9.43;Foreign Government;0.7350;AAA;1.0000000;52015100;NL;010359
2026-01-30;SBR14D;SBI AAA-BBB D;CH0027441929;Duration;CHF;;;;;7.12;1988;;;;38787908;CH0387879080;CH38787908=S;0.25 St. LU 17-27;120000000;100.0000000;0.0277778;0.250;1.886;120033333;120033333;;2017-12-20;2026-12-30;2025-12-20;2026-12-20;Maturity;2027-12-20;2027-12-20;100.0;100.0;1.97;Domestic Non Government;0.2500;AA;1.0000000;53015100;CH;001136
2026-01-30;SBR14D;SBI AAA-BBB D;CH0027441929;Duration;CHF;;;;;7.12;1988;;;;130591674;CH1305916749;CH30591674=S;1.56 AUCKL 23-29;115000000;104.1000000;0.2600000;0.478;3.744;120014000;120014000;;2023-12-01;2028-11-30;2025-11-30;2026-11-30;Maturity;2029-11-30;2029-11-30;100.0;100.0;3.91;Foreign Government;1.5600;AA;1.0000000;52515100;NZ;019857
2026-01-30;SBR14D;SBI AAA-BBB D;CH0027441929;Duration;CHF;;;;;7.12;1988;;;;135785275;CH1357852750;CH35785275=S;1.51 LANDESBW 24-30;115000000;103.4500000;0.7550000;0.728;4.357;119835750;119835750;;2024-08-02;2029-07-31;2025-07-31;2026-07-31;Maturity;2030-07-31;2030-07-31;100.0;100.0;4.58;Foreign Corporate;1.5100;AA;1.0000000;74010100;DE;010747
2026-01-30;SBR14D;SBI AAA-BBB D;CH0027441929;Duration;CHF;;;;;7.12;1988;;;;131494144;CH1314941449;CH31494144=S;2.50 AMAG 24-27;115000000;101.7100000;2.4166667;0.831;1.009;119745667;119745667;;2024-03-01;2026-02-27;2025-02-12;2026-02-12;Maturity;2027-02-12;2027-02-12;100.0;100.0;1.11;Domestic Non Government;2.5000;BBB;1.0000000;74015100;CH;020626
2026-01-30;SBR14D;SBI AAA-BBB D;CH0027441929;Duration;CHF;;;;;7.12;1988;;;;57057627;CH0570576279;CH57057627=S;0.125 SWISSGRID 20-36;130000000;92.0000000;0.0729167;0.935;10.344;119694792;119694792;;2020-12-01;2035-06-29;2025-06-30;2026-06-30;Maturity;2036-06-30;2036-06-30;100.0;100.0;10.50;Domestic Non Government;0.1250;AA;1.0000000;75510100;CH;019851
2026-01-30;SBR14D;SBI AAA-BBB D;CH0027441929;Duration;CHF;;;;;7.12;1988;;;;46504464;CH0465044649;CH46504464=S;0.10 WTHUR 19-28;120000000;99.5000000;0.0861111;0.335;2.136;119503333;119503333;;2019-04-01;2027-03-31;2025-03-20;2026-03-20;Maturity;2028-03-20;2028-03-20;100.0;100.0;2.22;Domestic Non Government;0.1000;AA;1.0000000;53015100;CH;003145
2026-01-30;SBR14D;SBI AAA-BBB D;CH0027441929;Duration;CHF;;;;;7.12;1988;;;;13457725;CH0134577250;CH13457725=S;1.72 QUEEN 11-39;110000000;107.9000000;0.6402222;1.093;12.256;119394244;119394244;;2011-10-03;2038-09-30;2025-09-16;2026-09-16;Maturity;2039-09-16;2039-09-16;100.0;100.0;13.71;Foreign Government;1.7200;AA;1.0000000;52015100;AU;015956
2026-01-30;SBR14D;SBI AAA-BBB D;CH0027441929;Duration;CHF;;;;;7.12;1988;;;;53689333;CH0536893339;CH53689333=S;0.15 SWISSGRID 20-34;125000000;95.4000000;0.0875000;0.715;8.361;119359375;119359375;;2020-10-01;2033-06-30;2025-06-30;2026-06-30;Maturity;2034-06-30;2034-06-30;100.0;100.0;8.50;Domestic Non Government;0.1500;AA;1.0000000;75510100;CH;019851
2026-01-30;SBR14D;SBI AAA-BBB D;CH0027441929;Duration;CHF;;;;;7.12;1988;;;;12664539;CH0126645396;CH12664539=S;2.50 WTHUR 11-38;100000000;117.2000000;2.1180556;0.991;10.578;119318056;119318056;;2011-04-01;2037-03-31;2025-03-25;2026-03-25;Maturity;2038-03-25;2038-03-25;100.0;100.0;12.23;Domestic Non Government;2.5000;AA;1.0000000;53015100;CH;003145
2026-01-30;SBR14D;SBI AAA-BBB D;CH0027441929;Duration;CHF;;;;;7.12;1988;;;;39863344;CH0398633443;CH39863344=S;0.55 UNISPZ 18-28;120000000;98.9500000;0.1863889;0.951;2.645;118963667;118963667;;2018-10-01;2027-09-30;2025-09-28;2026-09-28;Maturity;2028-09-28;2028-09-28;100.0;100.0;2.74;Domestic Non Government;0.5500;AA;1.0000000;73510100;CH;020752
2026-01-30;SBR14D;SBI AAA-BBB D;CH0027441929;Duration;CHF;;;;;7.12;1988;;;;147299694;CH1472996946;CH47299694=S;0.71 INDEAS 25-37 /Z;120000000;98.8500000;0.1163611;0.812;11.378;118759633;118759633;;2026-01-05;2036-12-31;2025-12-01;2026-12-01;Maturity;2037-12-01;2037-12-01;100.0;100.0;11.92;Foreign Supranational;0.7100;AAA;1.0000000;51515100;US;020783
2026-01-30;SBR14D;SBI AAA-BBB D;CH0027441929;Duration;CHF;;;;;7.12;1988;;;;146297516;CH1462975165;CH46297516=S;1.15 BERN 25-51;120000000;98.5500000;0.3066667;1.216;22.322;118628000;118628000;;2025-11-03;2050-10-31;2025-10-24;2026-10-24;Maturity;2051-10-24;2051-10-24;100.0;100.0;25.81;Domestic Non Government;1.1500;AA;1.0000000;53015100;CH;001126
2026-01-30;SBR14D;SBI AAA-BBB D;CH0027441929;Duration;CHF;;;;;7.12;1988;;;;41904142;CH0419041428;CH41904142=S;0 KSWIN 19-31;125000000;94.8000000;0.0000000;0.947;5.667;118500000;118500000;;2019-10-01;2030-09-30;2019-09-30;2020-09-30;Maturity;2031-09-30;2031-09-30;100.0;100.0;5.75;Domestic Non Government;0.0000;AA;1.0000000;73510100;CH;020828
2026-01-30;SBR14D;SBI AAA-BBB D;CH0027441929;Duration;CHF;;;;;7.12;1988;;;;129022252;CH1290222525;CH29022252=S;1.70 EGW 23-41;105700000;110.8000000;1.2797222;0.936;13.508;118468266;118468266;;2023-12-01;2040-04-30;2025-04-29;2026-04-29;Maturity;2041-04-29;2041-04-29;100.0;100.0;15.33;Domestic Non Government;1.7000;AAA;1.0000000;52010100;CH;003083
2026-01-30;SBR14D;SBI AAA-BBB D;CH0027441929;Duration;CHF;;;;;7.12;1988;;;;52215895;CH0522158952;CH52215895=S;0.20 BCV 21-33;125000000;94.7500000;0.0211111;0.892;7.837;118463889;118463889;;2022-01-03;2032-12-31;2025-12-22;2026-12-22;Maturity;2033-12-22;2033-12-22;100.0;100.0;7.97;Domestic Non Government;0.2000;AA;1.0000000;74010100;CH;000230
2026-01-30;SBR14D;SBI AAA-BBB D;CH0027441929;Duration;CHF;;;;;7.12;1988;;;;130094879;CH1300948796;CH30094879=S;2.552 CAF 23-29;110000000;106.5500000;0.6735764;0.767;3.595;117945934;117945934;;2023-11-01;2028-10-31;2025-10-25;2026-10-25;Maturity;2029-10-25;2029-10-25;100.0;100.0;3.82;Foreign Supranational;2.5525;AA;1.0000000;51515100;US;018772
2026-01-30;SBR14D;SBI AAA-BBB D;CH0027441929;Duration;CHF;;;;;7.12;1988;;;;111822348;CH1118223481;CH11822348=S;0.05  HOCHHOST 21-31;125000000;94.2500000;0.0166667;1.102;5.659;117833333;117833333;;2021-10-01;2030-09-30;2025-09-30;2026-09-30;Maturity;2031-09-30;2031-09-30;100.0;100.0;5.75;Domestic Non Government;0.0500;AA;1.0000000;73510100;CH;021240
2026-01-30;SBR14D;SBI AAA-BBB D;CH0027441929;Duration;CHF;;;;;7.12;1988;;;;139999999;CH1399999999;CH39999999=S;0.827 IADB 25-33;115000000;101.7500000;0.6895833;0.577;6.943;117805521;117805521;;2025-04-01;2032-03-31;2025-03-31;2026-03-31;Maturity;2033-03-31;2033-03-31;100.0;100.0;7.25;Foreign Supranational;0.8275;AAA;1.0000000;51515100;US;001524
2026-01-30;SBR14D;SBI AAA-BBB D;CH0027441929;Duration;CHF;;;;;7.12;1988;;;;114170043;CH1141700430;CH14170043=S;0.25 ZH 21-51;150000000;78.4500000;0.0458333;1.229;24.885;117743750;117743750;;2021-12-01;2050-11-30;2025-11-24;2026-11-24;Maturity;2051-11-24;2051-11-24;100.0;100.0;25.90;Domestic Non Government;0.2500;AAA;1.0000000;53015100;CH;001146
2026-01-30;SBR14D;SBI AAA-BBB D;CH0027441929;Duration;CHF;;;;;7.12;1988;;;;139290356;CH1392903568;CH39290356=S;1.05 BERN 24-43;120000000;97.9000000;0.1895833;1.181;16.294;117707500;117707500;;2024-12-02;2042-11-28;2025-11-25;2026-11-25;Maturity;2043-11-25;2043-11-25;100.0;100.0;17.90;Domestic Non Government;1.0500;AA;1.0000000;53015100;CH;001126
2026-01-30;SBR14D;SBI AAA-BBB D;CH0027441929;Duration;CHF;;;;;7.12;1988;;;;117056573;CH1170565738;CH17056573=S;1.25 EGW 22-42;111400000;104.4500000;0.9548611;0.953;14.700;117421015;117421015;;2022-05-02;2041-04-30;2025-04-25;2026-04-25;Maturity;2042-04-25;2042-04-25;100.0;100.0;16.32;Domestic Non Government;1.2500;AAA;1.0000000;52010100;CH;003083
2026-01-30;SBR14D;SBI AAA-BBB D;CH0027441929;Duration;CHF;;;;;7.12;1988;;;;130712127;CH1307121272;CH30712127=S;2.375 KW LINTH 23-29;110000000;106.2000000;0.3628472;0.734;3.715;117219132;117219132;;2024-01-03;2028-12-29;2025-12-05;2026-12-05;Maturity;2029-12-05;2029-12-05;100.0;100.0;3.93;Domestic Non Government;2.3750;BBB;1.0000000;75510100;CH;003007
2026-01-30;SBR14D;SBI AAA-BBB D;CH0027441929;Duration;CHF;;;;;7.12;1988;;;;148582700;CH1485827005;CH48582700=S;1.53 AMAG 25-31;115000000;101.3500000;0.5312500;1.280;5.433;117163438;117163438;;2025-10-01;2030-09-30;2025-09-25;2026-09-25;Maturity;2031-09-25;2031-09-25;100.0;100.0;5.73;Domestic Non Government;1.5300;BBB;1.0000000;74015100;CH;020626
2026-01-30;SBR14D;SBI AAA-BBB D;CH0027441929;Duration;CHF;;;;;7.12;1988;;;;123946456;CH1239464568;CH23946456=S;2.10 LAU 23-48;100000000;115.1000000;2.0008333;1.307;17.897;117100833;117100833;;2023-03-01;2047-02-28;2025-02-17;2026-02-17;Maturity;2048-02-17;2048-02-17;100.0;100.0;22.13;Domestic Non Government;2.1000;AA;1.0000000;53015100;CH;001133
2026-01-30;SBR14D;SBI AAA-BBB D;CH0027441929;Duration;CHF;;;;;7.12;1988;;;;129099133;CH1290991335;CH29099133=S;1.02 BL KB 24-44;120000000;97.1500000;0.3711667;1.191;16.974;117025400;117025400;;2024-10-01;2043-09-30;2025-09-19;2026-09-19;Maturity;2044-09-19;2044-09-19;100.0;100.0;18.72;Domestic Non Government;1.0200;AA;1.0000000;52510100;CH;000414
2026-01-30;SBR14D;SBI AAA-BBB D;CH0027441929;Duration;CHF;;;;;7.12;1988;;;;113193130;CH1131931300;CH13193130=S;0.25 ABZ 21-31;120000000;97.3000000;0.0833333;0.738;5.629;116860000;116860000;;2021-10-01;2030-09-30;2025-09-30;2026-09-30;Maturity;2031-09-30;2031-09-30;100.0;100.0;5.75;Domestic Non Government;0.2500;A;1.0000000;76015100;CH;020976
2026-01-30;SBR14D;SBI AAA-BBB D;CH0027441929;Duration;CHF;;;;;7.12;1988;;;;22813828;CH0228138282;CH22813828=S;2 KT SO 13-43;100000000;116.1000000;0.3222222;1.009;15.366;116422222;116422222;;2013-12-18;2042-12-31;2025-12-02;2026-12-02;Maturity;2043-12-02;2043-12-02;100.0;100.0;17.92;Domestic Non Government;2.0000;AAA;1.0000000;52515100;CH;001110
2026-01-30;SBR14D;SBI AAA-BBB D;CH0027441929;Duration;CHF;;;;;7.12;1988;;;;119621701;CH1196217017;CH1196217017;2.625 ROMANDE 22-37;100000000;115.0000000;1.4218750;1.214;10.036;116421875;116421875;;2022-10-03;2036-07-31;2025-07-15;2026-07-15;Maturity;2037-07-15;2037-07-15;100.0;100.0;11.54;Domestic Non Government;2.6250;A;1.0000000;75510100;CH;014620
2026-01-30;SBR14D;SBI AAA-BBB D;CH0027441929;Duration;CHF;;;;;7.12;1988;;;;22988115;CH0229881153;CH22988115=S;2.25 WTHUR 14-39;100000000;114.2000000;2.1875000;1.076;11.342;116387500;116387500;;2014-02-19;2038-02-26;2025-02-10;2026-02-10;Maturity;2039-02-10;2039-02-10;100.0;100.0;13.11;Domestic Non Government;2.2500;AA;1.0000000;53015100;CH;003145
2026-01-30;SBR14D;SBI AAA-BBB D;CH0027441929;Duration;CHF;;;;;7.12;1988;;;;118921785;CH1189217859;CH18921785=S;1.90 BERN 22-53;100000000;115.2000000;1.1241667;1.242;21.871;116324167;116324167;;2022-07-01;2052-06-28;2025-06-27;2026-06-27;Maturity;2053-06-27;2053-06-27;100.0;100.0;27.49;Domestic Non Government;1.9000;AA;1.0000000;53015100;CH;001126
2026-01-30;SBR14D;SBI AAA-BBB D;CH0027441929;Duration;CHF;;;;;7.12;1988;;;;119321307;CH1193213076;CH19321307=S;1.75 BKB 22-29;110000000;104.6000000;0.6270833;0.473;3.542;115749792;115749792;;2022-10-03;2028-09-29;2025-09-21;2026-09-21;Maturity;2029-09-21;2029-09-21;100.0;100.0;3.72;Domestic Non Government;1.7500;AA;1.0000000;52510100;CH;002929
2026-01-30;SBR14D;SBI AAA-BBB D;CH0027441929;Duration;CHF;;;;;7.12;1988;;;;146880345;CH1468803452;CH46880345=S;0.76 IFC 25-35;115000000;100.1500000;0.3652222;0.744;9.187;115592506;115592506;;2025-09-01;2034-08-31;2025-08-07;2026-08-07;Maturity;2035-08-07;2035-08-07;100.0;100.0;9.60;Foreign Supranational;0.7600;AAA;1.0000000;51515100;US;010033
2026-01-30;SBR14D;SBI AAA-BBB D;CH0027441929;Duration;CHF;;;;;7.12;1988;;;;127100791;CH1271007911;CH27100791=S;1.95 GLARNERK 23-28;110000000;103.6000000;1.4137500;0.358;2.219;115515125;115515125;;2023-09-01;2027-05-31;2025-05-09;2026-05-09;Maturity;2028-05-09;2028-05-09;100.0;100.0;2.36;Domestic Non Government;1.9500;AA;1.0000000;52510100;CH;017104
2026-01-30;SBR14D;SBI AAA-BBB D;CH0027441929;Duration;CHF;;;;;7.12;1988;;;;129022232;CH1290222327;CH29022232=S;1.875 LAU 23-76;100000000;114.7500000;0.7083333;1.461;34.195;115458333;115458333;;2023-09-19;2075-09-30;2025-09-14;2026-09-14;Maturity;2076-09-14;2076-09-14;100.0;100.0;50.70;Domestic Non Government;1.8750;AA;1.0000000;53015100;CH;001133
2026-01-30;SBR14D;SBI AAA-BBB D;CH0027441929;Duration;CHF;;;;;7.12;1988;;;;129323800;CH1293238007;CH29323800=S;2.202 DZB 23-28;110000000;104.1500000;0.8075833;0.609;2.571;115453342;115453342;;2023-10-02;2027-09-30;2025-09-18;2026-09-18;Maturity;2028-09-18;2028-09-18;100.0;100.0;2.71;Foreign Corporate;2.2025;AA;1.0000000;74010100;DE;019214
2026-01-30;SBR14D;SBI AAA-BBB D;CH0027441929;Duration;CHF;;;;;7.12;1988;;;;133585028;CH1335850280;CH33585028=S;1.152 NIB 24-31;110000000;103.5500000;0.8579722;0.467;5.091;114848769;114848769;;2024-06-03;2030-05-31;2025-05-02;2026-05-02;Maturity;2031-05-02;2031-05-02;100.0;100.0;5.34;Foreign Supranational;1.1525;AAA;1.0000000;51515100;FI;001822
2026-01-30;SBR14D;SBI AAA-BBB D;CH0027441929;Duration;CHF;;;;;7.12;1988;;;;133585027;CH1335850272;CH33585027=S;1.18 KOMMUB 24-31;110000000;103.5000000;0.8784444;0.503;5.087;114816289;114816289;;2024-06-03;2030-05-31;2025-05-02;2026-05-02;Maturity;2031-05-02;2031-05-02;100.0;100.0;5.34;Foreign Government;1.1800;AAA;1.0000000;52015100;NO;011242
2026-01-30;SBR14D;SBI AAA-BBB D;CH0027441929;Duration;CHF;;;;;7.12;1988;;;;119932235;CH1199322350;CH19932235=S;1.90 BAL 22-28;110000000;103.3000000;1.0080556;0.403;2.174;114738861;114738861;;2022-08-02;2027-04-30;2025-07-19;2026-07-19;Next Call;2028-04-19;2028-07-19;100.0;100.0;2.30;Domestic Non Government;1.9000;A;1.0000000;74020100;CH;021282
2026-01-30;SBR14D;SBI AAA-BBB D;CH0027441929;Duration;CHF;;;;;7.12;1988;;;;59389400;CH0593894006;CH59389400=S;0.25 MHB 21-27;115000000;99.5300000;0.2083333;0.656;1.164;114699083;114699083;;2021-04-01;2026-03-31;2025-03-30;2026-03-30;Maturity;2027-03-30;2027-03-30;100.0;100.0;1.25;Foreign Corporate;0.2500;A;1.0000000;74015100;DE;010705
2026-01-30;SBR14D;SBI AAA-BBB D;CH0027441929;Duration;CHF;;;;;7.12;1988;;;;150389262;CH1503892627;CH50389262=S;0.505 GLARNERK 25-30;115000000;99.6500000;0.0701389;0.578;4.811;114678160;114678160;;2026-01-05;2029-12-31;2025-12-10;2026-12-10;Maturity;2030-12-10;2030-12-10;100.0;100.0;4.94;Domestic Non Government;0.5050;AA;1.0000000;52510100;CH;017104
2026-01-30;SBR14D;SBI AAA-BBB D;CH0027441929;Duration;CHF;;;;;7.12;1988;;;;41904130;CH0419041303;CH41904130=S;0.30 KT NE 19-39;125000000;91.3500000;0.1591667;0.989;13.184;114386458;114386458;;2019-08-02;2038-07-30;2025-07-19;2026-07-19;Maturity;2039-07-19;2039-07-19;100.0;100.0;13.55;Domestic Non Government;0.3000;AA;1.0000000;52515100;CH;001108
2026-01-30;SBR14D;SBI AAA-BBB D;CH0027441929;Duration;CHF;;;;;7.12;1988;;;;119321302;CH1193213027;CH19321302=S;1.50 KT BS 22-28;110000000;103.2000000;0.7875000;0.202;2.432;114386250;114386250;;2022-08-02;2027-07-30;2025-07-21;2026-07-21;Maturity;2028-07-21;2028-07-21;100.0;100.0;2.56;Domestic Non Government;1.5000;AAA;1.0000000;52515100;CH;001102
2026-01-30;SBR14D;SBI AAA-BBB D;CH0027441929;Duration;CHF;;;;;7.12;1988;;;;137390453;CH1373904536;CH37390453=S;1.0 WTHUR 24-51;120000000;94.8500000;0.3361111;1.235;22.586;114223333;114223333;;2024-10-01;2050-09-30;2025-09-29;2026-09-29;Maturity;2051-09-29;2051-09-29;100.0;100.0;25.74;Domestic Non Government;1.0000;AA;1.0000000;53015100;CH;003145
2026-01-30;SBR14D;SBI AAA-BBB D;CH0027441929;Duration;CHF;;;;;7.12;1988;;;;133585029;CH1335850298;CH33585029=S;1.477 AGFRAL 24-34;110000000;102.5000000;1.1494000;1.157;7.724;114014340;114014340;;2024-06-03;2033-04-29;2025-04-20;2026-04-20;Maturity;2034-04-20;2034-04-20;100.0;100.0;8.30;Foreign Government;1.4778;A;1.0000000;52015100;FR;021178
2026-01-30;SBR14D;SBI AAA-BBB D;CH0027441929;Duration;CHF;;;;;7.12;1988;;;;22813827;CH0228138274;CH22813827=S;2 KT SO 13-38;100000000;113.1000000;0.3222222;0.914;11.518;113422222;113422222;;2013-12-18;2037-12-31;2025-12-02;2026-12-02;Maturity;2038-12-02;2038-12-02;100.0;100.0;12.92;Domestic Non Government;2.0000;AAA;1.0000000;52515100;CH;001110
2026-01-30;SBR14D;SBI AAA-BBB D;CH0027441929;Duration;CHF;;;;;7.12;1988;;;;21492588;CH0214925882;CH21492588=S;1.75 KT BL 13-43;100000000;112.3500000;1.0402778;0.975;15.170;113390278;113390278;;2013-07-01;2042-06-30;2025-06-26;2026-06-26;Maturity;2043-06-26;2043-06-26;100.0;100.0;17.49;Domestic Non Government;1.7500;AAA;1.0000000;52515100;CH;001096
2026-01-30;SBR14D;SBI AAA-BBB D;CH0027441929;Duration;CHF;;;;;7.12;1988;;;;148733200;CH1487332004;CH48733200=S;1.02 EGW 25-45;113100000;100.0000000;0.2465000;1.020;17.951;113378792;113378792;;2025-11-18;2044-11-30;2025-11-03;2026-11-03;Maturity;2045-11-03;2045-11-03;100.0;100.0;19.84;Domestic Non Government;1.0200;AAA;1.0000000;52010100;CH;003083
2026-01-30;SBR14D;SBI AAA-BBB D;CH0027441929;Duration;CHF;;;;;7.12;1988;;;;140938850;CH1409388506;CH40938850=S;0.95 ZH 25-51;120000000;94.4500000;0.0184722;1.209;22.255;113362167;113362167;;2025-02-03;2050-01-31;2026-01-23;2027-01-23;Maturity;2051-01-23;2051-01-23;100.0;100.0;25.06;Domestic Non Government;0.9500;AAA;1.0000000;53015100;CH;001146
2026-01-30;SBR14D;SBI AAA-BBB D;CH0027441929;Duration;CHF;;;;;7.12;1988;;;;123131268;CH1231312682;CH23131268=S;2.137 CABEI 22-27;110000000;102.7500000;0.2790625;0.652;1.849;113331969;113331969;;2023-01-03;2026-12-30;2025-12-13;2026-12-13;Maturity;2027-12-13;2027-12-13;100.0;100.0;1.95;Foreign Supranational;2.1375;AA;1.0000000;51515100;HN;019271
2026-01-30;SBR14D;SBI AAA-BBB D;CH0027441929;Duration;CHF;;;;;7.12;1988;;;;11212050;CH0112120503;CH11212050=S;2.625 EIB 10-30;100000000;110.5500000;2.0197917;0.123;3.998;112569792;112569792;;2010-05-03;2029-04-30;2025-04-23;2026-04-23;Maturity;2030-04-23;2030-04-23;100.0;100.0;4.31;Foreign Supranational;2.6250;AAA;1.0000000;51515100;LU;010844
2026-01-30;SBR14D;SBI AAA-BBB D;CH0027441929;Duration;CHF;;;;;7.12;1988;;;;11954263;CH0119542634;CH11954263=S;2 EIB 10-35;100000000;112.2000000;0.3333333;0.711;9.053;112533333;112533333;;2010-12-01;2034-11-30;2025-11-30;2026-11-30;Maturity;2035-11-30;2035-11-30;100.0;100.0;9.91;Foreign Supranational;2.0000;AAA;1.0000000;51515100;LU;010844
2026-01-30;SBR14D;SBI AAA-BBB D;CH0027441929;Duration;CHF;;;;;7.12;1988;;;;21211465;CH0212114653;CH21211465=S;1.80 KT TI 13-43;100000000;111.2500000;1.2750000;1.083;14.986;112525000;112525000;;2013-05-15;2042-05-30;2025-05-15;2026-05-15;Maturity;2043-05-15;2043-05-15;100.0;100.0;17.37;Domestic Non Government;1.8000;AA;1.0000000;52515100;CH;001111
2026-01-30;SBR14D;SBI AAA-BBB D;CH0027441929;Duration;CHF;;;;;7.12;1988;;;;122366505;CH1223665055;CH22366505=S;2 KT TI 22-37;100000000;112.0000000;0.3888889;0.922;10.675;112388889;112388889;;2022-12-01;2036-11-28;2025-11-20;2026-11-20;Maturity;2037-11-20;2037-11-20;100.0;100.0;11.89;Domestic Non Government;2.0000;AA;1.0000000;52515100;CH;001111
2026-01-30;SBR14D;SBI AAA-BBB D;CH0027441929;Duration;CHF;;;;;7.12;1988;;;;119621698;CH1196216985;CH19621698=S;2 BLSAG 22-34;100000000;111.1000000;1.0222222;0.651;7.858;112122222;112122222;;2022-08-02;2033-07-29;2025-07-26;2026-07-26;Maturity;2034-07-26;2034-07-26;100.0;100.0;8.57;Domestic Non Government;2.0000;AAA;1.0000000;52010100;CH;020771
2026-01-30;SBR14D;SBI AAA-BBB D;CH0027441929;Duration;CHF;;;;;7.12;1988;;;;139784685;CH1397846853;CH39784685=S;0.799 FR KB 25-29;110000000;101.0000000;0.7776806;0.466;2.978;111955449;111955449;;2025-03-03;2028-02-29;2025-02-10;2026-02-09;Maturity;2029-02-09;2029-02-09;100.0;100.0;3.11;Domestic Non Government;0.7999;AA;1.0000000;52510100;CH;002995
2026-01-30;SBR14D;SBI AAA-BBB D;CH0027441929;Duration;CHF;;;;;7.12;1988;;;;140006449;CH1400064494;CH40006449=S;0.80 HELVSI 25-29;110000000;100.7500000;0.8000000;0.547;2.953;111705000;111705000;;2025-02-03;2028-01-31;2025-01-31;2026-01-31;Maturity;2029-01-31;2029-01-31;100.0;100.0;3.08;Domestic Non Government;0.8000;A;1.0000000;74020100;CH;019264
2026-01-30;SBR14D;SBI AAA-BBB D;CH0027441929;Duration;CHF;;;;;7.12;1988;;;;11182651;CH0111826514;CH11182651=S;2.75 BNG 10-30;100000000;109.5000000;2.2000000;0.461;3.955;111700000;111700000;;2012-11-01;2029-04-30;2025-04-12;2026-04-12;Maturity;2030-04-12;2030-04-12;100.0;100.0;4.28;Foreign Government;2.7500;AAA;1.0000000;52015100;NL;020748
2026-01-30;SBR14D;SBI AAA-BBB D;CH0027441929;Duration;CHF;;;;;7.12;1988;;;;12883328;CH0128833289;CH12883328=S;2.625 KT BL 11-30;100000000;109.7000000;1.8958333;0.337;4.044;111595833;111595833;;2011-05-18;2029-05-31;2025-05-10;2026-05-10;Maturity;2030-05-10;2030-05-10;100.0;100.0;4.36;Domestic Non Government;2.6250;AAA;1.0000000;52515100;CH;001096
2026-01-30;SBR14D;SBI AAA-BBB D;CH0027441929;Duration;CHF;;;;;7.12;1988;;;;119965994;CH1199659942;CH19965994=S;1.875 RHBAG 22-34;100000000;110.5000000;0.9843750;0.600;7.880;111484375;111484375;;2022-08-02;2033-07-29;2025-07-21;2026-07-21;Maturity;2034-07-21;2034-07-21;100.0;100.0;8.56;Domestic Non Government;1.8750;AAA;1.0000000;52010100;CH;020492
2026-01-30;SBR14D;SBI AAA-BBB D;CH0027441929;Duration;CHF;;;;;7.12;1988;;;;36869771;CH0368697717;CH36869771=S;1.125 BCG 17-27;110000000;100.5900000;0.6625000;0.703;1.400;111377750;111377750;;2017-07-03;2026-06-30;2025-06-28;2026-06-28;Maturity;2027-06-28;2027-06-28;100.0;100.0;1.49;Domestic Non Government;1.1250;BBB;1.0000000;74010200;CH;003253
2026-01-30;SBR14D;SBI AAA-BBB D;CH0027441929;Duration;CHF;;;;;7.12;1988;;;;18233733;CH0182337334;CH18233733=S;1.875 WTHUR 12-37;100000000;109.8000000;1.4583333;0.950;10.146;111258333;111258333;;2012-05-02;2036-04-30;2025-04-20;2026-04-20;Maturity;2037-04-20;2037-04-20;100.0;100.0;11.30;Domestic Non Government;1.8750;AA;1.0000000;53015100;CH;003145
2026-01-30;SBR14D;SBI AAA-BBB D;CH0027441929;Duration;CHF;;;;;7.12;1988;;;;12040812;CH0120408122;CH12040812=S;2 ZKB 10-40;100000000;111.0000000;0.2555556;1.189;13.096;111255556;111255556;;2011-01-03;2039-12-30;2025-12-14;2026-12-14;Maturity;2040-12-14;2040-12-14;100.0;100.0;14.95;Domestic Non Government;2.0000;AAA;1.0000000;52510100;CH;000210
2026-01-30;SBR14D;SBI AAA-BBB D;CH0027441929;Duration;CHF;;;;;7.12;1988;;;;113193128;CH1131931284;CH13193128=S;0.35 KSBADEN 21-36;125000000;88.7500000;0.1166667;1.499;10.461;111083333;111083333;;2021-10-01;2035-09-28;2025-09-30;2026-09-30;Maturity;2036-09-30;2036-09-30;100.0;100.0;10.75;Domestic Non Government;0.3500;AA;1.0000000;73510100;CH;020682
2026-01-30;SBR14D;SBI AAA-BBB D;CH0027441929;Duration;CHF;;;;;7.12;1988;;;;22458182;CH0224581824;CH22458182=S;2 KT LU 13-33;100000000;110.5500000;0.5111111;0.602;7.248;111061111;111061111;;2013-11-01;2032-10-29;2025-10-28;2026-10-28;Maturity;2033-10-28;2033-10-28;100.0;100.0;7.83;Domestic Non Government;2.0000;AA;1.0000000;52515100;CH;001107
2026-01-30;SBR14D;SBI AAA-BBB D;CH0027441929;Duration;CHF;;;;;7.12;1988;;;;46123901;CH0461239011;CH46123901=S;0.25 NBRNS 19-39;125000000;88.7500000;0.0375000;1.132;13.607;110984375;110984375;;2020-01-03;2038-12-31;2025-12-06;2026-12-06;Maturity;2039-12-06;2039-12-06;100.0;100.0;13.93;Foreign Government;0.2500;A;1.0000000;52515100;CA;001482
2026-01-30;SBR14D;SBI AAA-BBB D;CH0027441929;Duration;CHF;;;;;7.12;1988;;;;125636719;CH1256367199;CH25636719=S;2.35 BAL 23-33;100000000;109.0500000;1.7494444;1.006;6.461;110799444;110799444;;2023-06-01;2032-02-27;2025-05-02;2026-05-02;Next Call;2033-02-02;2033-05-02;100.0;100.0;7.09;Domestic Non Government;2.3500;A;1.0000000;74020100;CH;021282
2026-01-30;SBR14D;SBI AAA-BBB D;CH0027441929;Duration;CHF;;;;;7.12;1988;;;;11041156;CH0110411565;CH11041156=S;2.50 WELTBK 10-30;100000000;108.7000000;2.0763889;0.392;3.945;110776389;110776389;;2010-05-03;2029-04-30;2025-04-01;2026-04-01;Maturity;2030-04-01;2030-04-01;100.0;100.0;4.25;Foreign Supranational;2.5000;AAA;1.0000000;51515100;US;001525
2026-01-30;SBR14D;SBI AAA-BBB D;CH0027441929;Duration;CHF;;;;;7.12;1988;;;;11090409;CH0110904098;CH11090409=S;2.50 NRW 10-30;100000000;108.7000000;2.0277778;0.401;3.964;110727778;110727778;;2010-05-03;2029-04-30;2025-04-08;2026-04-08;Maturity;2030-04-08;2030-04-08;100.0;100.0;4.27;Foreign Government;2.5000;AA;1.0000000;52515100;DE;011807
2026-01-30;SBR14D;SBI AAA-BBB D;CH0027441929;Duration;CHF;;;;;7.12;1988;;;;143324113;CH1433241135;CH43324113=S;0.93 CDM 25-32;110000000;99.9000000;0.6794167;0.946;6.079;110637358;110637358;;2025-06-02;2031-05-30;2025-05-07;2026-05-07;Maturity;2032-05-07;2032-05-07;100.0;100.0;6.35;Foreign Government;0.9300;A;1.0000000;52015100;FR;015494
2026-01-30;SBR14D;SBI AAA-BBB D;CH0027441929;Duration;CHF;;;;;7.12;1988;;;;120636747;CH1206367471;CH20636747=S;2.55 GROUPE 22-32;100000000;109.7500000;0.8500000;1.029;6.194;110600000;110600000;;2022-12-01;2031-09-30;2025-09-30;2026-09-30;Maturity;2032-09-30;2032-09-30;100.0;100.0;6.75;Domestic Non Government;2.5500;A;1.0000000;75510100;CH;021045
2026-01-30;SBR14D;SBI AAA-BBB D;CH0027441929;Duration;CHF;;;;;7.12;1988;;;;11099477;CH0110994776;CH11099477=S;2.50 MFP 10-30;100000000;108.5000000;2.0902778;0.435;3.939;110590278;110590278;;2010-04-01;2029-03-30;2025-03-29;2026-03-29;Maturity;2030-03-29;2030-03-29;100.0;100.0;4.24;Foreign Government;2.5000;AA;1.0000000;52015100;FI;010341
2026-01-30;SBR14D;SBI AAA-BBB D;CH0027441929;Duration;CHF;;;;;7.12;1988;;;;134674301;CH1346743011;CH34674301=S;1.85 WWZ 24-38;100000000;109.5000000;1.0740278;1.031;11.167;110574028;110574028;;2024-08-02;2037-07-31;2025-07-01;2026-07-01;Maturity;2038-07-01;2038-07-01;100.0;100.0;12.50;Domestic Non Government;1.8500;AA;1.0000000;75510100;CH;020977
2026-01-30;SBR14D;SBI AAA-BBB D;CH0027441929;Duration;CHF;;;;;7.12;1988;;;;11187845;CH0111878457;CH11187845=S;2.50 NLW 10-30;100000000;108.6500000;1.9236111;0.432;4.006;110573611;110573611;;2014-01-03;2029-04-30;2025-04-23;2026-04-23;Maturity;2030-04-23;2030-04-23;100.0;100.0;4.31;Foreign Government;2.5000;AAA;1.0000000;52015100;NL;010359
2026-01-30;SBR14D;SBI AAA-BBB D;CH0027441929;Duration;CHF;;;;;7.12;1988;;;;148733206;CH1487332061;CH48733206=S;1.04 ALL 25-31;110000000;100.0500000;0.2686667;1.031;5.589;110350533;110350533;;2025-11-03;2030-10-31;2025-10-27;2026-10-27;Maturity;2031-10-27;2031-10-27;100.0;100.0;5.82;Domestic Non Government;1.0400;BBB;1.0000000;76015100;CH;011120
2026-01-30;SBR14D;SBI AAA-BBB D;CH0027441929;Duration;CHF;;;;;7.12;1988;;;;148733208;CH1487332087;CH48733208=S;0.80 TI KB 25-32;110000000;100.0500000;0.1888889;0.792;6.599;110262778;110262778;;2025-12-01;2031-11-28;2025-11-05;2026-11-05;Maturity;2032-11-05;2032-11-05;100.0;100.0;6.84;Domestic Non Government;0.8000;AA;1.0000000;52510100;CH;001220
2026-01-30;SBR14D;SBI AAA-BBB D;CH0027441929;Duration;CHF;;;;;7.12;1988;;;;11186561;CH0111865611;CH11186561=S;2.50 BRCOL 10-30;100000000;108.3000000;1.9583333;0.505;3.991;110258333;110258333;;2010-05-03;2029-04-30;2025-04-18;2026-04-18;Maturity;2030-04-18;2030-04-18;100.0;100.0;4.30;Foreign Government;2.5000;AA;1.0000000;52515100;CA;010243
2026-01-30;SBR14D;SBI AAA-BBB D;CH0027441929;Duration;CHF;;;;;7.12;1988;;;;113712284;CH1137122847;CH13712284=S;0.418 SCBACH 21-27;110000000;99.8700000;0.3483333;0.530;1.162;110240167;110240167;;2021-12-01;2026-03-31;2025-03-31;2026-03-31;Maturity;2027-03-31;2027-03-31;100.0;100.0;1.25;Foreign Corporate;0.4180;A;1.0000000;74010100;CL;020967
2026-01-30;SBR14D;SBI AAA-BBB D;CH0027441929;Duration;CHF;;;;;7.12;1988;;;;11138614;CH0111386147;CH11138614=S;2.50 HES 10-30;100000000;108.2000000;1.8819444;0.542;4.022;110081944;110081944;;2010-05-03;2029-04-30;2025-04-29;2026-04-29;Maturity;2030-04-29;2030-04-29;100.0;100.0;4.33;Foreign Government;2.5000;AA;1.0000000;52515100;DE;011700
2026-01-30;SBR14D;SBI AAA-BBB D;CH0027441929;Duration;CHF;;;;;7.12;1988;;;;11545753;CH0115457530;CH11545753=S;2.625 COMP FIN 10-30;100000000;108.8000000;1.1447917;0.661;4.328;109944792;109944792;;2014-01-03;2029-08-31;2025-08-23;2026-08-23;Maturity;2030-08-23;2030-08-23;100.0;100.0;4.64;Foreign Corporate;2.6250;AAA;1.0000000;61510100;FR;001556
2026-01-30;SBR14D;SBI AAA-BBB D;CH0027441929;Duration;CHF;;;;;7.12;1988;;;;46087234;CH0460872341;CH46087234=S;0.25 MHB 19-29;110000000;99.7000000;0.2319444;0.348;3.057;109925139;109925139;;2019-03-01;2028-02-29;2025-02-26;2026-02-26;Maturity;2029-02-26;2029-02-26;100.0;100.0;3.15;Foreign Corporate;0.2500;AAA;1.0000000;61010100;DE;010705
2026-01-30;SBR14D;SBI AAA-BBB D;CH0027441929;Duration;CHF;;;;;7.12;1988;;;;144958379;CH1449583793;CH44958379=S;0.725 BNG 25-35;110000000;99.4000000;0.4591667;0.792;9.048;109845083;109845083;;2025-07-01;2034-06-30;2025-06-12;2026-06-12;Maturity;2035-06-12;2035-06-12;100.0;100.0;9.45;Foreign Government;0.7250;AAA;1.0000000;52015100;NL;020748
2026-01-30;SBR14D;SBI AAA-BBB D;CH0027441929;Duration;CHF;;;;;7.12;1988;;;;21401067;CH0214010677;CH21401067=S;1.52 KT LU 13-43;100000000;108.8000000;0.9626667;0.967;15.359;109762667;109762667;;2013-06-19;2042-06-30;2025-06-12;2026-06-12;Maturity;2043-06-12;2043-06-12;100.0;100.0;17.45;Domestic Non Government;1.5200;AA;1.0000000;52515100;CH;001107
2026-01-30;SBR14D;SBI AAA-BBB D;CH0027441929;Duration;CHF;;;;;7.12;1988;;;;21537632;CH0215376325;CH21537632=S;1.75 EIB 13-33;100000000;108.7000000;1.0305556;0.549;6.970;109730556;109730556;;2013-07-01;2032-06-30;2025-06-28;2026-06-28;Maturity;2033-06-28;2033-06-28;100.0;100.0;7.49;Foreign Supranational;1.7500;AAA;1.0000000;51515100;LU;010844
2026-01-30;SBR14D;SBI AAA-BBB D;CH0027441929;Duration;CHF;;;;;7.12;1988;;;;121171321;CH1211713214;CH21171321=S;2.037 TPG 22-34;100000000;109.0000000;0.6848264;0.950;8.014;109684826;109684826;;2022-10-03;2033-09-30;2025-09-29;2026-09-29;Maturity;2034-09-29;2034-09-29;100.0;100.0;8.74;Domestic Non Government;2.0375;AA;1.0000000;52010100;CH;003187
2026-01-30;SBR14D;SBI AAA-BBB D;CH0027441929;Duration;CHF;;;;;7.12;1988;;;;41904121;CH0419041212;CH41904121=S;0.44 EGW 19-37;113600000;96.2500000;0.2957778;0.787;11.035;109676004;109676004;;2019-06-03;2036-05-30;2025-05-28;2026-05-28;Maturity;2037-05-28;2037-05-28;100.0;100.0;11.41;Domestic Non Government;0.4400;AAA;1.0000000;52010100;CH;003083
2026-01-30;SBR14D;SBI AAA-BBB D;CH0027441929;Duration;CHF;;;;;7.12;1988;;;;53689342;CH0536893420;CH53689342=S;0.05 PZ S527 20-43;131000000;83.6500000;0.0158333;1.070;17.597;109602242;109602242;;2020-10-20;2042-10-31;2025-10-06;2026-10-06;Maturity;2043-10-06;2043-10-06;100.0;100.0;17.76;Swiss Pfandbrief;0.0500;AAA;1.0000000;61010100;CH;001211
2026-01-30;SBR14D;SBI AAA-BBB D;CH0027441929;Duration;CHF;;;;;7.12;1988;;;;12883325;CH0128833255;CH12883325=S;2.625 KT BL 11-29;100000000;107.5500000;1.8958333;0.306;3.134;109445833;109445833;;2011-05-18;2028-05-31;2025-05-10;2026-05-10;Maturity;2029-05-10;2029-05-10;100.0;100.0;3.36;Domestic Non Government;2.6250;AAA;1.0000000;52515100;CH;001096
2026-01-30;SBR14D;SBI AAA-BBB D;CH0027441929;Duration;CHF;;;;;7.12;1988;;;;124393356;CH1243933566;CH24393356=S;3.13 HIAG 23-29;100000000;106.4500000;2.9908889;0.969;2.874;109440889;109440889;;2023-03-01;2028-02-29;2025-02-16;2026-02-16;Maturity;2029-02-16;2029-02-16;100.0;100.0;3.12;Domestic Non Government;3.1300;BBB;1.0000000;76015100;CH;020234
2026-01-30;SBR14D;SBI AAA-BBB D;CH0027441929;Duration;CHF;;;;;7.12;1988;;;;26785599;CH0267855994;CH26785599=S;0.625 KT BL 15-36;110000000;98.8500000;0.5798611;0.744;9.734;109372847;109372847;;2015-03-02;2035-02-28;2025-02-26;2026-02-26;Maturity;2036-02-26;2036-02-26;100.0;100.0;10.15;Domestic Non Government;0.6250;AAA;1.0000000;52515100;CH;001096
2026-01-30;SBR14D;SBI AAA-BBB D;CH0027441929;Duration;CHF;;;;;7.12;1988;;;;12038159;CH0120381592;CH12038159=S;2 LU KB 10-33;100000000;108.9500000;0.3000000;0.818;7.349;109250000;109250000;;2011-01-03;2032-12-31;2025-12-06;2026-12-06;Maturity;2033-12-06;2033-12-06;100.0;100.0;7.93;Domestic Non Government;2.0000;AA;1.0000000;52510100;CH;000431
2026-01-30;SBR14D;SBI AAA-BBB D;CH0027441929;Duration;CHF;;;;;7.12;1988;;;;129627616;CH1296276160;CH29627616=S;2.747 ACHMEA 23-30;100000000;108.2500000;0.7937222;0.948;4.463;109043722;109043722;;2023-11-01;2029-10-31;2025-10-16;2026-10-16;Maturity;2030-10-16;2030-10-16;100.0;100.0;4.79;Foreign Corporate;2.7475;A;1.0000000;74015100;NL;011528
2026-01-30;SBR14D;SBI AAA-BBB D;CH0027441929;Duration;CHF;;;;;7.12;1988;;;;122115046;CH1221150464;CH22115046=S;2.005 AUCKL 22-32;100000000;108.4000000;0.5680833;0.719;6.337;108968083;108968083;;2022-11-01;2031-10-31;2025-10-18;2026-10-18;Maturity;2032-10-18;2032-10-18;100.0;100.0;6.80;Foreign Government;2.0050;AA;1.0000000;52515100;NZ;019857
2026-01-30;SBR14D;SBI AAA-BBB D;CH0027441929;Duration;CHF;;;;;7.12;1988;;;;10949769;CH0109497690;CH10949769=S;2.75 WTHUR 10-30;100000000;108.8500000;0.0152778;0.506;3.844;108865278;108865278;;2010-02-17;2029-01-31;2026-01-28;2027-01-28;Maturity;2030-01-28;2030-01-28;100.0;100.0;4.08;Domestic Non Government;2.7500;AA;1.0000000;53015100;CH;003145
2026-01-30;SBR14D;SBI AAA-BBB D;CH0027441929;Duration;CHF;;;;;7.12;1988;;;;126160890;CH1261608900;CH26160890=S;2.832 DZB 23-29;100000000;106.7000000;1.9984861;0.765;3.139;108698486;108698486;;2023-06-01;2028-05-31;2025-05-16;2026-05-16;Maturity;2029-05-16;2029-05-16;100.0;100.0;3.38;Foreign Corporate;2.8325;A;1.0000000;74010100;DE;019214
2026-01-30;SBR14D;SBI AAA-BBB D;CH0027441929;Duration;CHF;;;;;7.12;1988;;;;124941600;CH1249416004;CH24941600=S;2.541 CAL 23-30;100000000;107.6000000;1.0376975;0.846;4.361;108637698;108637698;;2023-04-03;2029-09-28;2025-09-03;2026-09-03;Maturity;2030-09-03;2030-09-03;100.0;100.0;4.67;Foreign Corporate;2.5413;A;1.0000000;74010100;FR;012788
2026-01-30;SBR14D;SBI AAA-BBB D;CH0027441929;Duration;CHF;;;;;7.12;1988;;;;123210707;CH1232107073;CH23210707=S;1.55 RHBAG 22-38;100000000;108.4000000;0.1980556;0.858;11.801;108598056;108598056;;2023-01-03;2037-12-31;2025-12-14;2026-12-14;Maturity;2038-12-14;2038-12-14;100.0;100.0;12.95;Domestic Non Government;1.5500;AAA;1.0000000;52010100;CH;020492
2026-01-30;SBR14D;SBI AAA-BBB D;CH0027441929;Duration;CHF;;;;;7.12;1988;;;;121171316;CH1211713164;CH21171316=S;1.97 CREAGR 22-32;100000000;107.7000000;0.6949722;0.777;6.272;108394972;108394972;;2022-10-03;2031-09-30;2025-09-23;2026-09-23;Maturity;2032-09-23;2032-09-23;100.0;100.0;6.73;Domestic Non Government;1.9700;AAA;1.0000000;61515100;CH;020901
2026-01-30;SBR14D;SBI AAA-BBB D;CH0027441929;Duration;CHF;;;;;7.12;1988;;;;125199822;CH1251998220;CH25199822=S;2.35 GR DI 23-30;100000000;106.5000000;1.5275000;0.822;4.135;108027500;108027500;;2023-07-03;2029-06-29;2025-06-06;2026-06-06;Maturity;2030-06-06;2030-06-06;100.0;100.0;4.43;Domestic Non Government;2.3500;BBB;1.0000000;75510100;CH;001303
2026-01-30;SBR14D;SBI AAA-BBB D;CH0027441929;Duration;CHF;;;;;7.12;1988;;;;128015504;CH1280155040;CH28015504=S;1.75 AKB 23-33;100000000;107.1000000;0.8847222;0.771;7.049;107984722;107984722;;2023-08-02;2032-07-30;2025-07-28;2026-07-28;Maturity;2033-07-28;2033-07-28;100.0;100.0;7.58;Domestic Non Government;1.7500;AAA;1.0000000;52510100;CH;000123
2026-01-30;SBR14D;SBI AAA-BBB D;CH0027441929;Duration;CHF;;;;;7.12;1988;;;;11794064;CH0117940640;CH11794064=S;2.25 EBO 10-30;100000000;107.3000000;0.6625000;0.669;4.500;107962500;107962500;;2010-11-01;2029-10-31;2025-10-14;2026-10-14;Maturity;2030-10-14;2030-10-14;100.0;100.0;4.79;Foreign Corporate;2.2500;AAA;1.0000000;61515100;AT;002809
2026-01-30;SBR14D;SBI AAA-BBB D;CH0027441929;Duration;CHF;;;;;7.12;1988;;;;11884898;CH0118848982;CH11884898=S;2 BNG 10-30;100000000;107.2000000;0.4777778;0.467;4.577;107677778;107677778;;2010-12-01;2029-11-30;2025-11-04;2026-11-04;Maturity;2030-11-04;2030-11-04;100.0;100.0;4.84;Foreign Government;2.0000;AAA;1.0000000;52015100;NL;020748
2026-01-30;SBR14D;SBI AAA-BBB D;CH0027441929;Duration;CHF;;;;;7.12;1988;;;;123949504;CH1239495042;CH23949504=S;3.032 HYUNDCS 23-28;100000000;104.6000000;3.0240764;0.711;1.918;107624076;107624076;;2023-03-01;2027-02-26;2025-02-01;2026-02-01;Maturity;2028-02-01;2028-02-01;100.0;100.0;2.08;Foreign Corporate;3.0325;A;1.0000000;72510100;KR;019063
2026-01-30;SBR14D;SBI AAA-BBB D;CH0027441929;Duration;CHF;;;;;7.12;1988;;;;11957772;CH0119577721;CH11957772=S;2 RFF 10-34;100000000;107.2500000;0.3666667;1.131;8.171;107616667;107616667;;2010-12-01;2033-11-30;2025-11-24;2026-11-24;Maturity;2034-11-24;2034-11-24;100.0;100.0;8.90;Foreign Corporate;2.0000;A;1.0000000;52010100;FR;020322
2026-01-30;SBR14D;SBI AAA-BBB D;CH0027441929;Duration;CHF;;;;;7.12;1988;;;;123946477;CH1239464774;CH23946477=S;2.625 MOBN 23-29;100000000;105.8000000;1.7864583;0.845;3.174;107586458;107586458;;2023-06-01;2028-05-31;2025-05-25;2026-05-25;Maturity;2029-05-25;2029-05-25;100.0;100.0;3.40;Domestic Non Government;2.6250;BBB;1.0000000;76015100;CH;012643
2026-01-30;SBR14D;SBI AAA-BBB D;CH0027441929;Duration;CHF;;;;;7.12;1988;;;;129448636;CH1294486365;CH29448636=S;3.61 DZB 23-28;100000000;106.4500000;1.0428889;1.177;2.612;107492889;107492889;;2023-11-01;2027-10-29;2025-10-16;2026-10-16;Maturity;2028-10-16;2028-10-16;100.0;100.0;2.79;Foreign Corporate;3.6100;A;1.0000000;74010200;DE;019214
2026-01-30;SBR14D;SBI AAA-BBB D;CH0027441929;Duration;CHF;;;;;7.12;1988;;;;126589067;CH1265890678;CH26589067=S;1.30 KT BS 23-27;105000000;102.1500000;0.2130556;0.127;1.823;107481208;107481208;;2023-12-19;2026-12-30;2025-12-01;2026-12-01;Maturity;2027-12-01;2027-12-01;100.0;100.0;1.92;Domestic Non Government;1.3000;AAA;1.0000000;52515100;CH;001102
2026-01-30;SBR14D;SBI AAA-BBB D;CH0027441929;Duration;CHF;;;;;7.12;1988;;;;14380836;CH0143808365;CH14380836=S;1.50 MATT 12-32;100000000;106.2500000;1.2000000;0.475;5.909;107450000;107450000;;2012-05-02;2031-04-30;2025-04-12;2026-04-12;Maturity;2032-04-12;2032-04-12;100.0;100.0;6.28;Domestic Non Government;1.5000;AAA;1.0000000;52010100;CH;019586
2026-01-30;SBR14D;SBI AAA-BBB D;CH0027441929;Duration;CHF;;;;;7.12;1988;;;;125592439;CH1255924396;CH25592439=S;2 EKW 23-30;100000000;105.6500000;1.6055556;0.631;4.012;107255556;107255556;;2023-05-02;2029-04-30;2025-04-11;2026-04-11;Maturity;2030-04-11;2030-04-11;100.0;100.0;4.28;Domestic Non Government;2.0000;A;1.0000000;75510100;CH;001309
2026-01-30;SBR14D;SBI AAA-BBB D;CH0027441929;Duration;CHF;;;;;7.12;1988;;;;11866825;CH0118668257;CH11866825=S;2.125 BNG 10-29;100000000;106.6500000;0.4781250;0.349;3.657;107128125;107128125;;2010-12-01;2028-11-30;2025-11-09;2026-11-09;Maturity;2029-11-09;2029-11-09;100.0;100.0;3.86;Foreign Government;2.1250;AAA;1.0000000;52015100;NL;020748
2026-01-30;SBR14D;SBI AAA-BBB D;CH0027441929;Duration;CHF;;;;;7.12;1988;;;;127136058;CH1271360583;CH27136058=S;1.81 KOMMUB 23-30;100000000;106.0500000;1.0055556;0.432;4.276;107055556;107055556;;2023-08-02;2029-07-31;2025-07-10;2026-07-10;Maturity;2030-07-10;2030-07-10;100.0;100.0;4.53;Foreign Government;1.8100;AAA;1.0000000;52015100;NO;011242
2026-01-30;SBR14D;SBI AAA-BBB D;CH0027441929;Duration;CHF;;;;;7.12;1988;;;;123109437;CH1231094371;CH23109437=S;1.70 BERN 23-33;100000000;107.0000000;0.0283333;0.671;6.656;107028333;107028333;;2023-02-01;2032-01-30;2026-01-24;2027-01-24;Maturity;2033-01-24;2033-01-24;100.0;100.0;7.06;Domestic Non Government;1.7000;AA;1.0000000;53015100;CH;001126
2026-01-30;SBR14D;SBI AAA-BBB D;CH0027441929;Duration;CHF;;;;;7.12;1988;;;;132580784;CH1325807845;CH32580784=S;2.0125 ADC 24-30;100000000;105.1000000;1.8895139;0.733;3.874;106989514;106989514;;2024-03-01;2029-02-28;2025-02-22;2026-02-22;Maturity;2030-02-22;2030-02-22;100.0;100.0;4.14;Foreign Corporate;2.0125;A;1.0000000;74010100;AE;014432
2026-01-30;SBR14D;SBI AAA-BBB D;CH0027441929;Duration;CHF;;;;;7.12;1988;;;;130611707;CH1306117073;CH30611707=S;1.45 KT ZH 23-34;100000000;106.6500000;0.2376389;0.672;8.358;106887639;106887639;;2023-12-19;2033-12-30;2025-12-01;2026-12-01;Maturity;2034-12-01;2034-12-01;100.0;100.0;8.92;Domestic Non Government;1.4500;AAA;1.0000000;52515100;CH;001116
2026-01-30;SBR14D;SBI AAA-BBB D;CH0027441929;Duration;CHF;;;;;7.12;1988;;;;123329492;CH1233294920;CH23329492=S;1.80 SZ KB 22-31;100000000;106.6000000;0.2250000;0.651;5.626;106825000;106825000;;2023-01-03;2030-12-31;2025-12-15;2026-12-15;Maturity;2031-12-15;2031-12-15;100.0;100.0;5.96;Domestic Non Government;1.8000;AA;1.0000000;52510100;CH;002996
2026-01-30;SBR14D;SBI AAA-BBB D;CH0027441929;Duration;CHF;;;;;7.12;1988;;;;121218913;CH1212189133;CH21218913=S;1.68 AKAH 22-32;100000000;106.2000000;0.6066667;0.720;6.314;106806667;106806667;;2022-10-03;2031-09-30;2025-09-20;2026-09-20;Maturity;2032-09-20;2032-09-20;100.0;100.0;6.72;Foreign Government;1.6800;AA;1.0000000;52015100;SE;011244
2026-01-30;SBR14D;SBI AAA-BBB D;CH0027441929;Duration;CHF;;;;;7.12;1988;;;;144958371;CH1449583710;CH44958371=S;1.2025 SCBACH 25-31;105000000;100.9000000;0.7682639;1.029;5.187;106751677;106751677;;2025-07-01;2030-06-28;2025-06-10;2026-06-10;Maturity;2031-06-10;2031-06-10;100.0;100.0;5.44;Foreign Corporate;1.2025;A;1.0000000;74010100;CL;020967
2026-01-30;SBR14D;SBI AAA-BBB D;CH0027441929;Duration;CHF;;;;;7.12;1988;;;;130611718;CH1306117180;CH30611718=S;1.45 KT TI 24-54;100000000;106.6000000;0.0000000;1.172;23.393;106600000;106600000;;2024-02-01;2053-01-31;2026-01-30;2027-01-30;Maturity;2054-01-30;2054-01-30;100.0;100.0;28.08;Domestic Non Government;1.4500;AA;1.0000000;52515100;CH;001111
2026-01-30;SBR14D;SBI AAA-BBB D;CH0027441929;Duration;CHF;;;;;7.12;1988;;;;18571282;CH0185712822;CH18571282=S;1.50 ZGZG KB 12-37;100000000;105.5500000;0.9791667;0.981;10.450;106529167;106529167;;2012-07-02;2036-06-30;2025-06-05;2026-06-05;Maturity;2037-06-05;2037-06-05;100.0;100.0;11.43;Domestic Non Government;1.5000;AAA;1.0000000;52510100;CH;000155
2026-01-30;SBR14D;SBI AAA-BBB D;CH0027441929;Duration;CHF;;;;;7.12;1988;;;;24948366;CH0249483667;CH24948366=S;1.375 KT GE 14-34;100000000;106.0500000;0.4621528;0.654;8.208;106512153;106512153;;2014-10-01;2033-09-30;2025-09-29;2026-09-29;Maturity;2034-09-29;2034-09-29;100.0;100.0;8.74;Domestic Non Government;1.3750;AA;1.0000000;52515100;CH;001105
2026-01-30;SBR14D;SBI AAA-BBB D;CH0027441929;Duration;CHF;;;;;7.12;1988;;;;127470312;CH1274703128;CH27470312=S;1.932 CREAGR S232 23-30;100000000;105.7000000;0.6815667;0.681;4.468;106381567;106381567;;2023-07-03;2029-09-28;2025-09-23;2026-09-23;Maturity;2030-09-23;2030-09-23;100.0;100.0;4.73;Domestic Non Government;1.9320;AAA;1.0000000;61515100;CH;020901
2026-01-30;SBR14D;SBI AAA-BBB D;CH0027441929;Duration;CHF;;;;;7.12;1988;;;;129160194;CH1291601941;CH29160194=S;1.52 CREAGR 24-33;100000000;105.0500000;1.2877778;0.791;6.759;106337778;106337778;;2024-04-02;2032-03-31;2025-03-25;2026-03-25;Maturity;2033-03-25;2033-03-25;100.0;100.0;7.23;Domestic Non Government;1.5200;AAA;1.0000000;61515100;CH;020901
2026-01-30;SBR14D;SBI AAA-BBB D;CH0027441929;Duration;CHF;;;;;7.12;1988;;;;131996846;CH1319968462;CH31996846=S;1.415 St. LU 24-34;100000000;104.9500000;1.2695694;0.782;7.632;106219569;106219569;;2024-03-19;2033-03-31;2025-03-07;2026-03-07;Maturity;2034-03-07;2034-03-07;100.0;100.0;8.18;Domestic Non Government;1.4150;AA;1.0000000;53015100;CH;001136
2026-01-30;SBR14D;SBI AAA-BBB D;CH0027441929;Duration;CHF;;;;;7.12;1988;;;;124915104;CH1249151049;CH24915104=S;1.75 CDM 23-31;100000000;104.5500000;1.6333333;0.829;4.822;106183333;106183333;;2023-03-01;2030-02-28;2025-02-24;2026-02-24;Maturity;2031-02-24;2031-02-24;100.0;100.0;5.15;Foreign Government;1.7500;A;1.0000000;52015100;FR;015494
2026-01-30;SBR14D;SBI AAA-BBB D;CH0027441929;Duration;CHF;;;;;7.12;1988;;;;127470315;CH1274703151;CH27470315=S;2.63 RAIFLBK 23-28;100000000;104.5500000;1.5414722;0.721;2.340;106091472;106091472;;2023-07-03;2027-06-30;2025-06-29;2026-06-29;Maturity;2028-06-29;2028-06-29;100.0;100.0;2.49;Foreign Corporate;2.6300;A;1.0000000;74010100;AT;019503
2026-01-30;SBR14D;SBI AAA-BBB D;CH0027441929;Duration;CHF;;;;;7.12;1988;;;;123044261;CH1230442613;CH23044261=S;1.875 BCG 22-30;100000000;105.4500000;0.2656250;0.729;4.683;105715625;105715625;;2023-01-03;2029-12-31;2025-12-09;2026-12-09;Maturity;2030-12-09;2030-12-09;100.0;100.0;4.94;Domestic Non Government;1.8750;AA;1.0000000;74010100;CH;003253
2026-01-30;SBR14D;SBI AAA-BBB D;CH0027441929;Duration;CHF;;;;;7.12;1988;;;;131034632;CH1310346320;CH31034632=S;1.30 KT TI 24-35;100000000;104.5000000;1.2061111;0.784;8.530;105706111;105706111;;2024-03-01;2034-02-28;2025-02-26;2026-02-26;Maturity;2035-02-26;2035-02-26;100.0;100.0;9.15;Domestic Non Government;1.3000;AA;1.0000000;52515100;CH;001111
2026-01-30;SBR14D;SBI AAA-BBB D;CH0027441929;Duration;CHF;;;;;7.12;1988;;;;132684963;CH1326849630;CH32684963=S;1.577 LAU 24-78;100000000;104.2500000;1.4416597;1.460;35.781;105691660;105691660;;2024-03-19;2077-03-31;2025-03-01;2026-03-01;Maturity;2078-03-01;2078-03-01;100.0;100.0;52.17;Domestic Non Government;1.5775;AA;1.0000000;53015100;CH;001133
2026-01-30;SBR14D;SBI AAA-BBB D;CH0027441929;Duration;CHF;;;;;7.12;1988;;;;20427621;CH0204276213;CH20427621=S;1.50 WTHUR 13-36;100000000;105.5500000;0.0250000;0.916;9.365;105575000;105575000;;2013-02-01;2035-01-31;2026-01-24;2027-01-24;Maturity;2036-01-24;2036-01-24;100.0;100.0;10.06;Domestic Non Government;1.5000;AA;1.0000000;53015100;CH;003145
2026-01-30;SBR14D;SBI AAA-BBB D;CH0027441929;Duration;CHF;;;;;7.12;1988;;;;133144023;CH1331440235;CH33144023=S;1.45 SZ KB 24-31;100000000;104.2500000;1.2727778;0.605;4.918;105522778;105522778;;2024-04-02;2030-03-29;2025-03-14;2026-03-14;Maturity;2031-03-14;2031-03-14;100.0;100.0;5.20;Domestic Non Government;1.4500;AA;1.0000000;52510100;CH;002996
2026-01-30;SBR14D;SBI AAA-BBB D;CH0027441929;Duration;CHF;;;;;7.12;1988;;;;131996855;CH1319968553;CH31996855=S;2 ZKB 24-30;100000000;103.8000000;1.7111111;0.772;3.031;105511111;105511111;;2024-04-02;2028-03-31;2025-03-22;2026-03-22;Next Call;2029-03-22;2030-03-22;100.0;100.0;3.23;Domestic Non Government;2.0000;AA;1.0000000;74010100;CH;000210
2026-01-30;SBR14D;SBI AAA-BBB D;CH0027441929;Duration;CHF;;;;;7.12;1988;;;;134674303;CH1346743037;CH34674303=S;1.253 RHBAG 24-40;100000000;104.7000000;0.7726833;0.903;13.187;105472683;105472683;;2024-06-18;2039-06-30;2025-06-18;2026-06-18;Maturity;2040-06-18;2040-06-18;100.0;100.0;14.46;Domestic Non Government;1.2530;AAA;1.0000000;52010100;CH;020492
2026-01-30;SBR14D;SBI AAA-BBB D;CH0027441929;Duration;CHF;;;;;7.12;1988;;;;130611713;CH1306117131;CH30611713=S;1.70 PSP 24-30;100000000;103.8000000;1.6716667;0.736;3.857;105471667;105471667;;2024-03-01;2029-02-28;2025-02-06;2026-02-06;Maturity;2030-02-06;2030-02-06;100.0;100.0;4.10;Domestic Non Government;1.7000;A;1.0000000;76015100;CH;011129
2026-01-30;SBR14D;SBI AAA-BBB D;CH0027441929;Duration;CHF;;;;;7.12;1988;;;;121171317;CH1211713172;CH21171317=S;1.45 KT NE 22-30;100000000;104.8500000;0.5115278;0.395;4.510;105361528;105361528;;2022-10-03;2029-09-28;2025-09-23;2026-09-23;Maturity;2030-09-23;2030-09-23;100.0;100.0;4.73;Domestic Non Government;1.4500;AA;1.0000000;52515100;CH;001108
2026-01-30;SBR14D;SBI AAA-BBB D;CH0027441929;Duration;CHF;;;;;7.12;1988;;;;123210717;CH1232107172;CH23210717=S;1.625 St. LU 23-29;100000000;103.6500000;1.6204861;0.400;2.910;105270486;105270486;;2023-02-14;2028-02-29;2025-02-01;2026-02-01;Maturity;2029-02-01;2029-02-01;100.0;100.0;3.08;Domestic Non Government;1.6250;AA;1.0000000;53015100;CH;001136
2026-01-30;SBR14D;SBI AAA-BBB D;CH0027441929;Duration;CHF;;;;;7.12;1988;;;;138392474;CH1383924748;CH38392474=S;1.325 KBLU 25-35;100000000;104.1500000;1.1115278;0.852;8.608;105261528;105261528;;2025-04-01;2034-03-31;2025-03-28;2026-03-28;Maturity;2035-03-28;2035-03-28;100.0;100.0;9.24;Domestic Non Government;1.3250;AA;1.0000000;52510100;CH;000431
2026-01-30;SBR14D;SBI AAA-BBB D;CH0027441929;Duration;CHF;;;;;7.12;1988;;;;126488738;CH1264887386;CH26488738=S;2.65 EFIAG 23-28;100000000;103.5000000;1.7225000;1.131;2.275;105222500;105222500;;2023-07-03;2027-06-30;2025-06-06;2026-06-06;Maturity;2028-06-06;2028-06-06;100.0;100.0;2.43;Domestic Non Government;2.6500;BBB;1.0000000;74015100;CH;020450
2026-01-30;SBR14D;SBI AAA-BBB D;CH0027441929;Duration;CHF;;;;;7.12;1988;;;;124393358;CH1243933582;CH24393358=S;1.892 KHFC 23-28;100000000;103.2500000;1.8399306;0.283;1.974;105089931;105089931;;2023-03-01;2027-02-26;2025-02-10;2026-02-10;Maturity;2028-02-10;2028-02-10;100.0;100.0;2.11;Foreign Corporate;1.8925;AAA;1.0000000;61510100;KR;021049
2026-01-30;SBR14D;SBI AAA-BBB D;CH0027441929;Duration;CHF;;;;;7.12;1988;;;;133724904;CH1337249044;CH33724904=S;1.15 KT BL 24-33;100000000;104.2500000;0.6900000;0.562;7.097;104940000;104940000;;2024-07-01;2032-06-30;2025-06-24;2026-06-24;Maturity;2033-06-24;2033-06-24;100.0;100.0;7.48;Domestic Non Government;1.1500;AAA;1.0000000;52515100;CH;001096
2026-01-30;SBR14D;SBI AAA-BBB D;CH0027441929;Duration;CHF;;;;;7.12;1988;;;;134919180;CH1349191804;CH34919180=S;1.60 BCG 24-30;100000000;103.8500000;1.0222222;0.700;4.210;104872222;104872222;;2024-07-01;2029-06-29;2025-06-10;2026-06-10;Maturity;2030-06-10;2030-06-10;100.0;100.0;4.44;Domestic Non Government;1.6000;AA;1.0000000;74010100;CH;003253
2026-01-30;SBR14D;SBI AAA-BBB D;CH0027441929;Duration;CHF;;;;;7.12;1988;;;;11853273;CH0118532735;CH11853273=S;1.875 AFD 10-29;100000000;104.4500000;0.4062500;0.679;3.677;104856250;104856250;;2010-12-01;2028-11-30;2025-11-12;2026-11-12;Maturity;2029-11-12;2029-11-12;100.0;100.0;3.86;Foreign Government;1.8750;A;1.0000000;52015100;FR;001547
2026-01-30;SBR14D;SBI AAA-BBB D;CH0027441929;Duration;CHF;;;;;7.12;1988;;;;127100795;CH1271007952;CH27100795=S;2.375 HYPOLA 24-29;100000000;104.8000000;0.0263889;0.745;2.922;104826389;104826389;;2024-02-01;2028-01-31;2026-01-26;2027-01-26;Maturity;2029-01-26;2029-01-26;100.0;100.0;3.07;Foreign Corporate;2.3750;A;1.0000000;74015100;AT;021157
2026-01-30;SBR14D;SBI AAA-BBB D;CH0027441929;Duration;CHF;;;;;7.12;1988;;;;123131267;CH1231312674;CH23131267=S;1.75 CDM 22-29;100000000;104.5000000;0.3013889;0.558;3.728;104801389;104801389;;2022-12-01;2028-11-30;2025-11-28;2026-11-28;Maturity;2029-11-28;2029-11-28;100.0;100.0;3.91;Foreign Government;1.7500;A;1.0000000;52015100;FR;015494
2026-01-30;SBR14D;SBI AAA-BBB D;CH0027441929;Duration;CHF;;;;;7.12;1988;;;;127100794;CH1271007945;CH27100794=S;2.112 RAI 23-28;100000000;104.0000000;0.7159028;0.593;2.601;104715903;104715903;;2023-10-02;2027-09-30;2025-09-28;2026-09-28;Maturity;2028-09-28;2028-09-28;100.0;100.0;2.74;Domestic Non Government;2.1125;AA;1.0000000;74010100;CH;017757
2026-01-30;SBR14D;SBI AAA-BBB D;CH0027441929;Duration;CHF;;;;;7.12;1988;;;;133724896;CH1337248962;CH33724896=S;1.65 PSP 24-32;100000000;104.2000000;0.4995833;0.998;6.374;104699583;104699583;;2024-05-02;2031-10-31;2025-10-11;2026-10-11;Maturity;2032-10-11;2032-10-11;100.0;100.0;6.78;Domestic Non Government;1.6500;A;1.0000000;76015100;CH;011129
2026-01-30;SBR14D;SBI AAA-BBB D;CH0027441929;Duration;CHF;;;;;7.12;1988;;;;133111363;CH1331113634;CH33111363=S;1.65 GALENICA 24-31;100000000;103.4500000;1.2375000;0.940;4.786;104687500;104687500;;2024-05-02;2030-01-31;2025-04-30;2026-04-30;Next Call;2031-01-30;2031-04-30;100.0;100.0;5.08;Domestic Non Government;1.6500;BBB;1.0000000;73510100;CH;020585
2026-01-30;SBR14D;SBI AAA-BBB D;CH0027441929;Duration;CHF;;;;;7.12;1988;;;;112905381;CH1129053810;CH12905381=S;0.05 SWISSGRID 21-33;110000000;95.1000000;0.0291667;0.731;7.402;104642083;104642083;;2021-10-01;2032-06-30;2025-06-30;2026-06-30;Maturity;2033-06-30;2033-06-30;100.0;100.0;7.50;Domestic Non Government;0.0500;AA;1.0000000;75510100;CH;019851
2026-01-30;SBR14D;SBI AAA-BBB D;CH0027441929;Duration;CHF;;;;;7.12;1988;;;;134861416;CH1348614160;CH34861416=S;2.097 AGUAS 24-29;100000000;103.2000000;1.3983333;1.113;3.214;104598333;104598333;;2024-06-03;2028-05-31;2025-05-30;2026-05-30;Maturity;2029-05-30;2029-05-30;100.0;100.0;3.41;Foreign Corporate;2.0975;A;1.0000000;75510100;CL;021179
2026-01-30;SBR14D;SBI AAA-BBB D;CH0027441929;Duration;CHF;;;;;7.12;1988;;;;133111362;CH1331113626;CH33111362=S;1.315 PSA 24-34;100000000;103.5000000;0.9789444;0.874;7.812;104478944;104478944;;2024-06-03;2033-05-31;2025-05-02;2026-05-02;Maturity;2034-05-02;2034-05-02;100.0;100.0;8.34;Foreign Government;1.3150;AA;1.0000000;52515100;CA;001492
2026-01-30;SBR14D;SBI AAA-BBB D;CH0027441929;Duration;CHF;;;;;7.12;1988;;;;127653125;CH1276531253;CH27653125=S;1.602 ADB 23-28;100000000;103.5000000;0.9125347;0.158;2.385;104412535;104412535;;2023-08-02;2027-07-30;2025-07-05;2026-07-05;Maturity;2028-07-05;2028-07-05;100.0;100.0;2.51;Foreign Supranational;1.6025;AAA;1.0000000;51515100;CI;010834
2026-01-30;SBR14D;SBI AAA-BBB D;CH0027441929;Duration;CHF;;;;;7.12;1988;;;;129182735;CH1291827355;CH29182735=S;1.83 SZ KB 23-28;100000000;103.7500000;0.6557500;0.400;2.589;104405750;104405750;;2023-10-02;2027-09-30;2025-09-21;2026-09-21;Maturity;2028-09-21;2028-09-21;100.0;100.0;2.72;Domestic Non Government;1.8300;AA;1.0000000;52510100;CH;002996
2026-01-30;SBR14D;SBI AAA-BBB D;CH0027441929;Duration;CHF;;;;;7.12;1988;;;;127136060;CH1271360609;CH27136060=S;1.627 NRW LB 23-28;100000000;103.5500000;0.8273125;0.198;2.445;104377312;104377312;;2023-08-02;2027-07-30;2025-07-27;2026-07-27;Maturity;2028-07-27;2028-07-27;100.0;100.0;2.57;Foreign Government;1.6275;AA;1.0000000;52015100;DE;012081
2026-01-30;SBR14D;SBI AAA-BBB D;CH0027441929;Duration;CHF;;;;;7.12;1988;;;;117056572;CH1170565720;CH17056572=S;1.30 BQCNE 22-32;100000000;103.3000000;0.9822222;0.757;5.986;104282222;104282222;;2022-05-02;2031-04-30;2025-04-28;2026-04-28;Maturity;2032-04-28;2032-04-28;100.0;100.0;6.33;Domestic Non Government;1.3000;AA;1.0000000;52510100;CH;002990
2026-01-30;SBR14D;SBI AAA-BBB D;CH0027441929;Duration;CHF;;;;;7.12;1988;;;;135785266;CH1357852669;CH35785266=;1.995 STADRA 24-32;100000000;103.1500000;1.0972500;1.479;6.060;104247250;104247250;;2024-08-02;2031-07-31;2025-07-12;2026-07-12;Maturity;2032-07-12;2032-07-12;100.0;100.0;6.53;Domestic Non Government;1.9950;BBB;1.0000000;72010100;CH;020799
2026-01-30;SBR14D;SBI AAA-BBB D;CH0027441929;Duration;CHF;;;;;7.12;1988;;;;118921776;CH1189217768;CH18921776=S;1.70 KSBSLLD 22-32;100000000;103.2000000;1.0200000;1.178;6.066;104220000;104220000;;2022-07-01;2031-06-30;2025-06-24;2026-06-24;Maturity;2032-06-24;2032-06-24;100.0;100.0;6.48;Domestic Non Government;1.7000;A;1.0000000;73510100;CH;021027
2026-01-30;SBR14D;SBI AAA-BBB D;CH0027441929;Duration;CHF;;;;;7.12;1988;;;;132327409;CH1323274097;CH32327409=S;1.237 BNG 24-29;100000000;102.9000000;1.1687500;0.283;2.984;104068750;104068750;;2024-03-01;2028-02-29;2025-02-20;2026-02-20;Maturity;2029-02-20;2029-02-20;100.0;100.0;3.14;Foreign Government;1.2375;AAA;1.0000000;52015100;NL;020748
2026-01-30;SBR14D;SBI AAA-BBB D;CH0027441929;Duration;CHF;;;;;7.12;1988;;;;124365193;CH1243651937;CH24365193=S;2.35 KW LINTH 23-27;100000000;101.9200000;2.1476389;0.571;1.064;104067639;104067639;;2023-04-03;2026-03-31;2025-03-01;2026-03-01;Maturity;2027-03-01;2027-03-01;100.0;100.0;1.17;Domestic Non Government;2.3500;BBB;1.0000000;75510100;CH;003007
2026-01-30;SBR14D;SBI AAA-BBB D;CH0027441929;Duration;CHF;;;;;7.12;1988;;;;130611714;CH1306117149;CH30611714=S;1.30 ZH 24-34;100000000;104.0500000;0.0144444;0.775;7.647;104064444;104064444;;2024-02-01;2033-01-31;2026-01-26;2027-01-26;Maturity;2034-01-26;2034-01-26;100.0;100.0;8.07;Domestic Non Government;1.3000;AAA;1.0000000;53015100;CH;001146
2026-01-30;SBR14D;SBI AAA-BBB D;CH0027441929;Duration;CHF;;;;;7.12;1988;;;;143148813;CH1431488134;CH43148813=S;1.107  ASIA 25-37;100000000;103.0500000;0.9167639;0.821;10.489;103966764;103966764;;2025-05-02;2036-04-30;2025-04-02;2026-04-02;Maturity;2037-04-02;2037-04-02;100.0;100.0;11.25;Foreign Supranational;1.1075;AAA;1.0000000;51515100;PH;010846
2026-01-30;SBR14D;SBI AAA-BBB D;CH0027441929;Duration;CHF;;;;;7.12;1988;;;;20900234;CH0209002341;CH20900234=S;1.50 LAU 13-28;100000000;102.6500000;1.2375000;0.276;2.132;103887500;103887500;;2013-04-17;2027-04-30;2025-04-03;2026-04-03;Maturity;2028-04-03;2028-04-03;100.0;100.0;2.26;Domestic Non Government;1.5000;AA;1.0000000;53015100;CH;001133
2026-01-30;SBR14D;SBI AAA-BBB D;CH0027441929;Duration;CHF;;;;;7.12;1988;;;;135652487;CH1356524871;CH35652487=S;1.429 LAU 24-46;100000000;103.0000000;0.8418167;1.262;17.750;103841817;103841817;;2024-07-01;2045-06-30;2025-06-28;2026-06-28;Maturity;2046-06-28;2046-06-28;100.0;100.0;20.49;Domestic Non Government;1.4295;AA;1.0000000;53015100;CH;001133
2026-01-30;SBR14D;SBI AAA-BBB D;CH0027441929;Duration;CHF;;;;;7.12;1988;;;;137744380;CH1377443804;CH37744380=S;1.65 ZUGES 24-31;100000000;103.2000000;0.6141667;1.061;5.394;103814167;103814167;;2024-10-01;2030-09-30;2025-09-16;2026-09-16;Maturity;2031-09-16;2031-09-16;100.0;100.0;5.71;Domestic Non Government;1.6500;BBB;1.0000000;76015100;CH;019660
2026-01-30;SBR14D;SBI AAA-BBB D;CH0027441929;Duration;CHF;;;;;7.12;1988;;;;138001125;CH1380011259;CH38001125=S;2.25 CFT 24-29;100000000;103.2500000;0.5625000;1.355;3.622;103812500;103812500;;2024-11-01;2028-10-31;2025-10-30;2026-10-30;Maturity;2029-10-30;2029-10-30;100.0;100.0;3.83;Domestic Non Government;2.2500;BBB;1.0000000;74015100;CH;018963
2026-01-30;SBR14D;SBI AAA-BBB D;CH0027441929;Duration;CHF;;;;;7.12;1988;;;;134674313;CH1346743136;CH34674313=S;1.70 AMAG 24-28;100000000;102.8000000;0.9444444;0.543;2.395;103744444;103744444;;2024-08-02;2027-07-30;2025-07-10;2026-07-10;Maturity;2028-07-10;2028-07-10;100.0;100.0;2.52;Domestic Non Government;1.7000;AAA;1.0000000;61520100;CH;020626
2026-01-30;SBR14D;SBI AAA-BBB D;CH0027441929;Duration;CHF;;;;;7.12;1988;;;;121479716;CH1214797164;CH21479716=S;2.25 CORNBA 22-27;100000000;103.0000000;0.6812500;0.471;1.676;103681250;103681250;;2022-12-01;2027-08-02;2025-10-11;2026-10-11;Maturity;2027-10-11;2027-10-11;100.0;100.0;1.78;Domestic Non Government;2.2500;AAA;1.0000000;61515100;CH;021047
2026-01-30;SBR14D;SBI AAA-BBB D;CH0027441929;Duration;CHF;;;;;7.12;1988;;;;130027773;CH1300277733;CH30027773=S;2.25 LANDESBW 23-27;100000000;103.0500000;0.5125000;0.516;1.751;103562500;103562500;;2023-12-01;2026-11-30;2025-11-08;2026-11-08;Maturity;2027-11-08;2027-11-08;100.0;100.0;1.85;Foreign Corporate;2.2500;AA;1.0000000;74010100;DE;010747
2026-01-30;SBR14D;SBI AAA-BBB D;CH0027441929;Duration;CHF;;;;;7.12;1988;;;;131494138;CH1314941381;CH31494138=S;2.125 VLB 24-27;100000000;102.2600000;1.1038194;0.586;1.460;103363819;103363819;;2024-02-01;2026-07-31;2025-07-23;2026-07-23;Maturity;2027-07-23;2027-07-23;100.0;100.0;1.56;Foreign Corporate;2.1250;A;1.0000000;74010100;AT;020665
2026-01-30;SBR14D;SBI AAA-BBB D;CH0027441929;Duration;CHF;;;;;7.12;1988;;;;134930290;CH1349302906;CH34930290=S;1.325 BCJ 24-29;100000000;102.7000000;0.6367361;0.548;3.443;103336736;103336736;;2024-09-02;2028-08-31;2025-08-07;2026-08-07;Maturity;2029-08-07;2029-08-07;100.0;100.0;3.60;Domestic Non Government;1.3250;AA;1.0000000;52510100;CH;000458
2026-01-30;SBR14D;SBI AAA-BBB D;CH0027441929;Duration;CHF;;;;;7.12;1988;;;;138001137;CH1380011374;CH38001137=S;1.775 PLAZZA  24-29;100000000;102.9500000;0.3106250;0.985;3.723;103260625;103260625;;2024-12-02;2028-11-30;2025-11-27;2026-11-27;Maturity;2029-11-27;2029-11-27;100.0;100.0;3.91;Domestic Non Government;1.7750;BBB;1.0000000;76015100;CH;020364
2026-01-30;SBR14D;SBI AAA-BBB D;CH0027441929;Duration;CHF;;;;;7.12;1988;;;;137390438;CH1373904387;CH37390438=S;1.30  kenova AG 24-34;100000000;102.7500000;0.4477778;0.967;8.215;103197778;103197778;;2024-10-01;2033-09-30;2025-09-26;2026-09-26;Maturity;2034-09-26;2034-09-26;100.0;100.0;8.74;Domestic Non Government;1.3000;A;1.0000000;72015100;CH;021188
2026-01-30;SBR14D;SBI AAA-BBB D;CH0027441929;Duration;CHF;;;;;7.12;1988;;;;135785265;CH1357852651;CH35785265=S;1.6925 STADRA 24-29;100000000;102.2500000;0.9308750;0.975;3.115;103180875;103180875;;2024-08-02;2028-04-28;2025-07-12;2026-07-12;Next Call;2029-04-12;2029-07-12;100.0;100.0;3.28;Domestic Non Government;1.6925;BBB;1.0000000;72010100;CH;020799
2026-01-30;SBR14D;SBI AAA-BBB D;CH0027441929;Duration;CHF;;;;;7.12;1988;;;;18248411;CH0182484110;CH18248411=S;1.625 ZKB 12-27;100000000;101.6900000;1.3000000;0.213;1.184;102990000;102990000;;2012-05-02;2026-04-30;2025-04-12;2026-04-12;Maturity;2027-04-12;2027-04-12;100.0;100.0;1.28;Domestic Non Government;1.6250;AAA;1.0000000;52510100;CH;000210
2026-01-30;SBR14D;SBI AAA-BBB D;CH0027441929;Duration;CHF;;;;;7.12;1988;;;;121640008;CH1216400080;CH21640008=S;1.66 AUCKL 22-27;100000000;102.4000000;0.4703333;0.257;1.701;102870333;102870333;;2022-11-01;2026-10-30;2025-10-18;2026-10-18;Maturity;2027-10-18;2027-10-18;100.0;100.0;1.80;Foreign Government;1.6600;AA;1.0000000;52515100;NZ;019857
2026-01-30;SBR14D;SBI AAA-BBB D;CH0027441929;Duration;CHF;;;;;7.12;1988;;;;118752048;CH1187520486;CH18752048=S;1.878 HYUNDCS 22-27;100000000;101.6700000;1.1789667;0.651;1.354;102848967;102848967;;2022-07-01;2026-06-30;2025-06-14;2026-06-14;Maturity;2027-06-14;2027-06-14;100.0;100.0;1.45;Foreign Corporate;1.8780;A;1.0000000;72510100;KR;019063
2026-01-30;SBR14D;SBI AAA-BBB D;CH0027441929;Duration;CHF;;;;;7.12;1988;;;;137558810;CH1375588105;CH37558810=S;1.10 FR KB 24-31;100000000;102.4000000;0.4308333;0.662;5.450;102830833;102830833;;2024-10-01;2030-09-30;2025-09-09;2026-09-09;Maturity;2031-09-09;2031-09-09;100.0;100.0;5.69;Domestic Non Government;1.1000;AA;1.0000000;52510100;CH;002995
2026-01-30;SBR14D;SBI AAA-BBB D;CH0027441929;Duration;CHF;;;;;7.12;1988;;;;139784684;CH1397846846;CH39784684=S;1.40 GR DI 25-35;100000000;101.4000000;1.3300000;1.235;8.452;102730000;102730000;;2025-03-03;2034-02-28;2025-02-18;2026-02-16;Maturity;2035-02-16;2035-02-16;100.0;100.0;9.12;Domestic Non Government;1.4000;BBB;1.0000000;75510100;CH;001303
2026-01-30;SBR14D;SBI AAA-BBB D;CH0027441929;Duration;CHF;;;;;7.12;1988;;;;121171315;CH1211713156;CH21171315=S;1.607 CREAGR 22-27;100000000;102.1500000;0.5670903;0.297;1.632;102717090;102717090;;2022-10-03;2026-09-30;2025-09-23;2026-09-23;Maturity;2027-09-23;2027-09-23;100.0;100.0;1.73;Domestic Non Government;1.6075;AAA;1.0000000;61515100;CH;020901
2026-01-30;SBR14D;SBI AAA-BBB D;CH0027441929;Duration;CHF;;;;;7.12;1988;;;;138119710;CH1381197107;CH38119710=S;1.42 HIAG 25-30;100000000;101.6000000;1.0926111;1.031;4.094;102692611;102692611;;2025-02-03;2029-04-30;2025-04-23;2026-04-23;Maturity;2030-04-23;2030-04-23;100.0;100.0;4.31;Domestic Non Government;1.4200;BBB;1.0000000;76015100;CH;020234
2026-01-30;SBR14D;SBI AAA-BBB D;CH0027441929;Duration;CHF;;;;;7.12;1988;;;;129160193;CH1291601933;CH29160193=S;1.462 CREAGR 24-27;100000000;101.4400000;1.2390625;0.210;1.139;102679062;102679062;;2024-04-02;2026-03-31;2025-03-25;2026-03-25;Maturity;2027-03-25;2027-03-25;100.0;100.0;1.23;Domestic Non Government;1.4625;AAA;1.0000000;61515100;CH;020901
2026-01-30;SBR14D;SBI AAA-BBB D;CH0027441929;Duration;CHF;;;;;7.12;1988;;;;14213203;CH0142132031;CH14213203=S;1.50 KT GE 12-28;100000000;102.6500000;0.0125000;0.166;1.977;102662500;102662500;;2012-02-01;2027-01-29;2026-01-27;2027-01-27;Maturity;2028-01-27;2028-01-27;100.0;100.0;2.07;Domestic Non Government;1.5000;AA;1.0000000;52515100;CH;001105
2026-01-30;SBR14D;SBI AAA-BBB D;CH0027441929;Duration;CHF;;;;;7.12;1988;;;;137173678;CH1371736781;CH37173678=S;1.2925 DNB 24-31;100000000;101.4500000;1.1668403;0.930;3.973;102616840;102616840;;2024-10-01;2029-03-30;2025-03-05;2026-03-05;Next Call;2030-03-05;2031-03-05;100.0;100.0;4.18;Foreign Corporate;1.2925;AA;1.0000000;74010100;NO;019504
2026-01-30;SBR14D;SBI AAA-BBB D;CH0027441929;Duration;CHF;;;;;7.12;1988;;;;138392742;CH1383927428;CH38392742=S;1 AKB 24-30;100000000;102.2500000;0.2861111;0.516;4.617;102536111;102536111;;2024-11-01;2029-10-31;2025-10-17;2026-10-17;Maturity;2030-10-17;2030-10-17;100.0;100.0;4.79;Domestic Non Government;1.0000;AAA;1.0000000;52510100;CH;000123
2026-01-30;SBR14D;SBI AAA-BBB D;CH0027441929;Duration;CHF;;;;;7.12;1988;;;;139139246;CH1391392466;CH39139246=S;1.6 MHB 24-29;100000000;102.1500000;0.3777778;1.015;3.672;102527778;102527778;;2024-12-02;2028-11-30;2025-11-05;2026-11-05;Maturity;2029-11-05;2029-11-05;100.0;100.0;3.84;Foreign Corporate;1.6000;A;1.0000000;74015100;DE;010705
2026-01-30;SBR14D;SBI AAA-BBB D;CH0027441929;Duration;CHF;;;;;7.12;1988;;;;141400354;CH1414003546;CH41400354=S;1.375 MHB 25-31;100000000;101.2500000;1.2375000;1.121;4.902;102487500;102487500;;2025-04-01;2030-03-29;2025-03-06;2026-03-06;Maturity;2031-03-06;2031-03-06;100.0;100.0;5.18;Foreign Corporate;1.3750;A;1.0000000;74015100;DE;010705
2026-01-30;SBR14D;SBI AAA-BBB D;CH0027441929;Duration;CHF;;;;;7.12;1988;;;;120425975;CH1204259753;CH20425975=S;0.875 Asian 22-29;100000000;102.1500000;0.3329861;0.277;3.568;102482986;102482986;;2022-10-03;2028-09-29;2025-09-13;2026-09-13;Maturity;2029-09-13;2029-09-13;100.0;100.0;3.70;Foreign Supranational;0.8750;AAA;1.0000000;51515100;PH;010846
2026-01-30;SBR14D;SBI AAA-BBB D;CH0027441929;Duration;CHF;;;;;7.12;1988;;;;130611715;CH1306117156;CH30611715=S;1.30 ZH 24-47;100585000;101.8500000;0.0144444;1.200;18.529;102460351;102460351;;2024-02-01;2046-01-31;2026-01-26;2027-01-26;Maturity;2047-01-26;2047-01-26;100.0;100.0;21.07;Domestic Non Government;1.3000;AAA;1.0000000;53015100;CH;001146
2026-01-30;SBR14D;SBI AAA-BBB D;CH0027441929;Duration;CHF;;;;;7.12;1988;;;;121171320;CH1211713206;CH21171320=S;1.35 LBK 22-27;100000000;102.0000000;0.4500000;0.148;1.654;102450000;102450000;;2022-10-03;2026-09-30;2025-09-30;2026-09-30;Maturity;2027-09-30;2027-09-30;100.0;100.0;1.75;Foreign Corporate;1.3500;AAA;1.0000000;52510100;DE;011787
2026-01-30;SBR14D;SBI AAA-BBB D;CH0027441929;Duration;CHF;;;;;7.12;1988;;;;142885592;CH1428855923;CH42885592=S;1.3125 ATHENE 25-30;100000000;101.3000000;1.1375000;0.990;4.007;102437500;102437500;;2025-04-01;2029-03-30;2025-03-18;2026-03-18;Maturity;2030-03-18;2030-03-18;100.0;100.0;4.21;Foreign Corporate;1.3125;A;1.0000000;62510100;US;020906
2026-01-30;SBR14D;SBI AAA-BBB D;CH0027441929;Duration;CHF;;;;;7.12;1988;;;;119966000;CH1199660007;CH19966000=S;1.125 St. LU 22-28;100000000;101.9500000;0.4656250;0.366;2.553;102415625;102415625;;2022-09-20;2027-09-30;2025-09-01;2026-09-01;Maturity;2028-09-01;2028-09-01;100.0;100.0;2.67;Domestic Non Government;1.1250;AA;1.0000000;53015100;CH;001136
2026-01-30;SBR14D;SBI AAA-BBB D;CH0027441929;Duration;CHF;;;;;7.12;1988;;;;117918440;CH1179184408;CH17918440=S;1.125 BKW 22-29;100000000;101.5500000;0.8531250;0.640;3.176;102403125;102403125;;2022-05-02;2028-04-28;2025-04-27;2026-04-27;Maturity;2029-04-27;2029-04-27;100.0;100.0;3.32;Domestic Non Government;1.1250;A;1.0000000;75510100;CH;019547
2026-01-30;SBR14D;SBI AAA-BBB D;CH0027441929;Duration;CHF;;;;;7.12;1988;;;;140547208;CH1405472080;CH40547208=S;1 URKB 25-34;100000000;101.4000000;0.9833333;0.819;7.672;102383333;102383333;;2025-03-03;2033-02-28;2025-02-06;2026-02-06;Maturity;2034-02-06;2034-02-06;100.0;100.0;8.10;Domestic Non Government;1.0000;AA;1.0000000;52510100;CH;020542
2026-01-30;SBR14D;SBI AAA-BBB D;CH0027441929;Duration;CHF;;;;;7.12;1988;;;;133111344;CH1331113444;CH33111344=S;1.25 STGA 24-27;100000000;101.2200000;1.1180556;0.145;1.093;102338056;102338056;;2024-04-02;2026-03-31;2025-03-08;2026-03-08;Maturity;2027-03-08;2027-03-08;100.0;100.0;1.19;Domestic Non Government;1.2500;AA;1.0000000;53015100;CH;002369
2026-01-30;SBR14D;SBI AAA-BBB D;CH0027441929;Duration;CHF;;;;;7.12;1988;;;;140000002;CH1400000027;CH40000002=S;1.205 ENGIE 25-29;100000000;101.3500000;0.9673472;0.776;3.127;102317347;102317347;;2025-05-02;2028-04-28;2025-04-11;2026-04-11;Maturity;2029-04-11;2029-04-11;100.0;100.0;3.28;Foreign Corporate;1.2050;BBB;1.0000000;75510100;FR;020644
2026-01-30;SBR14D;SBI AAA-BBB D;CH0027441929;Duration;CHF;;;;;7.12;1988;;;;134930294;CH1349302948;CH34930294=S;1.125 KBNW 24-34;100000000;102.0500000;0.2406250;0.881;8.401;102290625;102290625;;2024-12-02;2033-11-30;2025-11-13;2026-11-13;Maturity;2034-11-13;2034-11-13;100.0;100.0;8.87;Domestic Non Government;1.1250;AA;1.0000000;52510100;CH;020451
2026-01-30;SBR14D;SBI AAA-BBB D;CH0027441929;Duration;CHF;;;;;7.12;1988;;;;147485705;CH1474857054;CH47485705=S;1.365 SULZER 25-32;100000000;101.7000000;0.5042917;1.097;6.357;102204292;102204292;;2025-10-01;2031-09-30;2025-09-17;2026-09-17;Maturity;2032-09-17;2032-09-17;100.0;100.0;6.71;Domestic Non Government;1.3650;BBB;1.0000000;72010100;CH;001421
2026-01-30;SBR14D;SBI AAA-BBB D;CH0027441929;Duration;CHF;;;;;7.12;1988;;;;141400342;CH1414003421;CH41400342=S;1.21 INTERSHOP 25-28;100000000;101.0000000;1.1730278;0.712;1.995;102173028;102173028;;2025-03-03;2027-02-26;2025-02-11;2026-02-11;Maturity;2028-02-11;2028-02-11;100.0;100.0;2.11;Domestic Non Government;1.2100;BBB;1.0000000;76015100;CH;001243
2026-01-30;SBR14D;SBI AAA-BBB D;CH0027441929;Duration;CHF;;;;;7.12;1988;;;;54576652;CH0545766526;CH54576652=S;1.125 WFC 20-28;100000000;101.4000000;0.7625000;0.517;2.289;102162500;102162500;;2020-06-02;2027-05-31;2025-05-26;2026-05-26;Maturity;2028-05-26;2028-05-26;100.0;100.0;2.40;Foreign Corporate;1.1250;A;1.0000000;74010100;US;014590
2026-01-30;SBR14D;SBI AAA-BBB D;CH0027441929;Duration;CHF;;;;;7.12;1988;;;;134930293;CH1349302930;CH34930293=S;0.975 CREAGR 24-29;100000000;101.3500000;0.7502083;0.552;3.174;102100208;102100208;;2024-11-01;2028-04-28;2025-04-23;2026-04-23;Maturity;2029-04-23;2029-04-23;100.0;100.0;3.31;Domestic Non Government;0.9750;AAA;1.0000000;61515100;CH;020901
2026-01-30;SBR14D;SBI AAA-BBB D;CH0027441929;Duration;CHF;;;;;7.12;1988;;;;132150833;CH1321508330;CH32150833=S;1.50 CDM 24-39;100000000;101.0000000;1.0250000;1.417;12.056;102025000;102025000;;2024-06-03;2038-05-31;2025-05-24;2026-05-24;Maturity;2039-05-24;2039-05-24;100.0;100.0;13.40;Foreign Government;1.5000;A;1.0000000;52015100;FR;015494
2026-01-30;SBR14D;SBI AAA-BBB D;CH0027441929;Duration;CHF;;;;;7.12;1988;;;;133585032;CH1335850322;CH33585032=S;1.557 EQINIX 24-29;100000000;101.2500000;0.6316528;1.174;3.265;101881653;101881653;;2024-10-01;2028-06-30;2025-09-04;2026-09-04;Next Call;2029-06-04;2029-09-04;100.0;100.0;3.42;Foreign Corporate;1.5575;BBB;1.0000000;74515100;US;021135
2026-01-30;SBR14D;SBI AAA-BBB D;CH0027441929;Duration;CHF;;;;;7.12;1988;;;;11186206;CH0111862063;CH11186206=S;2.875 CFFL 10-30;100000000;99.6500000;2.2121528;2.962;3.958;101862153;101862153;;2010-05-03;2029-04-30;2025-04-23;2026-04-23;Maturity;2030-04-23;2030-04-23;100.0;100.0;4.31;Foreign Government;2.8750;AAA;1.0000000;52015100;FR;019879
2026-01-30;SBR14D;SBI AAA-BBB D;CH0027441929;Duration;CHF;;;;;7.12;1988;;;;143501209;CH1435012096;CH43501209=S;1 BERN 25-35;100000000;101.1000000;0.7500000;0.876;8.819;101850000;101850000;;2025-05-02;2034-04-28;2025-04-30;2026-04-30;Maturity;2035-04-30;2035-04-30;100.0;100.0;9.33;Domestic Non Government;1.0000;AA;1.0000000;53015100;CH;001126
2026-01-30;SBR14D;SBI AAA-BBB D;CH0027441929;Duration;CHF;;;;;7.12;1988;;;;143698136;CH1436981364;CH43698136=S;0.9425 AKAH 25-34;100000000;101.0000000;0.7409097;0.816;7.887;101740910;101740910;;2025-05-02;2033-04-29;2025-04-17;2026-04-17;Maturity;2034-04-17;2034-04-17;100.0;100.0;8.29;Foreign Government;0.9425;AA;1.0000000;52015100;SE;011244
2026-01-30;SBR14D;SBI AAA-BBB D;CH0027441929;Duration;CHF;;;;;7.12;1988;;;;43467843;CH0434678436;CH434678436=S;1.20 LAU 18-37;100000000;101.4000000;0.3133333;1.072;10.993;101713333;101713333;;2018-11-01;2036-10-31;2025-10-26;2026-10-26;Maturity;2037-10-26;2037-10-26;100.0;100.0;11.82;Domestic Non Government;1.2000;AA;1.0000000;53015100;CH;001133
2026-01-30;SBR14D;SBI AAA-BBB D;CH0027441929;Duration;CHF;;;;;7.12;1988;;;;136140187;CH1361401875;CH36140187=S;1.20 SCM 24-35;100000000;101.2000000;0.4900000;1.064;8.854;101690000;101690000;;2024-10-01;2034-06-30;2025-09-03;2026-09-03;Next Call;2035-06-03;2035-09-03;100.0;100.0;9.42;Domestic Non Government;1.2000;A;1.0000000;75010100;CH;010711
2026-01-30;SBR14D;SBI AAA-BBB D;CH0027441929;Duration;CHF;;;;;7.12;1988;;;;139290359;CH1392903592;CH39290359=S;1.625 AMAG 24-28;100000000;101.5000000;0.1895833;1.093;2.836;101689583;101689583;;2025-01-03;2027-12-31;2025-12-18;2026-12-18;Maturity;2028-12-18;2028-12-18;100.0;100.0;2.96;Domestic Non Government;1.6250;BBB;1.0000000;74015100;CH;020626
2026-01-30;SBR14D;SBI AAA-BBB D;CH0027441929;Duration;CHF;;;;;7.12;1988;;;;141350853;CH1413508537;CH41350853=S;0.745 ASINFRA 25-33;100000000;100.9000000;0.7243056;0.614;6.825;101624306;101624306;;2025-03-03;2032-02-27;2025-02-10;2026-02-10;Maturity;2033-02-10;2033-02-10;100.0;100.0;7.11;Foreign Supranational;0.7450;AAA;1.0000000;51515100;CN;021129
2026-01-30;SBR14D;SBI AAA-BBB D;CH0027441929;Duration;CHF;;;;;7.12;1988;;;;138091037;CH1380910377;CH38091037=S;1.5 INTERSHOP 24-29;100000000;101.2500000;0.3416667;1.159;3.685;101591667;101591667;;2024-12-02;2028-11-30;2025-11-08;2026-11-08;Maturity;2029-11-08;2029-11-08;100.0;100.0;3.85;Domestic Non Government;1.5000;BBB;1.0000000;76015100;CH;001243
2026-01-30;SBR14D;SBI AAA-BBB D;CH0027441929;Duration;CHF;;;;;7.12;1988;;;;117779187;CH1177791873;CH17779187=S;0.732 SCOTIA 22-29;100000000;101.0000000;0.5595486;0.421;3.193;101559549;101559549;;2022-05-02;2028-04-28;2025-04-25;2026-04-25;Maturity;2029-04-25;2029-04-25;100.0;100.0;3.32;Foreign Corporate;0.7325;AAA;1.0000000;61515100;CA;002748
2026-01-30;SBR14D;SBI AAA-BBB D;CH0027441929;Duration;CHF;;;;;7.12;1988;;;;142303683;CH1423036834;CH42303683=S;0.7725 KGC 25-30;100000000;100.8500000;0.6802292;0.563;4.044;101530229;101530229;;2025-04-01;2029-03-30;2025-03-13;2026-03-13;Maturity;2030-03-13;2030-03-13;100.0;100.0;4.20;Foreign Corporate;0.7725;AA;1.0000000;71010100;KR;019206
2026-01-30;SBR14D;SBI AAA-BBB D;CH0027441929;Duration;CHF;;;;;7.12;1988;;;;146222990;CH1462229902;CH46222990=S;0.952 St. LU 25-35;100000000;101.0500000;0.4550833;0.837;9.111;101505083;101505083;;2025-08-19;2034-08-31;2025-08-08;2026-08-08;Maturity;2035-08-08;2035-08-08;100.0;100.0;9.60;Domestic Non Government;0.9525;AA;1.0000000;53015100;CH;001136
2026-01-30;SBR14D;SBI AAA-BBB D;CH0027441929;Duration;CHF;;;;;7.12;1988;;;;138392473;CH1383924730;CH38392473=S;0.933 CREAGR 25-32;100000000;100.7000000;0.7937300;0.817;5.960;101493730;101493730;;2025-02-03;2031-03-31;2025-03-24;2026-03-24;Maturity;2032-03-24;2032-03-24;100.0;100.0;6.23;Domestic Non Government;0.9338;AAA;1.0000000;61515100;CH;020901
2026-01-30;SBR14D;SBI AAA-BBB D;CH0027441929;Duration;CHF;;;;;7.12;1988;;;;40195682;CH0401956823;CH040195682=S;1.10 LAU 18-38;100000000;100.4500000;0.9625000;1.060;11.312;101412500;101412500;;2018-04-03;2037-03-31;2025-03-15;2026-03-15;Maturity;2038-03-15;2038-03-15;100.0;100.0;12.21;Domestic Non Government;1.1000;AA;1.0000000;53015100;CH;001133
2026-01-30;SBR14D;SBI AAA-BBB D;CH0027441929;Duration;CHF;;;;;7.12;1988;;;;140547202;CH1405472023;CH40547202=S;1.10 INVESH 25-28;100000000;100.3500000;1.0572222;0.926;2.006;101407222;101407222;;2025-03-03;2027-02-26;2025-02-14;2026-02-14;Maturity;2028-02-14;2028-02-14;100.0;100.0;2.12;Domestic Non Government;1.1000;BBB;1.0000000;76015100;CH;020477
2026-01-30;SBR14D;SBI AAA-BBB D;CH0027441929;Duration;CHF;;;;;7.12;1988;;;;138001124;CH1380011242;CH38001124=S;0.985 KOROCE 24-28;100000000;101.1500000;0.2462500;0.562;2.721;101396250;101396250;;2024-11-01;2027-10-29;2025-10-30;2026-10-30;Maturity;2028-10-30;2028-10-30;100.0;100.0;2.83;Foreign Government;0.9850;AA;1.0000000;52015100;KR;021206
2026-01-30;SBR14D;SBI AAA-BBB D;CH0027441929;Duration;CHF;;;;;7.12;1988;;;;149462634;CH1494626349;CH49462634=S;2.20 CLA 25-34;100000000;100.8500000;0.3788889;2.088;7.675;101228889;101228889;;2025-12-01;2033-05-31;2025-11-28;2026-05-29;Maturity;2034-05-29;2034-05-29;100.0;100.0;8.41;Domestic Non Government;2.2000;BBB;1.0000000;71510100;CH;010039
2026-01-30;SBR14D;SBI AAA-BBB D;CH0027441929;Duration;CHF;;;;;7.12;1988;;;;46123894;CH0461238948;CH46123894=S;1.625 VLB 19-29;100000000;100.8000000;0.2753472;1.409;3.736;101075347;101075347;;2019-12-02;2028-11-30;2025-11-29;2026-11-29;Maturity;2029-11-29;2029-11-29;100.0;100.0;3.91;Foreign Corporate;1.6250;BBB;1.0000000;74010200;AT;020665
2026-01-30;SBR14D;SBI AAA-BBB D;CH0027441929;Duration;CHF;;;;;7.12;1988;;;;139051698;CH1390516982;CH39051698=S;0.71 AUCKL 24-28;100000000;100.9000000;0.1242500;0.389;2.804;101024250;101024250;;2024-12-02;2027-11-30;2025-11-27;2026-11-27;Maturity;2028-11-27;2028-11-27;100.0;100.0;2.91;Foreign Government;0.7100;AA;1.0000000;52515100;NZ;019857
2026-01-30;SBR14D;SBI AAA-BBB D;CH0027441929;Duration;CHF;;;;;7.12;1988;;;;144645232;CH1446452323;CH44645232=S;0.95 PSP 25-31;100000000;100.6500000;0.3536111;0.831;5.489;101003611;101003611;;2025-07-01;2030-09-30;2025-09-16;2026-09-16;Maturity;2031-09-16;2031-09-16;100.0;100.0;5.71;Domestic Non Government;0.9500;A;1.0000000;76015100;CH;011129
2026-01-30;SBR14D;SBI AAA-BBB D;CH0027441929;Duration;CHF;;;;;7.12;1988;;;;145081016;CH1450810168;CH450810168=S;1.1875 BDC 25-31;100000000;100.3000000;0.6432292;1.130;5.285;100943229;100943229;;2025-08-04;2030-07-31;2025-07-15;2026-07-15;Maturity;2031-07-15;2031-07-15;100.0;100.0;5.54;Foreign Corporate;1.1875;A;1.0000000;74010100;CL;019388
2026-01-30;SBR14D;SBI AAA-BBB D;CH0027441929;Duration;CHF;;;;;7.12;1988;;;;142401953;CH1424019532;CH42401953=S;1 TI KB 25-35;100000000;100.3000000;0.5972222;0.966;8.970;100897222;100897222;;2025-07-01;2034-06-30;2025-06-25;2026-06-25;Maturity;2035-06-25;2035-06-25;100.0;100.0;9.48;Domestic Non Government;1.0000;AA;1.0000000;52510100;CH;001220
2026-01-30;SBR14D;SBI AAA-BBB D;CH0027441929;Duration;CHF;;;;;7.12;1988;;;;44659569;CH0446595693;CH44659569=S;0.95 BLSAG 18-39;100000000;100.7500000;0.1266667;0.892;13.046;100876667;100876667;;2019-01-03;2038-12-31;2025-12-12;2026-12-12;Maturity;2039-12-12;2039-12-12;100.0;100.0;13.95;Domestic Non Government;0.9500;AAA;1.0000000;52010100;CH;020771
2026-01-30;SBR14D;SBI AAA-BBB D;CH0027441929;Duration;CHF;;;;;7.12;1988;;;;44100441;CH0441004410;CH44100441=S;0.75 KT NE 18-33;100000000;100.7000000;0.1291667;0.658;7.623;100829167;100829167;;2018-12-03;2032-11-30;2025-11-28;2026-11-28;Maturity;2033-11-28;2033-11-28;100.0;100.0;7.91;Domestic Non Government;0.7500;AA;1.0000000;52515100;CH;001108
2026-01-30;SBR14D;SBI AAA-BBB D;CH0027441929;Duration;CHF;;;;;7.12;1988;;;;27058620;CH0270586206;CH27058620=S;0.625 LAU 15-30;100000000;100.2500000;0.5659722;0.563;4.033;100815972;100815972;;2015-04-01;2029-03-30;2025-03-04;2026-03-04;Maturity;2030-03-04;2030-03-04;100.0;100.0;4.17;Domestic Non Government;0.6250;AA;1.0000000;53015100;CH;001133
2026-01-30;SBR14D;SBI AAA-BBB D;CH0027441929;Duration;CHF;;;;;7.12;1988;;;;147140379;CH1471403795;CH47140379=S;1.25 ZUGES 25-32;100000000;100.3500000;0.4340278;1.195;6.379;100784028;100784028;;2025-10-01;2031-09-30;2025-09-25;2026-09-17;Maturity;2032-09-17;2032-09-17;100.0;100.0;6.71;Domestic Non Government;1.2500;BBB;1.0000000;76015100;CH;019660
2026-01-30;SBR14D;SBI AAA-BBB D;CH0027441929;Duration;CHF;;;;;7.12;1988;;;;115488714;CH1154887140;CH15488714=S;1 HOLHEL 22-32;100000000;100.7500000;0.0305556;0.865;5.586;100780556;100780556;;2022-02-01;2030-10-31;2026-01-19;2027-01-19;Next Call;2031-10-19;2032-01-19;100.0;100.0;5.80;Domestic Non Government;1.0000;BBB;1.0000000;71510100;CH;020962
2026-01-30;SBR14D;SBI AAA-BBB D;CH0027441929;Duration;CHF;;;;;7.12;1988;;;;41904107;CH0419041071;CH41904107=S;0.625 BIE 19-27;100000000;100.2800000;0.5000000;0.391;1.194;100780000;100780000;;2019-05-02;2026-04-30;2025-04-12;2026-04-12;Maturity;2027-04-12;2027-04-12;100.0;100.0;1.28;Domestic Non Government;0.6250;A;1.0000000;53015100;CH;001127
2026-01-30;SBR14D;SBI AAA-BBB D;CH0027441929;Duration;CHF;;;;;7.12;1988;;;;37347612;CH0373476123;CH37347612=S;1 SG KB 17-27;100000000;100.5500000;0.1666667;0.697;1.823;100716667;100716667;;2017-12-01;2026-11-30;2025-11-30;2026-11-30;Maturity;2027-11-30;2027-11-30;100.0;100.0;1.91;Domestic Non Government;1.0000;A;1.0000000;74010200;CH;000371
2026-01-30;SBR14D;SBI AAA-BBB D;CH0027441929;Duration;CHF;;;;;7.12;1988;;;;140006453;CH1400064536;CH40006453=S;0.715 COMP FIN 25-30;100000000;100.7000000;0.0119167;0.537;3.941;100711917;100711917;;2025-02-03;2029-01-31;2026-01-24;2027-01-24;Maturity;2030-01-24;2030-01-24;100.0;100.0;4.06;Foreign Corporate;0.7150;AAA;1.0000000;61510100;FR;001556
2026-01-30;SBR14D;SBI AAA-BBB D;CH0027441929;Duration;CHF;;;;;7.12;1988;;;;145599012;CH1455990122;CH45599012=S;0.70 MHB 25-32;100000000;100.3500000;0.3422222;0.643;6.127;100692222;100692222;;2025-09-01;2031-05-30;2025-08-04;2026-05-04;Maturity;2032-05-04;2032-05-04;100.0;100.0;6.34;Foreign Corporate;0.7000;AAA;1.0000000;61010100;DE;010705
2026-01-30;SBR14D;SBI AAA-BBB D;CH0027441929;Duration;CHF;;;;;7.12;1988;;;;138392472;CH1383924722;CH38392472=S;0.74 CREAGR 25-28;100000000;100.6000000;0.0123333;0.435;1.976;100612333;100612333;;2025-02-03;2027-01-29;2026-01-24;2027-01-24;Maturity;2028-01-24;2028-01-24;100.0;100.0;2.06;Domestic Non Government;0.7400;AAA;1.0000000;61515100;CH;020901
2026-01-30;SBR14D;SBI AAA-BBB D;CH0027441929;Duration;CHF;;;;;7.12;1988;;;;148733207;CH1487332079;CH48733207=S;1.035 BDEDC 25-30;100000000;100.3500000;0.2616250;0.959;4.646;100611625;100611625;;2025-11-03;2029-10-31;2025-10-29;2026-10-29;Maturity;2030-10-29;2030-10-29;100.0;100.0;4.83;Foreign Corporate;1.0350;A;1.0000000;74010100;CL;020568
2026-01-30;SBR14D;SBI AAA-BBB D;CH0027441929;Duration;CHF;;;;;7.12;1988;;;;142016017;CH1420160173;CH42016017=S;0.415 LWB 25-30;100000000;100.2000000;0.3758056;0.366;4.053;100575806;100575806;;2025-04-01;2029-03-30;2025-03-04;2026-03-04;Maturity;2030-03-04;2030-03-04;100.0;100.0;4.17;Foreign Corporate;0.4150;AAA;1.0000000;52510100;DE;002867
2026-01-30;SBR14D;SBI AAA-BBB D;CH0027441929;Duration;CHF;;;;;7.12;1988;;;;41904108;CH0419041089;CH41904108=S;1.03 BIE 19-34;100000000;99.7500000;0.8240000;1.062;7.841;100574000;100574000;;2019-05-02;2033-04-29;2025-04-12;2026-04-12;Maturity;2034-04-12;2034-04-12;100.0;100.0;8.28;Domestic Non Government;1.0300;A;1.0000000;53015100;CH;001127
2026-01-30;SBR14D;SBI AAA-BBB D;CH0027441929;Duration;CHF;;;;;7.12;1988;;;;55333189;CH0553331890;CH55333189=S;0.93 KKWGD 20-27;100000000;100.2500000;0.3100000;0.778;1.657;100560000;100560000;;2020-10-01;2026-09-30;2025-09-30;2026-09-30;Maturity;2027-09-30;2027-09-30;100.0;100.0;1.75;Domestic Non Government;0.9300;BBB;1.0000000;75510100;CH;020138
2026-01-30;SBR14D;SBI AAA-BBB D;CH0027441929;Duration;CHF;;;;;7.12;1988;;;;44659568;CH0446595685;CH44659568=S;0.40 BLSAG 18-28;100000000;100.5000000;0.0533333;0.225;2.855;100553333;100553333;;2019-01-03;2027-12-31;2025-12-12;2026-12-12;Maturity;2028-12-12;2028-12-12;100.0;100.0;2.95;Domestic Non Government;0.4000;AAA;1.0000000;52010100;CH;020771
2026-01-30;SBR14D;SBI AAA-BBB D;CH0027441929;Duration;CHF;;;;;7.12;1988;;;;143324123;CH1433241234;CH43324123=S;0.8425 HILTI 25-33;100000000;100.0000000;0.5312431;0.842;7.139;100531243;100531243;;2025-07-01;2032-06-30;2025-06-13;2026-06-13;Maturity;2033-06-13;2033-06-13;100.0;100.0;7.45;Domestic Non Government;0.8425;A;1.0000000;72010100;LI;001459
2026-01-30;SBR14D;SBI AAA-BBB D;CH0027441929;Duration;CHF;;;;;7.12;1988;;;;140006467;CH1400064676;CH40006467=S;0.715 KOMMUB 25-34;100000000;99.8500000;0.6732917;0.734;7.807;100523292;100523292;;2025-03-03;2033-02-28;2025-02-21;2026-02-21;Maturity;2034-02-21;2034-02-21;100.0;100.0;8.14;Foreign Government;0.7150;AAA;1.0000000;52015100;NO;011242
2026-01-30;SBR14D;SBI AAA-BBB D;CH0027441929;Duration;CHF;;;;;7.12;1988;;;;41904080;CH0419040800;CH41904080=S;0.41 KBLU 19-29;100000000;100.1000000;0.4100000;0.376;2.976;100510000;100510000;;2019-02-01;2028-01-31;2025-01-31;2026-01-31;Maturity;2029-01-31;2029-01-31;100.0;100.0;3.08;Domestic Non Government;0.4100;AA;1.0000000;52510100;CH;000431
2026-01-30;SBR14D;SBI AAA-BBB D;CH0027441929;Duration;CHF;;;;;7.12;1988;;;;32071260;CH0320712604;CH32071260=S;0.75 RAI 16-31;100000000;99.9000000;0.5791667;0.769;5.117;100479167;100479167;;2016-05-02;2030-04-30;2025-04-22;2026-04-22;Maturity;2031-04-22;2031-04-22;100.0;100.0;5.31;Domestic Non Government;0.7500;AA;1.0000000;74010100;CH;017757
2026-01-30;SBR14D;SBI AAA-BBB D;CH0027441929;Duration;CHF;;;;;7.12;1988;;;;26969917;CH0269699176;CH26969917=S;0.375 GLARNERK 15-27;100000000;100.1000000;0.3479167;0.281;1.068;100447917;100447917;;2015-03-02;2026-02-27;2025-02-26;2026-02-26;Maturity;2027-02-26;2027-02-26;100.0;100.0;1.15;Domestic Non Government;0.3750;AA;1.0000000;52510100;CH;017104
2026-01-30;SBR14D;SBI AAA-BBB D;CH0027441929;Duration;CHF;;;;;7.12;1988;;;;148733192;CH1487331923;CH1487331923;1.05 AKEB 25-29;100000000;100.1500000;0.2800000;1.009;3.671;100430000;100430000;;2025-11-03;2028-10-31;2025-10-24;2026-10-24;Maturity;2029-10-24;2029-10-24;100.0;100.0;3.81;Domestic Non Government;1.0500;A;1.0000000;75510100;CH;001229
2026-01-30;SBR14D;SBI AAA-BBB D;CH0027441929;Duration;CHF;;;;;7.12;1988;;;;126589109;CH1265891098;CH26589109=S;0.70 CLER 25-29;100000000;100.3000000;0.1205556;0.620;3.786;100420556;100420556;;2025-12-01;2028-11-30;2025-11-28;2026-11-28;Maturity;2029-11-28;2029-11-28;100.0;100.0;3.91;Domestic Non Government;0.7000;A;1.0000000;74010100;CH;000228
2026-01-30;SBR14D;SBI AAA-BBB D;CH0027441929;Duration;CHF;;;;;7.12;1988;;;;147843071;CH1478430718;CH47843071=S;0.95 SRG 25-32;100000000;100.1000000;0.3193056;0.934;6.469;100419306;100419306;;2025-10-01;2031-09-30;2025-09-29;2026-09-29;Maturity;2032-09-29;2032-09-29;100.0;100.0;6.74;Domestic Non Government;0.9500;A;1.0000000;75015100;CH;021268
2026-01-30;SBR14D;SBI AAA-BBB D;CH0027441929;Duration;CHF;;;;;7.12;1988;;;;140006454;CH1400064544;CH40006454=S;0.927 COMP FIN 25-34;100000000;100.4000000;0.0154583;0.875;7.731;100415458;100415458;;2025-02-03;2033-01-31;2026-01-24;2027-01-24;Maturity;2034-01-24;2034-01-24;100.0;100.0;8.06;Foreign Corporate;0.9275;AAA;1.0000000;61510100;FR;001556
2026-01-30;SBR14D;SBI AAA-BBB D;CH0027441929;Duration;CHF;;;;;7.12;1988;;;;138119708;CH1381197081;CH38119708=S;0.547 NRW 25-32;100000000;100.4000000;0.0000000;0.480;5.919;100400000;100400000;;2025-02-03;2031-01-31;2026-01-30;2027-01-30;Maturity;2032-01-30;2032-01-30;100.0;100.0;6.08;Foreign Government;0.5475;AA;1.0000000;52515100;DE;011807
2026-01-30;SBR14D;SBI AAA-BBB D;CH0027441929;Duration;CHF;;;;;7.12;1988;;;;147140373;CH1471403738;CH47140373=S;0.50 ZKB 25-29;100000000;100.1500000;0.2305556;0.460;3.755;100380556;100380556;;2025-09-01;2028-11-30;2025-08-14;2026-11-14;Maturity;2029-11-14;2029-11-14;100.0;100.0;3.87;Domestic Non Government;0.5000;AAA;1.0000000;52510100;CH;000210
2026-01-30;SBR14D;SBI AAA-BBB D;CH0027441929;Duration;CHF;;;;;7.12;1988;;;;148582740;CH1485827401;CH48582740=S;0.967 DEKA 25-30 /Z;100000000;100.2500000;0.1182500;0.915;4.783;100368250;100368250;;2026-01-05;2029-12-31;2025-12-16;2026-12-16;Maturity;2030-12-16;2030-12-16;100.0;100.0;4.96;Foreign Corporate;0.9675;A;1.0000000;74010100;DE;012172
2026-01-30;SBR14D;SBI AAA-BBB D;CH0027441929;Duration;CHF;;;;;7.12;1988;;;;114872819;CH1148728194;CH14872819=S;0.75 ZUGES 22-29;100000000;99.7500000;0.5895833;0.829;3.169;100339583;100339583;;2022-03-01;2028-04-28;2025-04-17;2026-04-17;Maturity;2029-04-17;2029-04-17;100.0;100.0;3.29;Domestic Non Government;0.7500;BBB;1.0000000;76015100;CH;019660
2026-01-30;SBR14D;SBI AAA-BBB D;CH0027441929;Duration;CHF;;;;;7.12;1988;;;;36869775;CH0368697758;CH36869775=S;0.50 EMMI 17-29;100000000;100.0000000;0.3041667;0.500;3.362;100304167;100304167;;2017-07-03;2028-06-30;2025-06-21;2026-06-21;Maturity;2029-06-21;2029-06-21;100.0;100.0;3.47;Domestic Non Government;0.5000;A;1.0000000;73015100;CH;019454
2026-01-30;SBR14D;SBI AAA-BBB D;CH0027441929;Duration;CHF;;;;;7.12;1988;;;;36017270;CH0360172701;CH36017270=S;0.575 BDEDC 17-27;100000000;99.8300000;0.4679861;0.719;1.180;100297986;100297986;;2017-05-02;2026-04-30;2025-04-07;2026-04-07;Maturity;2027-04-07;2027-04-07;100.0;100.0;1.27;Foreign Corporate;0.5750;A;1.0000000;74010100;CL;020568
2026-01-30;SBR14D;SBI AAA-BBB D;CH0027441929;Duration;CHF;;;;;7.12;1988;;;;149462622;CH1494626224;CH49462622=S;0.427 KAL 25-28;100000000;100.2000000;0.0914375;0.355;2.773;100291438;100291438;;2025-12-01;2027-11-30;2025-11-13;2026-11-13;Maturity;2028-11-13;2028-11-13;100.0;100.0;2.87;Foreign Corporate;0.4275;AA;1.0000000;72020100;KR;021275
2026-01-30;SBR14D;SBI AAA-BBB D;CH0027441929;Duration;CHF;;;;;7.12;1988;;;;117433572;CH1174335724;CH17433572=S;0.235 NLW 22-27;100000000;100.1000000;0.1866944;0.152;1.203;100286694;100286694;;2022-05-02;2026-04-30;2025-04-14;2026-04-14;Maturity;2027-04-14;2027-04-14;100.0;100.0;1.29;Foreign Government;0.2350;AAA;1.0000000;52015100;NL;010359
2026-01-30;SBR14D;SBI AAA-BBB D;CH0027441929;Duration;CHF;;;;;7.12;1988;;;;48318096;CH0483180961;CH48318096=S;0.625 Orange SA 19-29;100000000;99.9000000;0.3784722;0.655;3.357;100278472;100278472;;2019-07-01;2028-06-30;2025-06-22;2026-06-22;Maturity;2029-06-22;2029-06-22;100.0;100.0;3.48;Foreign Corporate;0.6250;BBB;1.0000000;75010100;FR;020045
2026-01-30;SBR14D;SBI AAA-BBB D;CH0027441929;Duration;CHF;;;;;7.12;1988;;;;116018832;CH1160188327;CH16018832=S;0.565 NAB 22-31;100000000;99.7000000;0.5602917;0.626;4.925;100260292;100260292;;2022-03-01;2030-02-28;2025-02-03;2026-02-03;Maturity;2031-02-03;2031-02-03;100.0;100.0;5.09;Foreign Corporate;0.5650;AA;1.0000000;74010100;AU;001616
2026-01-30;SBR14D;SBI AAA-BBB D;CH0027441929;Duration;CHF;;;;;7.12;1988;;;;148582701;CH1485827013;CH48582701=S;0.75 GROUPE 25-29;100000000;100.0000000;0.2583333;0.750;3.611;100258333;100258333;;2025-10-01;2028-09-29;2025-09-26;2026-09-26;Maturity;2029-09-26;2029-09-26;100.0;100.0;3.74;Domestic Non Government;0.7500;A;1.0000000;75510100;CH;021045
2026-01-30;SBR14D;SBI AAA-BBB D;CH0027441929;Duration;CHF;;;;;7.12;1988;;;;38412512;CH0384125123;CH38412512=S;0.40 HILTI 17-27;100000000;100.1500000;0.0911111;0.315;1.768;100241111;100241111;;2017-12-01;2026-11-30;2025-11-08;2026-11-08;Maturity;2027-11-08;2027-11-08;100.0;100.0;1.85;Domestic Non Government;0.4000;A;1.0000000;72010100;LI;001459
2026-01-30;SBR14D;SBI AAA-BBB D;CH0027441929;Duration;CHF;;;;;7.12;1988;;;;145599004;CH1455990049;CH45599004=S;0.96 EWGKZ 25-32;100000000;99.7000000;0.5333333;1.008;6.245;100233333;100233333;;2025-08-04;2031-07-31;2025-07-10;2026-07-09;Maturity;2032-07-09;2032-07-09;100.0;100.0;6.52;Domestic Non Government;0.9600;A;1.0000000;53015100;CH;020361
2026-01-30;SBR14D;SBI AAA-BBB D;CH0027441929;Duration;CHF;;;;;7.12;1988;;;;37347637;CH0373476370;CH037347637=S;0.625 SCHWEIZSB 18-35;100000000;99.6000000;0.5989583;0.671;8.766;100198958;100198958;;2018-03-01;2034-02-28;2025-02-15;2026-02-15;Maturity;2035-02-15;2035-02-15;100.0;100.0;9.12;Domestic Non Government;0.6250;AAA;1.0000000;52010100;CH;020645
2026-01-30;SBR14D;SBI AAA-BBB D;CH0027441929;Duration;CHF;;;;;7.12;1988;;;;148582738;CH1485827385;CH48582738=S;0.59 CARIBB 25-30;100000000;100.0500000;0.1163611;0.579;4.744;100166361;100166361;;2025-12-01;2029-11-30;2025-11-19;2026-11-19;Maturity;2030-11-19;2030-11-19;100.0;100.0;4.88;Foreign Supranational;0.5900;AA;1.0000000;51515100;AN;020472
2026-01-30;SBR14D;SBI AAA-BBB D;CH0027441929;Duration;CHF;;;;;7.12;1988;;;;145081022;CH1450810226;CH45081022=S;0.517 ROA 25-32;100000000;99.9500000;0.1840000;0.525;6.537;100134000;100134000;;2025-10-01;2031-09-30;2025-09-22;2026-09-22;Maturity;2032-09-22;2032-09-22;100.0;100.0;6.72;Foreign Government;0.5175;AA;1.0000000;51010100;AT;010848
2026-01-30;SBR14D;SBI AAA-BBB D;CH0027441929;Duration;CHF;;;;;7.12;1988;;;;40960634;CH0409606347;CH040960634=S;0.25 KT TI 18-28;100000000;99.9500000;0.1819444;0.272;2.265;100131944;100131944;;2018-05-16;2027-05-31;2025-05-08;2026-05-08;Maturity;2028-05-08;2028-05-08;100.0;100.0;2.35;Domestic Non Government;0.2500;AA;1.0000000;52515100;CH;001111
2026-01-30;SBR14D;SBI AAA-BBB D;CH0027441929;Duration;CHF;;;;;7.12;1988;;;;150389263;CH1503892635;CH50389263=S;0.45 SIKA 25-27;100000000;100.0500000;0.0775000;0.418;1.572;100127500;100127500;;2025-12-01;2026-08-31;2025-11-28;2026-08-27;Maturity;2027-08-27;2027-08-27;100.0;100.0;1.66;Domestic Non Government;0.4500;A;1.0000000;71510100;CH;001287
2026-01-30;SBR14D;SBI AAA-BBB D;CH0027441929;Duration;CHF;;;;;7.12;1988;;;;145239653;CH1452396539;CH45239653=S;0.45 BCJ 25-28;100000000;100.0000000;0.1212500;0.450;2.717;100121250;100121250;;2025-11-03;2027-10-29;2025-10-23;2026-10-23;Maturity;2028-10-23;2028-10-23;100.0;100.0;2.81;Domestic Non Government;0.4500;AA;1.0000000;52510100;CH;000458
2026-01-30;SBR14D;SBI AAA-BBB D;CH0027441929;Duration;CHF;;;;;7.12;1988;;;;143324122;CH1433241226;CH43324122=S;0.40 HILTI 25-29;100000000;99.8500000;0.2522222;0.445;3.346;100102222;100102222;;2025-07-01;2028-06-30;2025-06-13;2026-06-13;Maturity;2029-06-13;2029-06-13;100.0;100.0;3.45;Domestic Non Government;0.4000;A;1.0000000;72010100;LI;001459
2026-01-30;SBR14D;SBI AAA-BBB D;CH0027441929;Duration;CHF;;;;;7.12;1988;;;;116480066;CH1164800661;CH16480066=S;0.45 EKW 22-29;100000000;99.6500000;0.4100000;0.565;3.062;100060000;100060000;;2022-04-01;2028-03-31;2025-03-02;2026-03-02;Maturity;2029-03-02;2029-03-02;100.0;100.0;3.17;Domestic Non Government;0.4500;A;1.0000000;75510100;CH;001309
2026-01-30;SBR14D;SBI AAA-BBB D;CH0027441929;Duration;CHF;;;;;7.12;1988;;;;30576577;CH0305765775;CH30576577=S;0.30 WTHUR 15-27;100000000;100.0000000;0.0416667;0.300;1.858;100041667;100041667;;2015-12-16;2026-12-30;2025-12-10;2026-12-10;Maturity;2027-12-10;2027-12-10;100.0;100.0;1.94;Domestic Non Government;0.3000;AA;1.0000000;53015100;CH;003145
2026-01-30;SBR14D;SBI AAA-BBB D;CH0027441929;Duration;CHF;;;;;7.12;1988;;;;34458384;CH0344583841;CH34458384=S;0.20 KT SO 16-28;100000000;99.9500000;0.0250000;0.217;2.869;99975000;99975000;;2016-12-21;2027-12-31;2025-12-15;2026-12-15;Maturity;2028-12-15;2028-12-15;100.0;100.0;2.96;Domestic Non Government;0.2000;AAA;1.0000000;52515100;CH;001110
2026-01-30;SBR14D;SBI AAA-BBB D;CH0027441929;Duration;CHF;;;;;7.12;1988;;;;139999994;CH1399999940;CH39999994=S;1.162 AGFRAL 25-35;100000000;99.0500000;0.9040111;1.272;8.718;99954011;99954011;;2025-03-03;2034-04-28;2025-04-20;2026-04-20;Maturity;2035-04-20;2035-04-20;100.0;100.0;9.30;Foreign Government;1.1623;A;1.0000000;52015100;FR;021178
2026-01-30;SBR14D;SBI AAA-BBB D;CH0027441929;Duration;CHF;;;;;7.12;1988;;;;144645237;CH1446452372;CH44645237=S;0.90 DIETIK 25-35;100000000;99.4000000;0.5500000;0.967;8.995;99950000;99950000;;2025-07-01;2034-06-30;2025-06-20;2026-06-20;Maturity;2035-06-20;2035-06-20;100.0;100.0;9.47;Domestic Non Government;0.9000;AA;1.0000000;53015100;CH;021250
2026-01-30;SBR14D;SBI AAA-BBB D;CH0027441929;Duration;CHF;;;;;7.12;1988;;;;139632977;CH1396329778;CH39632977=S;0.70 KT SO 24-34;100000000;99.8000000;0.0913889;0.723;8.623;99891389;99891389;;2024-12-17;2033-12-30;2025-12-13;2026-12-13;Maturity;2034-12-13;2034-12-13;100.0;100.0;8.95;Domestic Non Government;0.7000;AAA;1.0000000;52515100;CH;001110
2026-01-30;SBR14D;SBI AAA-BBB D;CH0027441929;Duration;CHF;;;;;7.12;1988;;;;145832039;CH1458320392;CH45832039=S;0.26 STGA 25-28;100000000;99.8000000;0.0693333;0.334;2.726;99869333;99869333;;2025-11-03;2027-10-29;2025-10-24;2026-10-24;Maturity;2028-10-24;2028-10-24;100.0;100.0;2.81;Domestic Non Government;0.2600;AA;1.0000000;53015100;CH;002369
2026-01-30;SBR14D;SBI AAA-BBB D;CH0027441929;Duration;CHF;;;;;7.12;1988;;;;59197965;CH0591979650;CH59197965=S;0 UBSWITZ 21-27;100000000;99.8600000;0.0000000;0.141;0.992;99860000;99860000;;2021-02-01;2026-01-30;2021-01-27;2022-01-27;Maturity;2027-01-27;2027-01-27;100.0;100.0;1.07;Domestic Non Government;0.0000;AAA;1.0000000;61515100;CH;021142
2026-01-30;SBR14D;SBI AAA-BBB D;CH0027441929;Duration;CHF;;;;;7.12;1988;;;;31941612;CH0319416126;CH31941612=S;0.04 BERN 16-27;100000000;99.8200000;0.0333333;0.195;1.166;99853333;99853333;;2016-04-01;2026-03-31;2025-03-31;2026-03-31;Maturity;2027-03-31;2027-03-31;100.0;100.0;1.25;Domestic Non Government;0.0400;AA;1.0000000;53015100;CH;001126
2026-01-30;SBR14D;SBI AAA-BBB D;CH0027441929;Duration;CHF;;;;;7.12;1988;;;;143324126;CH1433241267;CH43324126=S;0.612 St. LU 25-32;100000000;99.4500000;0.3811111;0.701;6.251;99831111;99831111;;2025-06-17;2031-06-30;2025-06-16;2026-06-16;Maturity;2032-06-16;2032-06-16;100.0;100.0;6.46;Domestic Non Government;0.6125;AA;1.0000000;53015100;CH;001136
2026-01-30;SBR14D;SBI AAA-BBB D;CH0027441929;Duration;CHF;;;;;7.12;1988;;;;148733197;CH1487331972;CH48733197=S;0.85 SHKB 25-35;100000000;99.6000000;0.2172222;0.893;9.367;99817222;99817222;;2025-11-03;2034-10-31;2025-10-28;2026-10-26;Maturity;2035-10-26;2035-10-26;100.0;100.0;9.82;Domestic Non Government;0.8500;AAA;1.0000000;52510100;CH;002998
2026-01-30;SBR14D;SBI AAA-BBB D;CH0027441929;Duration;CHF;;;;;7.12;1988;;;;48544596;CH0485445966;CH48544596=S;0.05 KHNP 19-27;100000000;99.7200000;0.0265278;0.241;1.469;99746528;99746528;;2019-08-02;2026-07-31;2025-07-19;2026-07-19;Maturity;2027-07-19;2027-07-19;100.0;100.0;1.55;Foreign Corporate;0.0500;AA;1.0000000;75510100;KR;019638
2026-01-30;SBR14D;SBI AAA-BBB D;CH0027441929;Duration;CHF;;;;;7.12;1988;;;;36830687;CH0368306871;CH36830687=S;0.125 KT LU 17-29;100000000;99.6500000;0.0763889;0.229;3.381;99726389;99726389;;2017-06-21;2028-06-30;2025-06-20;2026-06-20;Maturity;2029-06-20;2029-06-20;100.0;100.0;3.47;Domestic Non Government;0.1250;AA;1.0000000;52515100;CH;001107
2026-01-30;SBR14D;SBI AAA-BBB D;CH0027441929;Duration;CHF;;;;;7.12;1988;;;;41904089;CH0419040891;CH41904089=S;0.50 KT BS 19-34;100000000;99.2500000;0.4694444;0.596;7.883;99719444;99719444;;2019-03-01;2033-02-28;2025-02-22;2026-02-22;Maturity;2034-02-22;2034-02-22;100.0;100.0;8.14;Domestic Non Government;0.5000;AAA;1.0000000;52515100;CH;001102
2026-01-30;SBR14D;SBI AAA-BBB D;CH0027441929;Duration;CHF;;;;;7.12;1988;;;;115984134;CH1159841340;CH15984134=S;0.745 SOGE 22-29;100000000;99.7000000;0.0082778;0.847;2.967;99708278;99708278;;2022-02-01;2027-01-29;2026-01-26;2027-01-26;Maturity;2028-01-26;2029-01-26;100.0;100.0;2.07;Foreign Corporate;0.7450;BBB;1.0000000;74010100;FR;012823
2026-01-30;SBR14D;SBI AAA-BBB D;CH0027441929;Duration;CHF;;;;;7.12;1988;;;;116357293;CH1163572931;CH16357293=S;0.525 PSA 22-32;100000000;99.2000000;0.4797917;0.660;5.977;99679792;99679792;;2022-05-02;2030-03-29;2025-03-01;2026-03-01;Maturity;2032-03-01;2032-03-01;100.0;100.0;6.17;Foreign Government;0.5250;AA;1.0000000;52515100;CA;001492
2026-01-30;SBR14D;SBI AAA-BBB D;CH0027441929;Duration;CHF;;;;;7.12;1988;;;;147766126;CH1477661263;CH47766126=S;0.55 BERN 25-32;100000000;99.4500000;0.1894444;0.635;6.544;99639444;99639444;;2025-10-01;2031-09-30;2025-09-26;2026-09-27;Maturity;2032-09-27;2032-09-27;100.0;100.0;6.74;Domestic Non Government;0.5500;AA;1.0000000;53015100;CH;001126
2026-01-30;SBR14D;SBI AAA-BBB D;CH0027441929;Duration;CHF;;;;;7.12;1988;;;;145418583;CH1454185831;CH45418583=S;1.03 SIDG 25-35;100000000;98.9500000;0.6151389;1.148;8.953;99565139;99565139;;2025-07-01;2034-06-30;2025-06-25;2026-06-25;Maturity;2035-06-25;2035-06-25;100.0;100.0;9.48;Domestic Non Government;1.0300;A;1.0000000;75510100;CH;001415
2026-01-30;SBR14D;SBI AAA-BBB D;CH0027441929;Duration;CHF;;;;;7.12;1988;;;;50666883;CH0506668836;CH50666883=S;0.125 MHB 19-27;100000000;99.5000000;0.0250000;0.404;1.799;99525000;99525000;;2019-12-02;2026-11-30;2025-11-18;2026-11-18;Maturity;2027-11-18;2027-11-18;100.0;100.0;1.88;Foreign Corporate;0.1250;AA;1.0000000;74015100;DE;010705
2026-01-30;SBR14D;SBI AAA-BBB D;CH0027441929;Duration;CHF;;;;;7.12;1988;;;;147485712;CH1474857120;CH47485712=S;0.807 LAU 25-35;100000000;99.2000000;0.2938403;0.894;9.281;99493840;99493840;;2025-10-01;2034-09-29;2025-09-19;2026-09-19;Maturity;2035-09-19;2035-09-19;100.0;100.0;9.72;Domestic Non Government;0.8075;AA;1.0000000;53015100;CH;001133
2026-01-30;SBR14D;SBI AAA-BBB D;CH0027441929;Duration;CHF;;;;;7.12;1988;;;;143420433;CH1434204330;CH43420433=S;1.15 BL KB 25-45 /Z;100000000;99.3500000;0.1373611;1.187;17.786;99487361;99487361;;2026-01-05;2044-11-30;2025-12-17;2026-12-17;Maturity;2045-11-17;2045-11-17;100.0;100.0;19.88;Domestic Non Government;1.1500;AA;1.0000000;52510100;CH;000414
2026-01-30;SBR14D;SBI AAA-BBB D;CH0027441929;Duration;CHF;;;;;7.12;1988;;;;116038289;CH1160382896;CH16038289=S;0.22 CREAGR 22-28;100000000;99.3000000;0.1112222;0.503;2.488;99411222;99411222;;2022-02-01;2027-07-30;2025-07-28;2026-07-28;Maturity;2028-07-28;2028-07-28;100.0;100.0;2.58;Domestic Non Government;0.2200;AAA;1.0000000;61515100;CH;020901
2026-01-30;SBR14D;SBI AAA-BBB D;CH0027441929;Duration;CHF;;;;;7.12;1988;;;;54382717;CH0543827171;CH54382717=S;0.15 KTJU 20-30;100000000;99.3000000;0.1033333;0.314;4.296;99403333;99403333;;2020-06-02;2029-05-31;2025-05-22;2026-05-22;Maturity;2030-05-22;2030-05-22;100.0;100.0;4.39;Domestic Non Government;0.1500;AA;1.0000000;52515100;CH;001449
2026-01-30;SBR14D;SBI AAA-BBB D;CH0027441929;Duration;CHF;;;;;7.12;1988;;;;52888118;CH0528881185;CH52888118=S;0.141 CIBC 20-28;100000000;99.3500000;0.0435367;0.384;2.687;99393537;99393537;;2025-07-01;2027-10-29;2025-10-09;2026-10-09;Maturity;2028-10-09;2028-10-09;100.0;100.0;2.77;Foreign Corporate;0.1412;AAA;1.0000000;61515100;CA;002681
2026-01-30;SBR14D;SBI AAA-BBB D;CH0027441929;Duration;CHF;;;;;7.12;1988;;;;145773801;CH1457738016;CH45773801=S;0.92 SNCFM 25-34;100000000;98.8000000;0.5468889;1.070;8.082;99346889;99346889;;2025-07-01;2033-06-30;2025-06-26;2026-06-26;Maturity;2034-06-26;2034-06-26;100.0;100.0;8.49;Foreign Corporate;0.9200;A;1.0000000;52010100;FR;020316
2026-01-30;SBR14D;SBI AAA-BBB D;CH0027441929;Duration;CHF;;;;;7.12;1988;;;;145081020;CH1450810200;CH45081020=S;0.697 KOMMUB 25-35;100000000;99.0500000;0.2712500;0.801;9.303;99321250;99321250;;2025-10-01;2034-09-29;2025-09-10;2026-09-10;Maturity;2035-09-10;2035-09-10;100.0;100.0;9.69;Foreign Government;0.6975;AAA;1.0000000;52015100;NO;011242
2026-01-30;SBR14D;SBI AAA-BBB D;CH0027441929;Duration;CHF;;;;;7.12;1988;;;;50607128;CH0506071288;CH50607128=S;0.01 AKB 20-28;100000000;99.2500000;0.0058611;0.322;2.414;99255861;99255861;;2020-07-01;2027-06-30;2025-06-29;2026-06-29;Maturity;2028-06-29;2028-06-29;100.0;100.0;2.49;Domestic Non Government;0.0100;AAA;1.0000000;52510100;CH;000123
2026-01-30;SBR14D;SBI AAA-BBB D;CH0027441929;Duration;CHF;;;;;7.12;1988;;;;147140386;CH1471403860;CH47140386=S;0.75 GENF 25-35;100000000;99.0000000;0.2500000;0.858;9.331;99250000;99250000;;2025-10-01;2034-09-29;2025-09-30;2026-09-28;Maturity;2035-09-28;2035-09-28;100.0;100.0;9.74;Domestic Non Government;0.7500;AA;1.0000000;53015100;CH;001131
2026-01-30;SBR14D;SBI AAA-BBB D;CH0027441929;Duration;CHF;;;;;7.12;1988;;;;149462636;CH1494626364;CH49462636=S;1.147 KW LINTH 25-35;100000000;98.9500000;0.1753125;1.261;9.349;99125312;99125312;;2026-01-05;2034-12-29;2025-12-05;2026-12-05;Maturity;2035-12-05;2035-12-05;100.0;100.0;9.93;Domestic Non Government;1.1475;BBB;1.0000000;75510100;CH;003007
2026-01-30;SBR14D;SBI AAA-BBB D;CH0027441929;Duration;CHF;;;;;7.12;1988;;;;50607118;CH0506071189;CH50607118=S;0 GLARNERK 20-28;100000000;99.1000000;0.0000000;0.348;2.600;99100000;99100000;;2020-04-01;2027-09-30;2020-03-06;2020-09-06;Maturity;2028-09-06;2028-09-06;100.0;100.0;2.68;Domestic Non Government;0.0000;AA;1.0000000;52510100;CH;017104
2026-01-30;SBR14D;SBI AAA-BBB D;CH0027441929;Duration;CHF;;;;;7.12;1988;;;;59197964;CH0591979643;CH59197964=S;0 CDM 21-28;100000000;99.1000000;0.0000000;0.377;2.406;99100000;99100000;;2021-02-01;2027-06-30;2021-01-26;2021-06-26;Maturity;2028-06-26;2028-06-26;100.0;100.0;2.49;Foreign Government;0.0000;A;1.0000000;52015100;FR;015494
2026-01-30;SBR14D;SBI AAA-BBB D;CH0027441929;Duration;CHF;;;;;7.12;1988;;;;142393143;CH1423931430;CH42393143=S;0.85 REGBER 25-43;100000000;98.3000000;0.7390278;0.958;15.883;99039028;99039028;;2025-04-01;2042-03-31;2025-03-17;2026-03-17;Maturity;2043-03-17;2043-03-17;100.0;100.0;17.21;Domestic Non Government;0.8500;AAA;1.0000000;52010100;CH;021228
2026-01-30;SBR14D;SBI AAA-BBB D;CH0027441929;Duration;CHF;;;;;7.12;1988;;;;46311205;CH0463112059;CH46311205=S;0.55 MHB 19-34;100000000;98.4000000;0.4812500;0.754;7.928;98881250;98881250;;2019-04-01;2033-03-31;2025-03-15;2026-03-15;Maturity;2034-03-15;2034-03-15;100.0;100.0;8.21;Foreign Corporate;0.5500;AAA;1.0000000;61010100;DE;010705
2026-01-30;SBR14D;SBI AAA-BBB D;CH0027441929;Duration;CHF;;;;;7.12;1988;;;;113712280;CH1137122805;CH13712280=S;0 KT NE 21-29;100000000;98.8500000;0.0000000;0.309;3.747;98850000;98850000;;2021-11-01;2028-10-31;2021-10-29;2022-10-29;Maturity;2029-10-29;2029-10-29;100.0;100.0;3.83;Domestic Non Government;0.0000;AA;1.0000000;52515100;CH;001108
2026-01-30;SBR14D;SBI AAA-BBB D;CH0027441929;Duration;CHF;;;;;7.12;1988;;;;113740745;CH1137407453;CH13740745=S;0.125 MHB 21-29;100000000;98.8000000;0.0399306;0.454;3.673;98839931;98839931;;2021-12-01;2028-10-31;2025-10-05;2026-10-05;Maturity;2029-10-05;2029-10-05;100.0;100.0;3.76;Foreign Corporate;0.1250;AAA;1.0000000;61010100;DE;010705
2026-01-30;SBR14D;SBI AAA-BBB D;CH0027441929;Duration;CHF;;;;;7.12;1988;;;;49858903;CH0498589032;CH49858903=S;0.10 KT NE 19-49;125000000;79.0000000;0.0252778;1.111;23.427;98781597;98781597;;2019-11-01;2048-10-30;2025-10-29;2026-10-29;Maturity;2049-10-29;2049-10-29;100.0;100.0;23.83;Domestic Non Government;0.1000;AA;1.0000000;52515100;CH;001108
2026-01-30;SBR14D;SBI AAA-BBB D;CH0027441929;Duration;CHF;;;;;7.12;1988;;;;48850666;CH0488506665;CH48850666=S;0 PSP 19-30;100000000;98.7000000;0.0000000;0.326;4.017;98700000;98700000;;2019-10-01;2029-02-28;2020-02-06;2021-02-06;Maturity;2030-02-06;2030-02-06;100.0;100.0;4.10;Domestic Non Government;0.0000;A;1.0000000;76015100;CH;011129
2026-01-30;SBR14D;SBI AAA-BBB D;CH0027441929;Duration;CHF;;;;;7.12;1988;;;;41904153;CH0419041535;CH41904153=S;0.01 BDEDC 19-27;100000000;98.6500000;0.0032222;0.824;1.678;98653222;98653222;;2019-11-01;2026-10-30;2025-10-04;2026-10-04;Maturity;2027-10-04;2027-10-04;100.0;100.0;1.76;Foreign Corporate;0.0100;A;1.0000000;74010100;CL;020568
2026-01-30;SBR14D;SBI AAA-BBB D;CH0027441929;Duration;CHF;;;;;7.12;1988;;;;139632983;CH1396329836;CH39632983=S;0.80 PONF 24-33;100000000;98.5500000;0.0911111;0.992;7.665;98641111;98641111;;2025-01-03;2032-12-31;2025-12-19;2026-12-19;Maturity;2033-12-19;2033-12-19;100.0;100.0;7.97;Foreign Government;0.8000;A;1.0000000;52515100;CA;001483
2026-01-30;SBR14D;SBI AAA-BBB D;CH0027441929;Duration;CHF;;;;;7.12;1988;;;;56192387;CH0561923878;CH56192387=S;0 ZH 20-60;150000000;65.7500000;0.0000000;1.214;34.739;98625000;98625000;;2020-11-02;2059-10-31;2020-10-26;2021-10-26;Maturity;2060-10-26;2060-10-26;100.0;100.0;34.82;Domestic Non Government;0.0000;AAA;1.0000000;53015100;CH;001146
2026-01-30;SBR14D;SBI AAA-BBB D;CH0027441929;Duration;CHF;;;;;7.12;1988;;;;41904159;CH0419041592;CH41904159=S;0 SONOVA 19-29;100000000;98.6000000;0.0000000;0.382;3.697;98600000;98600000;;2019-11-01;2028-10-31;2019-10-11;2020-10-11;Maturity;2029-10-11;2029-10-11;100.0;100.0;3.78;Domestic Non Government;0.0000;A;1.0000000;73510100;CH;018470
2026-01-30;SBR14D;SBI AAA-BBB D;CH0027441929;Duration;CHF;;;;;7.12;1988;;;;111245576;CH1112455766;CH11245576=S;0.25 SCM 21-33;100000000;98.4000000;0.1750000;0.473;7.230;98575000;98575000;;2021-06-01;2032-05-31;2025-05-18;2026-05-18;Maturity;2033-05-18;2033-05-18;100.0;100.0;7.38;Domestic Non Government;0.2500;A;1.0000000;75010100;CH;010711
2026-01-30;SBR14D;SBI AAA-BBB D;CH0027441929;Duration;CHF;;;;;7.12;1988;;;;51515246;CH0515152467;CH51515246=S;0.13 SCM 20-31;100000000;98.5000000;0.0476667;0.400;5.614;98547667;98547667;;2020-10-01;2030-09-30;2025-09-18;2026-09-18;Maturity;2031-09-18;2031-09-18;100.0;100.0;5.71;Domestic Non Government;0.1300;A;1.0000000;75010100;CH;010711
2026-01-30;SBR14D;SBI AAA-BBB D;CH0027441929;Duration;CHF;;;;;7.12;1988;;;;41904143;CH0419041436;CH41904143=S;0 AKB 19-29;100000000;98.5000000;0.0000000;0.417;3.631;98500000;98500000;;2019-10-01;2028-09-29;2019-09-17;2020-09-17;Maturity;2029-09-17;2029-09-17;100.0;100.0;3.71;Domestic Non Government;0.0000;AAA;1.0000000;52510100;CH;000123
2026-01-30;SBR14D;SBI AAA-BBB D;CH0027441929;Duration;CHF;;;;;7.12;1988;;;;114170053;CH1141700539;CH14170053=S;0.10 GR KB 21-29;100000000;98.4500000;0.0147222;0.507;3.847;98464722;98464722;;2022-01-03;2028-12-29;2025-12-07;2026-12-07;Maturity;2029-12-07;2029-12-07;100.0;100.0;3.93;Domestic Non Government;0.1000;AA;1.0000000;52510100;CH;000346
2026-01-30;SBR14D;SBI AAA-BBB D;CH0027441929;Duration;CHF;;;;;7.12;1988;;;;147738415;CH1477384155;CH47738415=S;0.85 RHBAG 25-42;100000000;98.2500000;0.2125000;0.964;15.638;98462500;98462500;;2025-11-03;2041-10-31;2025-10-31;2026-10-31;Maturity;2042-10-31;2042-10-31;100.0;100.0;16.83;Domestic Non Government;0.8500;AAA;1.0000000;52010100;CH;020492
2026-01-30;SBR14D;SBI AAA-BBB D;CH0027441929;Duration;CHF;;;;;7.12;1988;;;;147766128;CH1477661289;CH477661289=S;0.55 GLARUSK 25-35;100000000;98.3500000;0.1084722;0.725;9.558;98458472;98458472;;2025-12-01;2034-11-30;2025-11-19;2026-11-19;Maturity;2035-11-19;2035-11-19;100.0;100.0;9.88;Domestic Non Government;0.5500;AA;1.0000000;52515100;CH;021276
2026-01-30;SBR14D;SBI AAA-BBB D;CH0027441929;Duration;CHF;;;;;7.12;1988;;;;142786665;CH1427866657;CH42786665=S;0.8365 KOM KR 25-41;100000000;97.7500000;0.7040542;0.997;14.186;98454054;98454054;;2025-04-01;2040-03-30;2025-03-27;2026-03-27;Maturity;2041-03-27;2041-03-27;100.0;100.0;15.24;Foreign Government;0.8365;AAA;1.0000000;52015100;DK;010343
2026-01-30;SBR14D;SBI AAA-BBB D;CH0027441929;Duration;CHF;;;;;7.12;1988;;;;48217240;CH0482172407;CH48217240=S;0.31 AIGE 19-29;100000000;98.2500000;0.1834167;0.833;3.390;98433417;98433417;;2019-07-01;2028-06-30;2025-06-27;2026-06-27;Maturity;2029-06-27;2029-06-27;100.0;100.0;3.49;Domestic Non Government;0.3100;A;1.0000000;72020100;CH;020608
2026-01-30;SBR14D;SBI AAA-BBB D;CH0027441929;Duration;CHF;;;;;7.12;1988;;;;50607129;CH0506071296;CH50607129=S;0 KT LU 20-30;100000000;98.4000000;0.0000000;0.361;4.481;98400000;98400000;;2020-08-03;2029-07-31;2020-07-23;2021-07-23;Maturity;2030-07-23;2030-07-23;100.0;100.0;4.56;Domestic Non Government;0.0000;AA;1.0000000;52515100;CH;001107
2026-01-30;SBR14D;SBI AAA-BBB D;CH0027441929;Duration;CHF;;;;;7.12;1988;;;;113193132;CH1131931326;CH13193132=S;0.10 PRIMEO 21-29;100000000;98.3000000;0.0338889;0.571;3.655;98333889;98333889;;2021-10-01;2028-09-29;2025-09-28;2026-09-28;Maturity;2029-09-28;2029-09-28;100.0;100.0;3.74;Domestic Non Government;0.1000;A;1.0000000;75510100;CH;020978
2026-01-30;SBR14D;SBI AAA-BBB D;CH0027441929;Duration;CHF;;;;;7.12;1988;;;;50314439;CH0503144393;CH50314439=S;0.25 BFCM 19-29;100000000;98.2000000;0.0666667;0.741;3.718;98266667;98266667;;2019-11-01;2028-10-31;2025-10-24;2026-10-24;Maturity;2029-10-24;2029-10-24;100.0;100.0;3.81;Foreign Corporate;0.2500;A;1.0000000;74010100;FR;012623
2026-01-30;SBR14D;SBI AAA-BBB D;CH0027441929;Duration;CHF;;;;;7.12;1988;;;;48526083;CH0485260837;CH48526083=S;0 GLARNERK 19-29;100000000;98.2000000;0.0000000;0.491;3.711;98200000;98200000;;2019-11-01;2028-10-31;2019-10-16;2020-10-16;Maturity;2029-10-16;2029-10-16;100.0;100.0;3.79;Domestic Non Government;0.0000;AA;1.0000000;52510100;CH;017104
2026-01-30;SBR14D;SBI AAA-BBB D;CH0027441929;Duration;CHF;;;;;7.12;1988;;;;41904162;CH0419041626;CH41904162=S;0 KBNW 19-29;100000000;98.1500000;0.0000000;0.497;3.764;98150000;98150000;;2019-12-02;2028-11-30;2019-11-05;2020-11-05;Maturity;2029-11-05;2029-11-05;100.0;100.0;3.84;Domestic Non Government;0.0000;AA;1.0000000;52510100;CH;020451
2026-01-30;SBR14D;SBI AAA-BBB D;CH0027441929;Duration;CHF;;;;;7.12;1988;;;;49473437;CH0494734376;CH49473437=S;0.25 BCI 19-29;100000000;98.0000000;0.0875000;0.808;3.635;98087500;98087500;;2019-10-01;2028-09-29;2025-09-24;2026-09-24;Maturity;2029-09-24;2029-09-24;100.0;100.0;3.73;Foreign Corporate;0.2500;A;1.0000000;74010100;CL;020134
2026-01-30;SBR14D;SBI AAA-BBB D;CH0027441929;Duration;CHF;;;;;7.12;1988;;;;41904152;CH0419041527;CH41904152=S;0 LANDESBK 19-29;100000000;97.9500000;0.0000000;0.568;3.658;97950000;97950000;;2019-10-01;2028-09-29;2019-09-27;2020-09-27;Maturity;2029-09-27;2029-09-27;100.0;100.0;3.74;Domestic Non Government;0.0000;AA;1.0000000;74010100;LI;002428
2026-01-30;SBR14D;SBI AAA-BBB D;CH0027441929;Duration;CHF;;;;;7.12;1988;;;;55041337;CH0550413378;CH55041337=S;0.35 LAU 20-32;100000000;97.7000000;0.1983333;0.717;6.359;97898333;97898333;;2020-08-03;2031-07-31;2025-07-06;2026-07-06;Maturity;2032-07-06;2032-07-06;100.0;100.0;6.51;Domestic Non Government;0.3500;AA;1.0000000;53015100;CH;001133
2026-01-30;SBR14D;SBI AAA-BBB D;CH0027441929;Duration;CHF;;;;;7.12;1988;;;;144645231;CH1446452315;CH44645231=S;1.10 BERN 25-52;100000000;97.1000000;0.7333333;1.230;22.771;97833333;97833333;;2025-06-02;2051-05-31;2025-05-30;2026-05-29;Maturity;2052-05-29;2052-05-29;100.0;100.0;26.41;Domestic Non Government;1.1000;AA;1.0000000;53015100;CH;001126
2026-01-30;SBR14D;SBI AAA-BBB D;CH0027441929;Duration;CHF;;;;;7.12;1988;;;;52215894;CH0522158945;CH52215894=S;0.10 AKB 21-30;100000000;97.8000000;0.0141667;0.560;4.848;97814167;97814167;;2022-01-03;2029-12-31;2025-12-09;2026-12-09;Maturity;2030-12-09;2030-12-09;100.0;100.0;4.94;Domestic Non Government;0.1000;AAA;1.0000000;52510100;CH;000123
2026-01-30;SBR14D;SBI AAA-BBB D;CH0027441929;Duration;CHF;;;;;7.12;1988;;;;52215889;CH0522158895;CH52215889=S;0 KT LU 21-31;100000000;97.7500000;0.0000000;0.422;5.403;97750000;97750000;;2021-07-01;2030-06-28;2021-06-25;2022-06-25;Maturity;2031-06-25;2031-06-25;100.0;100.0;5.48;Domestic Non Government;0.0000;AA;1.0000000;52515100;CH;001107
2026-01-30;SBR14D;SBI AAA-BBB D;CH0027441929;Duration;CHF;;;;;7.12;1988;;;;41904092;CH0419040925;CH41904092=S;1.05 LAU 19-44;100000000;96.7500000;0.9420833;1.252;16.390;97692083;97692083;;2019-04-01;2043-03-31;2025-03-07;2026-03-07;Maturity;2044-03-07;2044-03-07;100.0;100.0;18.18;Domestic Non Government;1.0500;AA;1.0000000;53015100;CH;001133
2026-01-30;SBR14D;SBI AAA-BBB D;CH0027441929;Duration;CHF;;;;;7.12;1988;;;;49663262;CH0496632628;CH49663262=S;0.135 BS 19-29;100000000;97.6000000;0.0566250;0.818;3.572;97656625;97656625;;2019-10-01;2028-05-31;2025-08-29;2026-08-29;Maturity;2029-05-29;2029-08-29;100.0;100.0;3.41;Foreign Corporate;0.1350;A;1.0000000;74010100;CL;015324
2026-01-30;SBR14D;SBI AAA-BBB D;CH0027441929;Duration;CHF;;;;;7.12;1988;;;;33093890;CH0330938900;CH33093890=S;0 RHBAG 16-31;100000000;97.5500000;0.0000000;0.445;5.586;97550000;97550000;;2016-10-03;2030-09-30;2019-09-01;2020-09-01;Maturity;2031-09-01;2031-09-01;100.0;100.0;5.67;Domestic Non Government;0.0000;AAA;1.0000000;52010100;CH;020492
2026-01-30;SBR14D;SBI AAA-BBB D;CH0027441929;Duration;CHF;;;;;7.12;1988;;;;36153290;CH0361532903;CH36153290=S;0.75 KSAARAU 17-32;100000000;96.9500000;0.5041667;1.254;6.170;97454167;97454167;;2017-08-02;2031-05-30;2025-05-28;2026-05-28;Maturity;2032-05-28;2032-05-28;100.0;100.0;6.41;Domestic Non Government;0.7500;AA;1.0000000;73510100;CH;020584
2026-01-30;SBR14D;SBI AAA-BBB D;CH0027441929;Duration;CHF;;;;;7.12;1988;;;;57773430;CH0577734301;CH57773430=S;0 SZ KB 20-30;100000000;97.2500000;0.0000000;0.584;4.786;97250000;97250000;;2020-12-01;2029-11-30;2020-11-13;2021-11-13;Maturity;2030-11-13;2030-11-13;100.0;100.0;4.87;Domestic Non Government;0.0000;AA;1.0000000;52510100;CH;002996
2026-01-30;SBR14D;SBI AAA-BBB D;CH0027441929;Duration;CHF;;;;;7.12;1988;;;;59309321;CH0593093211;CH59309321=S;0.125 KW OBERH 21-31;100000000;97.0500000;0.1177083;0.721;5.039;97167708;97167708;;2021-03-01;2030-02-28;2025-02-21;2026-02-21;Maturity;2031-02-21;2031-02-21;100.0;100.0;5.14;Domestic Non Government;0.1250;A;1.0000000;75510100;CH;003002
2026-01-30;SBR14D;SBI AAA-BBB D;CH0027441929;Duration;CHF;;;;;7.12;1988;;;;53689346;CH0536893461;CH53689346=S;0.10 BQCJURA 20-31;100000000;97.1500000;0.0016667;0.684;4.973;97151667;97151667;;2020-11-02;2030-01-31;2026-01-24;2027-01-24;Maturity;2031-01-24;2031-01-24;100.0;100.0;5.06;Domestic Non Government;0.1000;AA;1.0000000;52510100;CH;000458
2026-01-30;SBR14D;SBI AAA-BBB D;CH0027441929;Duration;CHF;;;;;7.12;1988;;;;51515247;CH0515152475;CH51515247=S;0.16 PSP 21-31;100000000;97.0500000;0.0595556;0.696;5.603;97109556;97109556;;2021-10-01;2030-09-30;2025-09-16;2026-09-16;Maturity;2031-09-16;2031-09-16;100.0;100.0;5.71;Domestic Non Government;0.1600;A;1.0000000;76015100;CH;011129
2026-01-30;SBR14D;SBI AAA-BBB D;CH0027441929;Duration;CHF;;;;;7.12;1988;;;;45114141;CH0451141417;CH45114141=S;0.95 ZH 18-42;100000000;97.0000000;0.1081944;1.146;15.641;97108194;97108194;;2018-12-18;2041-12-31;2025-12-19;2026-12-19;Maturity;2042-12-19;2042-12-19;100.0;100.0;16.97;Domestic Non Government;0.9500;AAA;1.0000000;53015100;CH;001146
2026-01-30;SBR14D;SBI AAA-BBB D;CH0027441929;Duration;CHF;;;;;7.12;1988;;;;138392475;CH1383924755;CH38392475=S;1 BERN 25-45;100000000;96.1000000;0.9222222;1.231;17.257;97022222;97022222;;2025-03-03;2044-02-29;2025-02-28;2026-02-28;Maturity;2045-02-28;2045-02-28;100.0;100.0;19.16;Domestic Non Government;1.0000;AA;1.0000000;53015100;CH;001126
2026-01-30;SBR14D;SBI AAA-BBB D;CH0027441929;Duration;CHF;;;;;7.12;1988;;;;36153312;CH0361533125;CH36153312=S;0.625 MFP 17-38;100000000;96.5500000;0.3020833;0.918;12.032;96852083;96852083;;2017-09-01;2037-08-31;2025-08-06;2026-08-06;Maturity;2038-08-06;2038-08-06;100.0;100.0;12.60;Foreign Government;0.6250;AA;1.0000000;52015100;FI;016793
2026-01-30;SBR14D;SBI AAA-BBB D;CH0027441929;Duration;CHF;;;;;7.12;1988;;;;41904160;CH0419041600;CH41904160=S;0.40 SONOVA 19-34;100000000;96.5000000;0.1211111;0.819;8.552;96621111;96621111;;2019-11-01;2033-10-31;2025-10-11;2026-10-11;Maturity;2034-10-11;2034-10-11;100.0;100.0;8.78;Domestic Non Government;0.4000;A;1.0000000;73510100;CH;018470
2026-01-30;SBR14D;SBI AAA-BBB D;CH0027441929;Duration;CHF;;;;;7.12;1988;;;;145832040;CH1458320400;CH45832040=S;0.992 KT TI 25-50;100000000;96.0000000;0.2481250;1.180;21.941;96248125;96248125;;2025-11-03;2049-10-29;2025-10-31;2026-10-31;Maturity;2050-10-31;2050-10-31;100.0;100.0;24.83;Domestic Non Government;0.9925;AA;1.0000000;52515100;CH;001111
2026-01-30;SBR14D;SBI AAA-BBB D;CH0027441929;Duration;CHF;;;;;7.12;1988;;;;38001157;CH0380011574;CH38001157=S;0.60 STGA 17-37;100000000;95.9500000;0.2150000;0.970;11.245;96165000;96165000;;2017-10-02;2036-09-30;2025-09-21;2026-09-21;Maturity;2037-09-21;2037-09-21;100.0;100.0;11.72;Domestic Non Government;0.6000;AA;1.0000000;53015100;CH;002369
2026-01-30;SBR14D;SBI AAA-BBB D;CH0027441929;Duration;CHF;;;;;7.12;1988;;;;113193131;CH1131931318;CH13193131=S;0.20 WWZ  21-33;100000000;96.0000000;0.0672222;0.739;7.607;96067222;96067222;;2021-10-01;2032-09-30;2025-09-29;2026-09-29;Maturity;2033-09-29;2033-09-29;100.0;100.0;7.74;Domestic Non Government;0.2000;AA;1.0000000;75510100;CH;020977
2026-01-30;SBR14D;SBI AAA-BBB D;CH0027441929;Duration;CHF;;;;;7.12;1988;;;;36274829;CH0362748292;CH36274829=S;0.55 ZH 17-37;100000000;95.6500000;0.4002778;0.959;10.907;96050278;96050278;;2017-05-17;2036-05-30;2025-05-08;2026-05-08;Maturity;2037-05-08;2037-05-08;100.0;100.0;11.35;Domestic Non Government;0.5500;AAA;1.0000000;53015100;CH;001146
2026-01-30;SBR14D;SBI AAA-BBB D;CH0027441929;Duration;CHF;;;;;7.12;1988;;;;46123900;CH0461239003;CH46123900=S;0.125 NBRNS 19-32;100000000;95.7000000;0.0187500;0.772;6.823;95718750;95718750;;2020-01-03;2031-12-31;2025-12-06;2026-12-06;Maturity;2032-12-06;2032-12-06;100.0;100.0;6.93;Foreign Government;0.1250;A;1.0000000;52515100;CA;001482
2026-01-30;SBR14D;SBI AAA-BBB D;CH0027441929;Duration;CHF;;;;;7.12;1988;;;;52066360;CH0520663607;CH52066360=S;0 TPG 20-32;100000000;95.6000000;0.0000000;0.744;6.067;95600000;95600000;;2020-03-02;2031-02-28;2020-02-24;2021-02-24;Maturity;2032-02-24;2032-02-24;100.0;100.0;6.15;Domestic Non Government;0.0000;AA;1.0000000;52010100;CH;003187
2026-01-30;SBR14D;SBI AAA-BBB D;CH0027441929;Duration;CHF;;;;;7.12;1988;;;;135301509;CH1353015097;CH35301509=S;1.060 STGA 24-51;100000000;95.2500000;0.2650000;1.278;22.513;95515000;95515000;;2024-11-01;2050-10-31;2025-10-30;2026-10-30;Maturity;2051-10-30;2051-10-30;100.0;100.0;25.83;Domestic Non Government;1.0600;AA;1.0000000;53015100;CH;002369
2026-01-30;SBR14D;SBI AAA-BBB D;CH0027441929;Duration;CHF;;;;;7.12;1988;;;;138119709;CH1381197099;CH38119709=S;0.948 KT TI 24-51;100000000;95.1000000;0.1790667;1.169;22.885;95279067;95279067;;2024-12-02;2050-11-30;2025-11-22;2026-11-22;Maturity;2051-11-22;2051-11-22;100.0;100.0;25.89;Domestic Non Government;0.9480;AA;1.0000000;52515100;CH;001111
2026-01-30;SBR14D;SBI AAA-BBB D;CH0027441929;Duration;CHF;;;;;7.12;1988;;;;37347610;CH0373476107;CH37347610=S;0.70 ZH 17-39;100000000;95.0000000;0.1283333;1.092;13.181;95128333;95128333;;2017-12-01;2038-11-30;2025-11-24;2026-11-24;Maturity;2039-11-24;2039-11-24;100.0;100.0;13.90;Domestic Non Government;0.7000;AAA;1.0000000;53015100;CH;001146
2026-01-30;SBR14D;SBI AAA-BBB D;CH0027441929;Duration;CHF;;;;;7.12;1988;;;;138091026;CH1380910260;CH38091026=S;1.25 LAU 24-64;100000000;94.7500000;0.2777778;1.427;30.618;95027778;95027778;;2024-11-19;2063-11-30;2025-11-10;2026-11-10;Maturity;2064-11-10;2064-11-10;100.0;100.0;38.86;Domestic Non Government;1.2500;AA;1.0000000;53015100;CH;001133
2026-01-30;SBR14D;SBI AAA-BBB D;CH0027441929;Duration;CHF;;;;;7.12;1988;;;;36153323;CH0361533232;CH36153323=S;0.875 LAU 17-42;100000000;94.6000000;0.2770833;1.235;15.512;94877083;94877083;;2017-11-01;2041-10-31;2025-10-06;2026-10-06;Maturity;2042-10-06;2042-10-06;100.0;100.0;16.76;Domestic Non Government;0.8750;AA;1.0000000;53015100;CH;001133
2026-01-30;SBR14D;SBI AAA-BBB D;CH0027441929;Duration;CHF;;;;;7.12;1988;;;;58029196;CH0580291968;CH58029196=S;0.245 SCM 20-34;100000000;94.7000000;0.0476389;0.873;8.715;94747639;94747639;;2020-12-01;2033-11-30;2025-11-20;2026-11-20;Maturity;2034-11-20;2034-11-20;100.0;100.0;8.89;Domestic Non Government;0.2450;A;1.0000000;75010100;CH;010711
2026-01-30;SBR14D;SBI AAA-BBB D;CH0027441929;Duration;CHF;;;;;7.12;1988;;;;46123903;CH0461239037;CH46123903=S;0.05 BKB 19-33;100000000;94.4500000;0.0056944;0.778;7.872;94455694;94455694;;2020-01-03;2032-12-31;2025-12-19;2026-12-19;Maturity;2033-12-19;2033-12-19;100.0;100.0;7.97;Domestic Non Government;0.0500;AA;1.0000000;52510100;CH;002929
2026-01-30;SBR14D;SBI AAA-BBB D;CH0027441929;Duration;CHF;;;;;7.12;1988;;;;49473433;CH0494734335;CH49473433=S;0 SCM 19-44;125000000;75.0000000;0.0000000;1.560;18.583;93750000;93750000;;2019-09-02;2043-05-29;2019-08-30;2020-08-30;Maturity;2044-05-30;2044-08-30;100.0;100.0;18.41;Domestic Non Government;0.0000;A;1.0000000;75010100;CH;010711
2026-01-30;SBR14D;SBI AAA-BBB D;CH0027441929;Duration;CHF;;;;;7.12;1988;;;;32621395;CH0326213953;CH32621395=S;0.75 KSPITALZH 16-36;100000000;93.2500000;0.3791667;1.448;10.075;93629167;93629167;;2017-06-01;2035-07-31;2025-07-28;2026-07-28;Maturity;2036-07-28;2036-07-28;100.0;100.0;10.57;Domestic Non Government;0.7500;AA;1.0000000;73510100;CH;021051
2026-01-30;SBR14D;SBI AAA-BBB D;CH0027441929;Duration;CHF;;;;;7.12;1988;;;;53726186;CH0537261866;CH53726186=S;0.70 MANIT 20-40;100000000;93.0000000;0.5444444;1.240;13.479;93544444;93544444;;2020-05-04;2039-04-29;2025-04-20;2026-04-20;Maturity;2040-04-20;2040-04-20;100.0;100.0;14.30;Foreign Government;0.7000;A;1.0000000;52515100;CA;001478
2026-01-30;SBR14D;SBI AAA-BBB D;CH0027441929;Duration;CHF;;;;;7.12;1988;;;;53726184;CH0537261841;CH53726184=S;0.56 STGA 20-40;100000000;92.9000000;0.4308889;1.102;13.631;93330889;93330889;;2020-05-04;2039-04-29;2025-04-23;2026-04-23;Maturity;2040-04-23;2040-04-23;100.0;100.0;14.31;Domestic Non Government;0.5600;AA;1.0000000;53015100;CH;002369
2026-01-30;SBR14D;SBI AAA-BBB D;CH0027441929;Duration;CHF;;;;;7.12;1988;;;;41904150;CH0419041501;CH41904150=S;0.05 SWISSGRID 19-50;125000000;74.6000000;0.0291667;1.266;24.235;93286458;93286458;;2019-10-01;2049-06-30;2025-06-30;2026-06-30;Maturity;2050-06-30;2050-06-30;100.0;100.0;24.50;Domestic Non Government;0.0500;AA;1.0000000;75510100;CH;019851
2026-01-30;SBR14D;SBI AAA-BBB D;CH0027441929;Duration;CHF;;;;;7.12;1988;;;;113081881;CH1130818813;CH13081881=S;0 RHBAG 21-36;100000000;91.7500000;0.0000000;0.811;10.664;91750000;91750000;;2021-10-01;2035-09-28;2021-09-29;2022-09-29;Maturity;2036-09-29;2036-09-29;100.0;100.0;10.74;Domestic Non Government;0.0000;AAA;1.0000000;52010100;CH;020492
2026-01-30;SBR14D;SBI AAA-BBB D;CH0027441929;Duration;CHF;;;;;7.12;1988;;;;112229023;CH1122290237;CH12229023=S;0.05 MHB 21-36;100000000;90.7500000;0.0231944;0.978;10.507;90773194;90773194;;2021-09-01;2035-08-31;2025-08-13;2026-08-13;Maturity;2036-08-13;2036-08-13;100.0;100.0;10.62;Foreign Corporate;0.0500;AAA;1.0000000;61010100;DE;010705
2026-01-30;SBR14D;SBI AAA-BBB D;CH0027441929;Duration;CHF;;;;;7.12;1988;;;;112905382;CH1129053828;CH12905382=S;0.20 SWISSGRID 21-40;100000000;87.4000000;0.1172222;1.154;14.186;87517222;87517222;;2021-10-01;2039-06-30;2025-06-29;2026-06-29;Maturity;2040-06-29;2040-06-29;100.0;100.0;14.49;Domestic Non Government;0.2000;AA;1.0000000;75510100;CH;019851
2026-01-30;SBR14D;SBI AAA-BBB D;CH0027441929;Duration;CHF;;;;;7.12;1988;;;;59389398;CH0593893982;CH59389398=S;0.002 NLW 21-41;100000000;85.4500000;0.0018111;1.049;15.092;85451811;85451811;;2021-04-01;2040-03-30;2025-03-04;2026-03-04;Maturity;2041-03-04;2041-03-04;100.0;100.0;15.18;Foreign Government;0.0020;AAA;1.0000000;52015100;NL;010359
2026-01-30;SBR14D;SBI AAA-BBB D;CH0027441929;Duration;CHF;;;;;7.12;1988;;;;41904148;CH0419041485;CH41904148=S;0.10 BE KB 19-39;100000000;84.9000000;0.0333333;1.314;13.566;84933333;84933333;;2019-10-01;2038-09-30;2025-09-30;2026-09-30;Maturity;2039-09-30;2039-09-30;100.0;100.0;13.75;Domestic Non Government;0.1000;A;1.0000000;74010100;CH;000221
2026-01-30;SBR14D;SBI AAA-BBB D;CH0027441929;Duration;CHF;;;;;7.12;1988;;;;57913291;CH0579132918;CH57913291=S;0.15 St. LU 20-70;140000000;60.4000000;0.0258333;1.328;42.797;84596167;84596167;;2020-12-01;2069-11-29;2025-11-28;2026-11-28;Maturity;2070-11-28;2070-11-28;100.0;100.0;44.91;Domestic Non Government;0.1500;AA;1.0000000;53015100;CH;001136
2026-01-30;SBR14D;SBI AAA-BBB D;CH0027441929;Duration;CHF;;;;;7.12;1988;;;;55041338;CH0550413386;CH55041338=S;0.60 LAU 20-50;100000000;84.1500000;0.3400000;1.367;22.519;84490000;84490000;;2020-08-03;2049-07-30;2025-07-06;2026-07-06;Maturity;2050-07-06;2050-07-06;100.0;100.0;24.51;Domestic Non Government;0.6000;AA;1.0000000;53015100;CH;001133
2026-01-30;SBR14D;SBI AAA-BBB D;CH0027441929;Duration;CHF;;;;;7.12;1988;;;;41904132;CH0419041329;CH41904132=S;0.485 NBS 19-44;100000000;84.1000000;0.2680972;1.476;17.547;84368097;84368097;;2019-08-02;2043-07-31;2025-07-11;2026-07-11;Maturity;2044-07-11;2044-07-11;100.0;100.0;18.53;Foreign Corporate;0.4850;AAA;1.0000000;61515100;GB;012109
2026-01-30;SBR14D;SBI AAA-BBB D;CH0027441929;Duration;CHF;;;;;7.12;1988;;;;55199070;CH0551990705;CH55199070=S;0.35 KT NE 20-50;100000000;83.3000000;0.1905556;1.136;23.306;83490556;83490556;;2020-07-21;2049-07-30;2025-07-14;2026-07-14;Maturity;2050-07-14;2050-07-14;100.0;100.0;24.54;Domestic Non Government;0.3500;AA;1.0000000;52515100;CH;001108
2026-01-30;SBR14D;SBI AAA-BBB D;CH0027441929;Duration;CHF;;;;;7.12;1988;;;;56805621;CH0568056219;CH56805621=S;0.14 STGA 20-44;100000000;81.8500000;0.0521111;1.237;18.357;81902111;81902111;;2020-09-15;2043-09-30;2025-09-16;2026-09-16;Maturity;2044-09-16;2044-09-16;100.0;100.0;18.71;Domestic Non Government;0.1400;AA;1.0000000;53015100;CH;002369
2026-01-30;SBR14D;SBI AAA-BBB D;CH0027441929;Duration;CHF;;;;;7.12;1988;;;;116713484;CH1167134845;CH16713484=S;0.68 LAU 22-58;100000000;80.9500000;0.6025556;1.423;28.294;81552556;81552556;;2022-04-01;2057-03-30;2025-03-11;2026-03-11;Maturity;2058-03-11;2058-03-11;100.0;100.0;32.19;Domestic Non Government;0.6800;AA;1.0000000;53015100;CH;001133
2026-01-30;SBR14D;SBI AAA-BBB D;CH0027441929;Duration;CHF;;;;;7.12;1988;;;;57057630;CH0570576303;CH57057630=S;0.60 LAU 20-56;100000000;79.3500000;0.1000000;1.433;27.794;79450000;79450000;;2020-12-01;2055-11-30;2025-11-30;2026-11-30;Maturity;2056-11-30;2056-11-30;100.0;100.0;30.91;Domestic Non Government;0.6000;AA;1.0000000;53015100;CH;001133
2026-01-30;SBR14D;SBI AAA-BBB D;CH0027441929;Duration;CHF;;;;;7.12;1988;;;;55333183;CH0553331833;CH55333183=S;0.05 RHBAG 20-50;100000000;78.6000000;0.0245833;1.044;24.333;78624583;78624583;;2020-09-01;2049-08-31;2025-08-03;2026-08-03;Maturity;2050-08-03;2050-08-03;100.0;100.0;24.59;Domestic Non Government;0.0500;AAA;1.0000000;52010100;CH;020492
2026-01-30;SBR14D;SBI AAA-BBB D;CH0027441929;Duration;CHF;;;;;7.12;1988;;;;114194445;CH1141944459;CH14194445=S;0.54 LAU 21-62;100000000;75.2000000;0.1260000;1.409;32.726;75326000;75326000;;2021-12-01;2061-11-30;2025-11-06;2026-11-06;Maturity;2062-11-06;2062-11-06;100.0;100.0;36.85;Domestic Non Government;0.5400;AA;1.0000000;53015100;CH;001133
2026-01-30;SBR14D;SBI AAA-BBB D;CH0027441929;Duration;CHF;;;;;7.12;1988;;;;57600587;CH0576005877;CH57600587=S;0.23 LAU 20-60;100000000;68.1000000;0.0575000;1.394;33.036;68157500;68157500;;2020-11-02;2059-11-28;2025-10-30;2026-10-30;Maturity;2060-11-01;2060-11-01;100.0;100.0;34.83;Domestic Non Government;0.2300;AA;1.0000000;53015100;CH;001133
2026-01-30;SBR14D;SBI AAA-BBB D;CH0027441929;Duration;CHF;;;;;7.12;1988;;;;49473440;CH0494734400;CH49473440=S;0.05 LAU 19-54;100000000;67.7500000;0.0169444;1.429;28.399;67766944;67766944;;2019-10-01;2053-09-30;2025-09-28;2026-09-28;Maturity;2054-09-28;2054-09-28;100.0;100.0;28.74;Domestic Non Government;0.0500;AA;1.0000000;53015100;CH;001133
2026-01-30;SBR14D;SBI AAA-BBB D;CH0027441929;Duration;CHF;;;;;7.12;1988;;;;57251550;CH0572515507;CH57251550=S;0.04 BERN 20-70;100000000;58.3500000;0.0131111;1.267;44.106;58363111;58363111;;2020-10-20;2069-10-31;2025-10-02;2026-10-02;Maturity;2070-10-02;2070-10-02;100.0;100.0;44.75;Domestic Non Government;0.0400;AA;1.0000000;53015100;CH;001126
